stage,primary_quantity,recomputed_value,artifact_family
output_conditioning,retained_scalar_outputs,9954.0,output_conditioning
output_conditioning,retained_pca_components,17.0,output_conditioning
empirical_null_screening,retained_terms,70.0,empirical_null_screen
interaction_discovery,retained_pairs,272.0,interaction_discovery
nonlinear_discovery,retained_transformations,25.0,nonlinear_discovery
sparse_selection_and_stability,final_stable_support_terms,360.0,sparse_selection
final_inferential_filter,hc3_retained_terms,360.0,final_manuscript_artifacts
feature_pruning,removed_terms_after_hc3,115.0,final_manuscript_artifacts
final_ols,holdout_nrmse,0.06788955117319458,final_manuscript_artifacts
