,factors
0,AHC.Debt Interest Rate as pct[HEFA]
1,AHC.FCI  sensi multiplier[HEFA]
2,AHC.FCI  sensi multiplier[HTL]
3,AHC.Mature Industry Rate of Return as PCT[HEFA]
4,AHC.Mature Industry Rate of Return as PCT[HTL]
5,AHC.ORNOOC sensi multiplier[HTL]
6,AHC.PY sensi multiplier[HEFA]
7,AHC.PY sensi multiplier[HTL]
8,AHC.initial indices of Commercial Maturity[HEFA]
9,AHC.initial indices of Commercial Maturity[HTL]
10,CHC.Debt Interest Rate as pct[Thermochem]
11,CHC.FCI  sensi multiplier[Biochem]
12,CHC.FCI  sensi multiplier[Brownfield]
13,CHC.FCI  sensi multiplier[Thermochem]
14,CHC.Mature Industry Rate of Return as PCT[Biochem]
15,CHC.Mature Industry Rate of Return as PCT[Brownfield]
16,CHC.Mature Industry Rate of Return as PCT[Thermochem]
17,CHC.ORNOOC sensi multiplier[Thermochem]
18,CHC.PY sensi multiplier[Biochem]
19,CHC.PY sensi multiplier[Brownfield]
20,CHC.PY sensi multiplier[Thermochem]
21,CHC.initial indices of Commercial Maturity[Biochem]
22,CHC.initial indices of Commercial Maturity[Brownfield]
23,CHC.initial indices of Commercial Maturity[Thermochem]
24,CHC.progress ratios commercial[Thermochem]
25,OHC.FCI  sensi multiplier[HEFA]
26,OHC.Mature Industry Rate of Return as PCT[HEFA]
27,OHC.ORNOOC sensi multiplier[HEFABrownfield]
28,OHC.ORNOOC sensi multiplier[HEFA]
29,OHC.PY sensi multiplier[HEFABrownfield]
30,OHC.PY sensi multiplier[HEFA]
31,"OHC.Policy Duration[Price,HEFABrownfield]"
32,"OHC.Policy Duration[Price,HEFA]"
33,"OHC.Policy Duration[Price,TransEster]"
34,OHC.Retirement Frac[TransEster]
35,OHC.initial indices of Commercial Maturity[HEFABrownfield]
36,OHC.initial indices of Commercial Maturity[HEFA]
37,OHC.progress ratios commercial[HEFABrownfield]
38,OHC.progress ratios commercial[HEFA]
39,SE.FCI  sensi multiplier[Jet]
40,SE.Mature Industry Rate of Return as PCT[Jet]
41,SE.Max Jet Investment Hit Rate
42,SE.ORNOOC sensi multiplier[Jet]
43,SE.PY sensi multiplier[Jet]
44,"SE.Policy Duration[Price,Jet]"
45,SE.initial indices of Commercial Maturity[Jet]
46,SE.progress ratios commercial[Jet]
47,WW.FCI  sensi multiplier[ManureToHTL]
48,WW.FCI  sensi multiplier[SludgeToHTL]
49,WW.Mature Industry Rate of Return as PCT[ManureToHTL]
50,WW.Mature Industry Rate of Return as PCT[SludgeToHTL]
51,WW.ORNOOC sensi multiplier[ManureToHTL]
52,WW.ORNOOC sensi multiplier[SludgeToHTL]
53,WW.PY sensi multiplier[ManureToHTL]
54,WW.PY sensi multiplier[SludgeToHTL]
55,"WW.Policy Duration[Price,SludgeToHTL]"
56,WW.initial indices of Commercial Maturity[SludgeToHTL]
57,WW.progress ratios commercial[ManureToHTL]
58,WW.progress ratios commercial[SludgeToHTL]
59,AFSC
60,UAEORO
61,WW.initial indices of Commercial Maturity[ManureToHTL]*WW.Mature Industry Rate of Return as PCT[ManureToHTL]
62,WW.initial indices of Commercial Maturity[ManureToHTL]*WW.PY sensi multiplier[ManureToHTL]
63,WW.initial indices of Commercial Maturity[ManureToHTL]*WW.ORNOOC sensi multiplier[ManureToHTL]
64,WW.initial indices of Commercial Maturity[ManureToHTL]*WW.FCI  sensi multiplier[ManureToHTL]
65,WW.initial indices of Commercial Maturity[SludgeToHTL]*WW.progress ratios commercial[SludgeToHTL]
66,WW.initial indices of Commercial Maturity[SludgeToHTL]*WW.Mature Industry Rate of Return as PCT[SludgeToHTL]
67,WW.initial indices of Commercial Maturity[SludgeToHTL]*WW.PY sensi multiplier[SludgeToHTL]
68,WW.initial indices of Commercial Maturity[SludgeToHTL]*WW.ORNOOC sensi multiplier[SludgeToHTL]
69,WW.initial indices of Commercial Maturity[SludgeToHTL]*AHC.initial indices of Commercial Maturity[HTL]
70,WW.progress ratios commercial[ManureToHTL]*WW.Mature Industry Rate of Return as PCT[ManureToHTL]
71,WW.progress ratios commercial[ManureToHTL]*WW.PY sensi multiplier[ManureToHTL]
72,WW.progress ratios commercial[SludgeToHTL]*WW.Mature Industry Rate of Return as PCT[SludgeToHTL]
73,WW.progress ratios commercial[SludgeToHTL]*WW.PY sensi multiplier[SludgeToHTL]
74,WW.progress ratios commercial[SludgeToHTL]*WW.ORNOOC sensi multiplier[SludgeToHTL]
75,WW.progress ratios commercial[SludgeToHTL]*WW.FCI  sensi multiplier[SludgeToHTL]
76,WW.progress ratios commercial[SludgeToHTL]*AHC.initial indices of Commercial Maturity[HTL]
77,WW.progress ratios commercial[SludgeToHTL]*AHC.Mature Industry Rate of Return as PCT[HTL]
78,WW.progress ratios commercial[SludgeToHTL]*AHC.PY sensi multiplier[HTL]
79,WW.progress ratios commercial[SludgeToHTL]*AHC.FCI  sensi multiplier[HTL]
80,WW.progress ratios commercial[SludgeToHTL]*OHC.Mature Industry Rate of Return as PCT[HEFA]
81,WW.progress ratios commercial[SludgeToHTL]*OHC.PY sensi multiplier[HEFA]
82,WW.progress ratios commercial[SludgeToHTL]*OHC.PY sensi multiplier[HEFABrownfield]
83,WW.progress ratios commercial[SludgeToHTL]*CHC.initial indices of Commercial Maturity[Thermochem]
84,WW.progress ratios commercial[SludgeToHTL]*CHC.progress ratios commercial[Thermochem]
85,WW.progress ratios commercial[SludgeToHTL]*CHC.Mature Industry Rate of Return as PCT[Thermochem]
86,WW.progress ratios commercial[SludgeToHTL]*CHC.PY sensi multiplier[Thermochem]
87,WW.progress ratios commercial[SludgeToHTL]*CHC.FCI  sensi multiplier[Thermochem]
88,WW.progress ratios commercial[SludgeToHTL]*SE.Mature Industry Rate of Return as PCT[Jet]
89,WW.progress ratios commercial[SludgeToHTL]*SE.PY sensi multiplier[Jet]
90,WW.progress ratios commercial[SludgeToHTL]*SE.Max Jet Investment Hit Rate
91,WW.progress ratios commercial[SludgeToHTL]*AFSC
92,WW.progress ratios commercial[SludgeToHTL]*UAEORO
93,WW.Mature Industry Rate of Return as PCT[ManureToHTL]*WW.Mature Industry Rate of Return as PCT[SludgeToHTL]
94,WW.Mature Industry Rate of Return as PCT[ManureToHTL]*WW.PY sensi multiplier[ManureToHTL]
95,WW.Mature Industry Rate of Return as PCT[ManureToHTL]*WW.PY sensi multiplier[SludgeToHTL]
96,WW.Mature Industry Rate of Return as PCT[ManureToHTL]*WW.ORNOOC sensi multiplier[ManureToHTL]
97,WW.Mature Industry Rate of Return as PCT[ManureToHTL]*WW.FCI  sensi multiplier[ManureToHTL]
98,WW.Mature Industry Rate of Return as PCT[ManureToHTL]*CHC.Mature Industry Rate of Return as PCT[Thermochem]
99,WW.Mature Industry Rate of Return as PCT[ManureToHTL]*CHC.PY sensi multiplier[Thermochem]
100,WW.Mature Industry Rate of Return as PCT[ManureToHTL]*SE.Max Jet Investment Hit Rate
101,WW.Mature Industry Rate of Return as PCT[ManureToHTL]*UAEORO
102,WW.Mature Industry Rate of Return as PCT[SludgeToHTL]*WW.PY sensi multiplier[ManureToHTL]
103,WW.Mature Industry Rate of Return as PCT[SludgeToHTL]*WW.PY sensi multiplier[SludgeToHTL]
104,WW.Mature Industry Rate of Return as PCT[SludgeToHTL]*WW.ORNOOC sensi multiplier[SludgeToHTL]
105,WW.Mature Industry Rate of Return as PCT[SludgeToHTL]*WW.FCI  sensi multiplier[SludgeToHTL]
106,WW.Mature Industry Rate of Return as PCT[SludgeToHTL]*AHC.initial indices of Commercial Maturity[HTL]
107,WW.Mature Industry Rate of Return as PCT[SludgeToHTL]*AHC.Mature Industry Rate of Return as PCT[HTL]
108,WW.Mature Industry Rate of Return as PCT[SludgeToHTL]*AHC.PY sensi multiplier[HTL]
109,WW.Mature Industry Rate of Return as PCT[SludgeToHTL]*OHC.progress ratios commercial[HEFA]
110,WW.Mature Industry Rate of Return as PCT[SludgeToHTL]*OHC.PY sensi multiplier[HEFA]
111,WW.Mature Industry Rate of Return as PCT[SludgeToHTL]*OHC.PY sensi multiplier[HEFABrownfield]
112,WW.Mature Industry Rate of Return as PCT[SludgeToHTL]*OHC.Retirement Frac[TransEster]
113,WW.Mature Industry Rate of Return as PCT[SludgeToHTL]*CHC.initial indices of Commercial Maturity[Thermochem]
114,WW.Mature Industry Rate of Return as PCT[SludgeToHTL]*CHC.progress ratios commercial[Thermochem]
115,WW.Mature Industry Rate of Return as PCT[SludgeToHTL]*CHC.Mature Industry Rate of Return as PCT[Thermochem]
116,WW.Mature Industry Rate of Return as PCT[SludgeToHTL]*CHC.PY sensi multiplier[Thermochem]
117,WW.Mature Industry Rate of Return as PCT[SludgeToHTL]*CHC.FCI  sensi multiplier[Thermochem]
118,WW.Mature Industry Rate of Return as PCT[SludgeToHTL]*SE.PY sensi multiplier[Jet]
119,WW.Mature Industry Rate of Return as PCT[SludgeToHTL]*SE.Max Jet Investment Hit Rate
120,WW.Mature Industry Rate of Return as PCT[SludgeToHTL]*AFSC
121,WW.Mature Industry Rate of Return as PCT[SludgeToHTL]*UAEORO
122,WW.PY sensi multiplier[ManureToHTL]*WW.PY sensi multiplier[SludgeToHTL]
123,WW.PY sensi multiplier[ManureToHTL]*WW.ORNOOC sensi multiplier[ManureToHTL]
124,WW.PY sensi multiplier[ManureToHTL]*WW.FCI  sensi multiplier[ManureToHTL]
125,WW.PY sensi multiplier[ManureToHTL]*WW.FCI  sensi multiplier[SludgeToHTL]
126,WW.PY sensi multiplier[ManureToHTL]*CHC.Mature Industry Rate of Return as PCT[Thermochem]
127,WW.PY sensi multiplier[ManureToHTL]*CHC.PY sensi multiplier[Thermochem]
128,WW.PY sensi multiplier[ManureToHTL]*SE.Max Jet Investment Hit Rate
129,WW.PY sensi multiplier[ManureToHTL]*UAEORO
130,WW.PY sensi multiplier[SludgeToHTL]*WW.ORNOOC sensi multiplier[SludgeToHTL]
131,WW.PY sensi multiplier[SludgeToHTL]*WW.FCI  sensi multiplier[SludgeToHTL]
132,WW.PY sensi multiplier[SludgeToHTL]*AHC.initial indices of Commercial Maturity[HTL]
133,WW.PY sensi multiplier[SludgeToHTL]*AHC.Mature Industry Rate of Return as PCT[HTL]
134,WW.PY sensi multiplier[SludgeToHTL]*AHC.PY sensi multiplier[HTL]
135,WW.PY sensi multiplier[SludgeToHTL]*AHC.FCI  sensi multiplier[HTL]
136,WW.PY sensi multiplier[SludgeToHTL]*OHC.PY sensi multiplier[HEFA]
137,WW.PY sensi multiplier[SludgeToHTL]*OHC.PY sensi multiplier[HEFABrownfield]
138,WW.PY sensi multiplier[SludgeToHTL]*OHC.Retirement Frac[TransEster]
139,WW.PY sensi multiplier[SludgeToHTL]*CHC.initial indices of Commercial Maturity[Thermochem]
140,WW.PY sensi multiplier[SludgeToHTL]*CHC.progress ratios commercial[Thermochem]
141,WW.PY sensi multiplier[SludgeToHTL]*CHC.Mature Industry Rate of Return as PCT[Thermochem]
142,WW.PY sensi multiplier[SludgeToHTL]*CHC.PY sensi multiplier[Thermochem]
143,WW.PY sensi multiplier[SludgeToHTL]*CHC.FCI  sensi multiplier[Thermochem]
144,WW.PY sensi multiplier[SludgeToHTL]*SE.PY sensi multiplier[Jet]
145,WW.PY sensi multiplier[SludgeToHTL]*SE.Max Jet Investment Hit Rate
146,WW.PY sensi multiplier[SludgeToHTL]*AFSC
147,WW.PY sensi multiplier[SludgeToHTL]*UAEORO
148,WW.ORNOOC sensi multiplier[ManureToHTL]*WW.FCI  sensi multiplier[ManureToHTL]
149,WW.ORNOOC sensi multiplier[ManureToHTL]*SE.Max Jet Investment Hit Rate
150,WW.ORNOOC sensi multiplier[ManureToHTL]*UAEORO
151,WW.ORNOOC sensi multiplier[SludgeToHTL]*WW.FCI  sensi multiplier[SludgeToHTL]
152,WW.ORNOOC sensi multiplier[SludgeToHTL]*AHC.Mature Industry Rate of Return as PCT[HTL]
153,WW.ORNOOC sensi multiplier[SludgeToHTL]*OHC.PY sensi multiplier[HEFA]
154,WW.ORNOOC sensi multiplier[SludgeToHTL]*OHC.PY sensi multiplier[HEFABrownfield]
155,WW.ORNOOC sensi multiplier[SludgeToHTL]*OHC.Retirement Frac[TransEster]
156,WW.ORNOOC sensi multiplier[SludgeToHTL]*CHC.initial indices of Commercial Maturity[Thermochem]
157,WW.ORNOOC sensi multiplier[SludgeToHTL]*CHC.Mature Industry Rate of Return as PCT[Thermochem]
158,WW.ORNOOC sensi multiplier[SludgeToHTL]*CHC.PY sensi multiplier[Thermochem]
159,WW.ORNOOC sensi multiplier[SludgeToHTL]*CHC.FCI  sensi multiplier[Thermochem]
160,WW.ORNOOC sensi multiplier[SludgeToHTL]*SE.Max Jet Investment Hit Rate
161,WW.ORNOOC sensi multiplier[SludgeToHTL]*UAEORO
162,WW.FCI  sensi multiplier[ManureToHTL]*UAEORO
163,WW.FCI  sensi multiplier[SludgeToHTL]*OHC.PY sensi multiplier[HEFA]
164,WW.FCI  sensi multiplier[SludgeToHTL]*OHC.PY sensi multiplier[HEFABrownfield]
165,WW.FCI  sensi multiplier[SludgeToHTL]*CHC.initial indices of Commercial Maturity[Thermochem]
166,WW.FCI  sensi multiplier[SludgeToHTL]*CHC.Mature Industry Rate of Return as PCT[Thermochem]
167,WW.FCI  sensi multiplier[SludgeToHTL]*CHC.PY sensi multiplier[Thermochem]
168,WW.FCI  sensi multiplier[SludgeToHTL]*SE.Max Jet Investment Hit Rate
169,WW.FCI  sensi multiplier[SludgeToHTL]*UAEORO
170,AHC.Debt Interest Rate as pct[HEFA]*AHC.PY sensi multiplier[HEFA]
171,AHC.Mature Industry Rate of Return as PCT[HTL]*AHC.PY sensi multiplier[HTL]
172,AHC.Mature Industry Rate of Return as PCT[HTL]*AHC.ORNOOC sensi multiplier[HTL]
173,AHC.Mature Industry Rate of Return as PCT[HTL]*AHC.FCI  sensi multiplier[HTL]
174,AHC.Mature Industry Rate of Return as PCT[HEFA]*AHC.PY sensi multiplier[HEFA]
175,AHC.Mature Industry Rate of Return as PCT[HEFA]*AHC.FCI  sensi multiplier[HEFA]
176,AHC.PY sensi multiplier[HTL]*AHC.ORNOOC sensi multiplier[HTL]
177,AHC.PY sensi multiplier[HTL]*AHC.FCI  sensi multiplier[HTL]
178,AHC.PY sensi multiplier[HEFA]*AHC.FCI  sensi multiplier[HEFA]
179,AHC.PY sensi multiplier[HEFA]*OHC.progress ratios commercial[HEFA]
180,"OHC.Policy Duration[Price,HEFA]*OHC.PY sensi multiplier[HEFA]"
181,"OHC.Policy Duration[Price,HEFA]*OHC.Retirement Frac[TransEster]"
182,"OHC.Policy Duration[Price,HEFABrownfield]*OHC.PY sensi multiplier[HEFABrownfield]"
183,OHC.progress ratios commercial[HEFA]*OHC.progress ratios commercial[HEFABrownfield]
184,OHC.progress ratios commercial[HEFA]*OHC.PY sensi multiplier[HEFA]
185,OHC.progress ratios commercial[HEFA]*OHC.PY sensi multiplier[HEFABrownfield]
186,OHC.progress ratios commercial[HEFA]*OHC.Retirement Frac[TransEster]
187,OHC.progress ratios commercial[HEFA]*UAEORO
188,OHC.Mature Industry Rate of Return as PCT[HEFA]*OHC.PY sensi multiplier[HEFA]
189,OHC.Mature Industry Rate of Return as PCT[HEFA]*OHC.PY sensi multiplier[HEFABrownfield]
190,OHC.Mature Industry Rate of Return as PCT[HEFA]*OHC.ORNOOC sensi multiplier[HEFA]
191,OHC.Mature Industry Rate of Return as PCT[HEFA]*OHC.FCI  sensi multiplier[HEFA]
192,OHC.Mature Industry Rate of Return as PCT[HEFA]*CHC.PY sensi multiplier[Thermochem]
193,OHC.PY sensi multiplier[HEFA]*OHC.PY sensi multiplier[HEFABrownfield]
194,OHC.PY sensi multiplier[HEFA]*OHC.ORNOOC sensi multiplier[HEFA]
195,OHC.PY sensi multiplier[HEFA]*OHC.ORNOOC sensi multiplier[HEFABrownfield]
196,OHC.PY sensi multiplier[HEFA]*OHC.FCI  sensi multiplier[HEFA]
197,OHC.PY sensi multiplier[HEFA]*OHC.Retirement Frac[TransEster]
198,OHC.PY sensi multiplier[HEFA]*CHC.initial indices of Commercial Maturity[Brownfield]
199,OHC.PY sensi multiplier[HEFA]*CHC.initial indices of Commercial Maturity[Thermochem]
200,OHC.PY sensi multiplier[HEFA]*CHC.progress ratios commercial[Thermochem]
201,OHC.PY sensi multiplier[HEFA]*CHC.Mature Industry Rate of Return as PCT[Thermochem]
202,OHC.PY sensi multiplier[HEFA]*CHC.PY sensi multiplier[Thermochem]
203,OHC.PY sensi multiplier[HEFA]*CHC.FCI  sensi multiplier[Thermochem]
204,OHC.PY sensi multiplier[HEFA]*SE.PY sensi multiplier[Jet]
205,OHC.PY sensi multiplier[HEFA]*SE.Max Jet Investment Hit Rate
206,OHC.PY sensi multiplier[HEFA]*AFSC
207,OHC.PY sensi multiplier[HEFA]*UAEORO
208,OHC.PY sensi multiplier[HEFABrownfield]*OHC.ORNOOC sensi multiplier[HEFA]
209,OHC.PY sensi multiplier[HEFABrownfield]*OHC.ORNOOC sensi multiplier[HEFABrownfield]
210,OHC.PY sensi multiplier[HEFABrownfield]*OHC.Retirement Frac[TransEster]
211,OHC.PY sensi multiplier[HEFABrownfield]*CHC.initial indices of Commercial Maturity[Brownfield]
212,OHC.PY sensi multiplier[HEFABrownfield]*CHC.initial indices of Commercial Maturity[Thermochem]
213,OHC.PY sensi multiplier[HEFABrownfield]*CHC.progress ratios commercial[Thermochem]
214,OHC.PY sensi multiplier[HEFABrownfield]*CHC.Mature Industry Rate of Return as PCT[Thermochem]
215,OHC.PY sensi multiplier[HEFABrownfield]*CHC.PY sensi multiplier[Thermochem]
216,OHC.PY sensi multiplier[HEFABrownfield]*CHC.FCI  sensi multiplier[Thermochem]
217,OHC.PY sensi multiplier[HEFABrownfield]*SE.PY sensi multiplier[Jet]
218,OHC.PY sensi multiplier[HEFABrownfield]*SE.Max Jet Investment Hit Rate
219,OHC.PY sensi multiplier[HEFABrownfield]*AFSC
220,OHC.PY sensi multiplier[HEFABrownfield]*UAEORO
221,OHC.Retirement Frac[TransEster]*CHC.Mature Industry Rate of Return as PCT[Thermochem]
222,OHC.Retirement Frac[TransEster]*CHC.PY sensi multiplier[Thermochem]
223,OHC.Retirement Frac[TransEster]*SE.Max Jet Investment Hit Rate
224,OHC.Retirement Frac[TransEster]*UAEORO
225,CHC.initial indices of Commercial Maturity[Brownfield]*CHC.initial indices of Commercial Maturity[Thermochem]
226,CHC.initial indices of Commercial Maturity[Brownfield]*CHC.progress ratios commercial[Brownfield]
227,CHC.initial indices of Commercial Maturity[Brownfield]*CHC.Mature Industry Rate of Return as PCT[Brownfield]
228,CHC.initial indices of Commercial Maturity[Brownfield]*CHC.Mature Industry Rate of Return as PCT[Thermochem]
229,CHC.initial indices of Commercial Maturity[Brownfield]*CHC.PY sensi multiplier[Brownfield]
230,CHC.initial indices of Commercial Maturity[Brownfield]*CHC.PY sensi multiplier[Thermochem]
231,CHC.initial indices of Commercial Maturity[Brownfield]*CHC.FCI  sensi multiplier[Brownfield]
232,CHC.initial indices of Commercial Maturity[Brownfield]*CHC.FCI  sensi multiplier[Thermochem]
233,CHC.initial indices of Commercial Maturity[Brownfield]*SE.Max Jet Investment Hit Rate
234,CHC.initial indices of Commercial Maturity[Brownfield]*AFSC
235,CHC.initial indices of Commercial Maturity[Thermochem]*CHC.progress ratios commercial[Thermochem]
236,CHC.initial indices of Commercial Maturity[Thermochem]*CHC.Mature Industry Rate of Return as PCT[Thermochem]
237,CHC.initial indices of Commercial Maturity[Thermochem]*CHC.PY sensi multiplier[Thermochem]
238,CHC.initial indices of Commercial Maturity[Thermochem]*CHC.FCI  sensi multiplier[Thermochem]
239,CHC.initial indices of Commercial Maturity[Thermochem]*SE.Max Jet Investment Hit Rate
240,CHC.initial indices of Commercial Maturity[Thermochem]*AFSC
241,CHC.initial indices of Commercial Maturity[Thermochem]*UAEORO
242,CHC.initial indices of Commercial Maturity[Biochem]*CHC.Mature Industry Rate of Return as PCT[Biochem]
243,CHC.initial indices of Commercial Maturity[Biochem]*CHC.PY sensi multiplier[Biochem]
244,CHC.initial indices of Commercial Maturity[Biochem]*CHC.FCI  sensi multiplier[Biochem]
245,CHC.progress ratios commercial[Brownfield]*CHC.Mature Industry Rate of Return as PCT[Brownfield]
246,CHC.progress ratios commercial[Brownfield]*CHC.PY sensi multiplier[Brownfield]
247,CHC.progress ratios commercial[Brownfield]*CHC.FCI  sensi multiplier[Brownfield]
248,CHC.progress ratios commercial[Thermochem]*CHC.Debt Interest Rate as pct[Thermochem]
249,CHC.progress ratios commercial[Thermochem]*CHC.Mature Industry Rate of Return as PCT[Thermochem]
250,CHC.progress ratios commercial[Thermochem]*CHC.PY sensi multiplier[Thermochem]
251,CHC.progress ratios commercial[Thermochem]*CHC.FCI  sensi multiplier[Thermochem]
252,CHC.progress ratios commercial[Thermochem]*SE.Max Jet Investment Hit Rate
253,CHC.progress ratios commercial[Thermochem]*AFSC
254,CHC.progress ratios commercial[Thermochem]*UAEORO
255,CHC.Debt Interest Rate as pct[Thermochem]*CHC.PY sensi multiplier[Thermochem]
256,CHC.Mature Industry Rate of Return as PCT[Brownfield]*CHC.Mature Industry Rate of Return as PCT[Thermochem]
257,CHC.Mature Industry Rate of Return as PCT[Brownfield]*CHC.PY sensi multiplier[Brownfield]
258,CHC.Mature Industry Rate of Return as PCT[Brownfield]*CHC.PY sensi multiplier[Thermochem]
259,CHC.Mature Industry Rate of Return as PCT[Brownfield]*CHC.FCI  sensi multiplier[Brownfield]
260,CHC.Mature Industry Rate of Return as PCT[Brownfield]*SE.Max Jet Investment Hit Rate
261,CHC.Mature Industry Rate of Return as PCT[Brownfield]*AFSC
262,CHC.Mature Industry Rate of Return as PCT[Brownfield]*UAEORO
263,CHC.Mature Industry Rate of Return as PCT[Thermochem]*CHC.PY sensi multiplier[Thermochem]
264,CHC.Mature Industry Rate of Return as PCT[Thermochem]*CHC.FCI  sensi multiplier[Thermochem]
265,CHC.Mature Industry Rate of Return as PCT[Thermochem]*SE.Max Jet Investment Hit Rate
266,CHC.Mature Industry Rate of Return as PCT[Thermochem]*AFSC
267,CHC.Mature Industry Rate of Return as PCT[Thermochem]*UAEORO
268,CHC.Mature Industry Rate of Return as PCT[Biochem]*CHC.PY sensi multiplier[Biochem]
269,CHC.Mature Industry Rate of Return as PCT[Biochem]*CHC.FCI  sensi multiplier[Biochem]
270,CHC.PY sensi multiplier[Brownfield]*CHC.PY sensi multiplier[Thermochem]
271,CHC.PY sensi multiplier[Brownfield]*CHC.FCI  sensi multiplier[Brownfield]
272,CHC.PY sensi multiplier[Brownfield]*AFSC
273,CHC.PY sensi multiplier[Thermochem]*CHC.FCI  sensi multiplier[Brownfield]
274,CHC.PY sensi multiplier[Thermochem]*CHC.FCI  sensi multiplier[Thermochem]
275,CHC.PY sensi multiplier[Thermochem]*SE.PY sensi multiplier[Jet]
276,CHC.PY sensi multiplier[Thermochem]*SE.Max Jet Investment Hit Rate
277,CHC.PY sensi multiplier[Thermochem]*AFSC
278,CHC.PY sensi multiplier[Thermochem]*UAEORO
279,CHC.PY sensi multiplier[Biochem]*CHC.FCI  sensi multiplier[Biochem]
280,CHC.FCI  sensi multiplier[Brownfield]*AFSC
281,CHC.FCI  sensi multiplier[Thermochem]*SE.Max Jet Investment Hit Rate
282,CHC.FCI  sensi multiplier[Thermochem]*AFSC
283,CHC.FCI  sensi multiplier[Thermochem]*UAEORO
284,SE.initial indices of Commercial Maturity[Jet]*SE.Mature Industry Rate of Return as PCT[Jet]
285,SE.initial indices of Commercial Maturity[Jet]*SE.PY sensi multiplier[Jet]
286,SE.initial indices of Commercial Maturity[Jet]*SE.FCI  sensi multiplier[Jet]
287,SE.progress ratios commercial[Jet]*SE.Max Jet Investment Hit Rate
288,SE.Mature Industry Rate of Return as PCT[Jet]*SE.PY sensi multiplier[Jet]
289,SE.Mature Industry Rate of Return as PCT[Jet]*SE.FCI  sensi multiplier[Jet]
290,SE.Mature Industry Rate of Return as PCT[Jet]*SE.Max Jet Investment Hit Rate
291,SE.Mature Industry Rate of Return as PCT[Jet]*UAEORO
292,SE.PY sensi multiplier[Jet]*SE.ORNOOC sensi multiplier[Jet]
293,SE.PY sensi multiplier[Jet]*SE.FCI  sensi multiplier[Jet]
294,SE.PY sensi multiplier[Jet]*SE.Max Jet Investment Hit Rate
295,SE.PY sensi multiplier[Jet]*UAEORO
296,SE.ORNOOC sensi multiplier[Jet]*SE.Max Jet Investment Hit Rate
297,SE.ORNOOC sensi multiplier[Jet]*UAEORO
298,SE.FCI  sensi multiplier[Jet]*SE.Max Jet Investment Hit Rate
299,SE.FCI  sensi multiplier[Jet]*UAEORO
300,SE.Max Jet Investment Hit Rate*AFSC
301,SE.Max Jet Investment Hit Rate*UAEORO
302,AFSC*UAEORO
303,OHC.Retirement Frac[TransEster]_quadratic
304,OHC.PY sensi multiplier[HEFABrownfield]_quadratic
305,OHC.ORNOOC sensi multiplier[HEFA]_quadratic
306,CHC.PY sensi multiplier[Thermochem]_quadratic
307,WW.ORNOOC sensi multiplier[SludgeToHTL]_quadratic
308,AHC.PY sensi multiplier[HEFA]_quadratic
309,OHC.progress ratios commercial[HEFA]_quadratic
310,OHC.initial indices of Commercial Maturity[HEFA]_quadratic
311,WW.FCI  sensi multiplier[ManureToHTL]_quadratic
312,WW.Mature Industry Rate of Return as PCT[ManureToHTL]_quadratic
313,CHC.initial indices of Commercial Maturity[Thermochem]_quadratic
314,CHC.PY sensi multiplier[Biochem]_quadratic
315,AHC.PY sensi multiplier[HTL]_inverse
316,CHC.Mature Industry Rate of Return as PCT[Brownfield]_quadratic
317,CHC.initial indices of Commercial Maturity[Brownfield]_quadratic
318,"WW.Policy Duration[Price,SludgeToHTL]_quadratic"
319,SE.progress ratios commercial[Jet]_quadratic
320,WW.Mature Industry Rate of Return as PCT[SludgeToHTL]_quadratic
321,OHC.PY sensi multiplier[HEFA]_quadratic
322,SE.PY sensi multiplier[Jet]_quadratic
323,WW.progress ratios commercial[SludgeToHTL]_quadratic
324,"OHC.Policy Duration[Price,TransEster]_quadratic"
325,CHC.Mature Industry Rate of Return as PCT[Biochem]_quadratic
326,OHC.initial indices of Commercial Maturity[HEFABrownfield]_quadratic
327,SE.Max Jet Investment Hit Rate_quadratic
328,CHC.progress ratios commercial[Thermochem]_quadratic
329,CHC.Mature Industry Rate of Return as PCT[Thermochem]_quadratic
330,"OHC.Policy Duration[Price,HEFA]_quadratic"
331,WW.PY sensi multiplier[ManureToHTL]_quadratic
332,WW.PY sensi multiplier[SludgeToHTL]_quadratic
333,WW.FCI  sensi multiplier[SludgeToHTL]_quadratic
334,AHC.initial indices of Commercial Maturity[HEFA]_quadratic
335,OHC.ORNOOC sensi multiplier[HEFABrownfield]_quadratic
336,"SE.Policy Duration[Price,Jet]_quadratic"
337,AHC.Mature Industry Rate of Return as PCT[HEFA]_quadratic
338,CHC.initial indices of Commercial Maturity[Biochem]_quadratic
339,AHC.Mature Industry Rate of Return as PCT[HTL]_inverse
