factor_short_name,factor_long_name,relevant_module_and_pathway
FM.Use Agnostic FS Conversion,Agnostic vs Targeted Feedstock,Cellulosic Hydrocarbon
AHC.PY sensi multiplier[HEFA],conversion process yield,"Algal Hydrocarbon (HEFA, HTL); Cellulosic Hydrocarbon (Biochem, Brownfield, Thermochem); Oilcrop/FOG Hydrocarbon (HEFA Brownfield, HEFA); Starch Ethanol to Jet;"
AHC.PY sensi multiplier[HTL],conversion process yield,"Algal Hydrocarbon (HEFA, HTL); Cellulosic Hydrocarbon (Biochem, Brownfield, Thermochem); Oilcrop/FOG Hydrocarbon (HEFA Brownfield, HEFA); Starch Ethanol to Jet;"
CHC.PY sensi multiplier[Biochem],conversion process yield,"Algal Hydrocarbon (HEFA, HTL); Cellulosic Hydrocarbon (Biochem, Brownfield, Thermochem); Oilcrop/FOG Hydrocarbon (HEFA Brownfield, HEFA); Starch Ethanol to Jet;"
CHC.PY sensi multiplier[Brownfield],conversion process yield,"Algal Hydrocarbon (HEFA, HTL); Cellulosic Hydrocarbon (Biochem, Brownfield, Thermochem); Oilcrop/FOG Hydrocarbon (HEFA Brownfield, HEFA); Starch Ethanol to Jet;"
CHC.PY sensi multiplier[Thermochem],conversion process yield,"Algal Hydrocarbon (HEFA, HTL); Cellulosic Hydrocarbon (Biochem, Brownfield, Thermochem); Oilcrop/FOG Hydrocarbon (HEFA Brownfield, HEFA); Starch Ethanol to Jet;"
OHC.PY sensi multiplier[HEFABrownfield],conversion process yield,"Algal Hydrocarbon (HEFA, HTL); Cellulosic Hydrocarbon (Biochem, Brownfield, Thermochem); Oilcrop/FOG Hydrocarbon (HEFA Brownfield, HEFA); Starch Ethanol to Jet;"
OHC.PY sensi multiplier[HEFA],conversion process yield,"Algal Hydrocarbon (HEFA, HTL); Cellulosic Hydrocarbon (Biochem, Brownfield, Thermochem); Oilcrop/FOG Hydrocarbon (HEFA Brownfield, HEFA); Starch Ethanol to Jet;"
SE.PY sensi multiplier[Jet],conversion process yield,"Algal Hydrocarbon (HEFA, HTL); Cellulosic Hydrocarbon (Biochem, Brownfield, Thermochem); Oilcrop/FOG Hydrocarbon (HEFA Brownfield, HEFA); Starch Ethanol to Jet;"
WW.PY sensi multiplier[ManureToHTL],conversion process yield,"Algal Hydrocarbon (HEFA, HTL); Cellulosic Hydrocarbon (Biochem, Brownfield, Thermochem); Oilcrop/FOG Hydrocarbon (HEFA Brownfield, HEFA); Starch Ethanol to Jet;"
WW.PY sensi multiplier[SludgeToHTL],conversion process yield,"Algal Hydrocarbon (HEFA, HTL); Cellulosic Hydrocarbon (Biochem, Brownfield, Thermochem); Oilcrop/FOG Hydrocarbon (HEFA Brownfield, HEFA); Starch Ethanol to Jet;"
"OHC.Policy Duration[Price,HEFABrownfield]",Duration of price/ptc incentive,"Oilcrop/FOG Hydrocarbon (HEFA Brownfield, HEFA, Transesterification); Starch Ethanol to Jet; Wet Waste Hydrocarbon (Manure, Sludge HTL)"
"OHC.Policy Duration[Price,HEFA]",Duration of price/ptc incentive,"Oilcrop/FOG Hydrocarbon (HEFA Brownfield, HEFA, Transesterification); Starch Ethanol to Jet; Wet Waste Hydrocarbon (Manure, Sludge HTL)"
"OHC.Policy Duration[Price,TransEster]",Duration of price/ptc incentive,"Oilcrop/FOG Hydrocarbon (HEFA Brownfield, HEFA, Transesterification); Starch Ethanol to Jet; Wet Waste Hydrocarbon (Manure, Sludge HTL)"
"SE.Policy Duration[Price,Jet]",Duration of price/ptc incentive,"Oilcrop/FOG Hydrocarbon (HEFA Brownfield, HEFA, Transesterification); Starch Ethanol to Jet; Wet Waste Hydrocarbon (Manure, Sludge HTL)"
"WW.Policy Duration[Price,SludgeToHTL]",Duration of price/ptc incentive,"Oilcrop/FOG Hydrocarbon (HEFA Brownfield, HEFA, Transesterification); Starch Ethanol to Jet; Wet Waste Hydrocarbon (Manure, Sludge HTL)"
AHC.FCI  sensi multiplier[HEFA],Fixed Capital Investment,"Algal Hydrocarbon (HEFA, HTL); Cellulosic Hydrocarbon (Biochem, Brownfield, Thermochem)"
AHC.FCI  sensi multiplier[HTL],Fixed Capital Investment,"Algal Hydrocarbon (HEFA, HTL); Cellulosic Hydrocarbon (Biochem, Brownfield, Thermochem)"
CHC.FCI  sensi multiplier[Biochem],Fixed Capital Investment,"Algal Hydrocarbon (HEFA, HTL); Cellulosic Hydrocarbon (Biochem, Brownfield, Thermochem)"
CHC.FCI  sensi multiplier[Brownfield],Fixed Capital Investment,"Algal Hydrocarbon (HEFA, HTL); Cellulosic Hydrocarbon (Biochem, Brownfield, Thermochem)"
CHC.FCI  sensi multiplier[Thermochem],Fixed Capital Investment,"Algal Hydrocarbon (HEFA, HTL); Cellulosic Hydrocarbon (Biochem, Brownfield, Thermochem)"
OHC.FCI  sensi multiplier[HEFA],Fixed Capital Investment,"Algal Hydrocarbon (HEFA, HTL); Cellulosic Hydrocarbon (Biochem, Brownfield, Thermochem)"
SE.FCI  sensi multiplier[Jet],Fixed Capital Investment,"Algal Hydrocarbon (HEFA, HTL); Cellulosic Hydrocarbon (Biochem, Brownfield, Thermochem)"
WW.FCI  sensi multiplier[ManureToHTL],Fixed Capital Investment,"Algal Hydrocarbon (HEFA, HTL); Cellulosic Hydrocarbon (Biochem, Brownfield, Thermochem)"
WW.FCI  sensi multiplier[SludgeToHTL],Fixed Capital Investment,"Algal Hydrocarbon (HEFA, HTL); Cellulosic Hydrocarbon (Biochem, Brownfield, Thermochem)"
AHC.initial indices of Commercial Maturity[HEFA],Initial conversion maturity,"Algal Hydrocarbon (HEFA, HTL); Cellulosic Hydrocarbon (Biochem, Brownfield, Thermochem); Oilcrop/FOG Hydrocarbon (HEFA Brownfield, HEFA)"
AHC.initial indices of Commercial Maturity[HTL],Initial conversion maturity,"Algal Hydrocarbon (HEFA, HTL); Cellulosic Hydrocarbon (Biochem, Brownfield, Thermochem); Oilcrop/FOG Hydrocarbon (HEFA Brownfield, HEFA)"
CHC.initial indices of Commercial Maturity[Biochem],Initial conversion maturity,"Algal Hydrocarbon (HEFA, HTL); Cellulosic Hydrocarbon (Biochem, Brownfield, Thermochem); Oilcrop/FOG Hydrocarbon (HEFA Brownfield, HEFA)"
CHC.initial indices of Commercial Maturity[Brownfield],Initial conversion maturity,"Algal Hydrocarbon (HEFA, HTL); Cellulosic Hydrocarbon (Biochem, Brownfield, Thermochem); Oilcrop/FOG Hydrocarbon (HEFA Brownfield, HEFA)"
CHC.initial indices of Commercial Maturity[Thermochem],Initial conversion maturity,"Algal Hydrocarbon (HEFA, HTL); Cellulosic Hydrocarbon (Biochem, Brownfield, Thermochem); Oilcrop/FOG Hydrocarbon (HEFA Brownfield, HEFA)"
OHC.initial indices of Commercial Maturity[HEFABrownfield],Initial conversion maturity,"Algal Hydrocarbon (HEFA, HTL); Cellulosic Hydrocarbon (Biochem, Brownfield, Thermochem); Oilcrop/FOG Hydrocarbon (HEFA Brownfield, HEFA)"
OHC.initial indices of Commercial Maturity[HEFA],Initial conversion maturity,"Algal Hydrocarbon (HEFA, HTL); Cellulosic Hydrocarbon (Biochem, Brownfield, Thermochem); Oilcrop/FOG Hydrocarbon (HEFA Brownfield, HEFA)"
SE.initial indices of Commercial Maturity[Jet],Initial conversion maturity,"Algal Hydrocarbon (HEFA, HTL); Cellulosic Hydrocarbon (Biochem, Brownfield, Thermochem); Oilcrop/FOG Hydrocarbon (HEFA Brownfield, HEFA)"
WW.initial indices of Commercial Maturity[ManureToHTL],Initial conversion maturity,"Algal Hydrocarbon (HEFA, HTL); Cellulosic Hydrocarbon (Biochem, Brownfield, Thermochem); Oilcrop/FOG Hydrocarbon (HEFA Brownfield, HEFA)"
WW.initial indices of Commercial Maturity[SludgeToHTL],Initial conversion maturity,"Algal Hydrocarbon (HEFA, HTL); Cellulosic Hydrocarbon (Biochem, Brownfield, Thermochem); Oilcrop/FOG Hydrocarbon (HEFA Brownfield, HEFA)"
AHC.Debt Interest Rate as pct[HEFA],Loan interest rate,"Algal Hydrocarbon (HEFA), Cellulosic Hydrocarbon  (Thermochem)"
CHC.Debt Interest Rate as pct[Thermochem],Loan interest rate,"Algal Hydrocarbon (HEFA), Cellulosic Hydrocarbon  (Thermochem)"
OHC.Retirement Frac[TransEster],Obsolescence,Oilcrop/FOG Hydrocarbon (Transesterification)
OI.Use AEO Reference Oil,Oil price scenario,Oil industry
AHC.ORNOOC sensi multiplier[HTL],Operating cost,"Algal Hydrocarbon (HTL); Oilcrop/FOG Hydrocarbon (HEFA Brownfield, HEFA); Starch Ethanol to Jet; Wet Waste; Hydrocarbon (Manure HTL, Sludge HTL)"
OHC.ORNOOC sensi multiplier[HEFABrownfield],Operating cost,"Algal Hydrocarbon (HTL); Oilcrop/FOG Hydrocarbon (HEFA Brownfield, HEFA); Starch Ethanol to Jet; Wet Waste; Hydrocarbon (Manure HTL, Sludge HTL)"
OHC.ORNOOC sensi multiplier[HEFA],Operating cost,"Algal Hydrocarbon (HTL); Oilcrop/FOG Hydrocarbon (HEFA Brownfield, HEFA); Starch Ethanol to Jet; Wet Waste; Hydrocarbon (Manure HTL, Sludge HTL)"
SE.ORNOOC sensi multiplier[Jet],Operating cost,"Algal Hydrocarbon (HTL); Oilcrop/FOG Hydrocarbon (HEFA Brownfield, HEFA); Starch Ethanol to Jet; Wet Waste; Hydrocarbon (Manure HTL, Sludge HTL)"
WW.ORNOOC sensi multiplier[ManureToHTL],Operating cost,"Algal Hydrocarbon (HTL); Oilcrop/FOG Hydrocarbon (HEFA Brownfield, HEFA); Starch Ethanol to Jet; Wet Waste; Hydrocarbon (Manure HTL, Sludge HTL)"
WW.ORNOOC sensi multiplier[SludgeToHTL],Operating cost,"Algal Hydrocarbon (HTL); Oilcrop/FOG Hydrocarbon (HEFA Brownfield, HEFA); Starch Ethanol to Jet; Wet Waste; Hydrocarbon (Manure HTL, Sludge HTL)"
CHC.progress ratios commercial[Brownfield],Progress ratio,"Cellulosic Hydrocarbon (Brownfield, Thermochem); Oilcrop/FOG Hydrocarbon (HEFA Brownfield, HEFA)"
CHC.progress ratios commercial[Thermochem],Progress ratio,"Cellulosic Hydrocarbon (Brownfield, Thermochem); Oilcrop/FOG Hydrocarbon (HEFA Brownfield, HEFA)"
OHC.progress ratios commercial[HEFABrownfield],Progress ratio,"Cellulosic Hydrocarbon (Brownfield, Thermochem); Oilcrop/FOG Hydrocarbon (HEFA Brownfield, HEFA)"
OHC.progress ratios commercial[HEFA],Progress ratio,"Cellulosic Hydrocarbon (Brownfield, Thermochem); Oilcrop/FOG Hydrocarbon (HEFA Brownfield, HEFA)"
SE.progress ratios commercial[Jet],Progress ratio,"Cellulosic Hydrocarbon (Brownfield, Thermochem); Oilcrop/FOG Hydrocarbon (HEFA Brownfield, HEFA)"
WW.progress ratios commercial[ManureToHTL],Progress ratio,"Cellulosic Hydrocarbon (Brownfield, Thermochem); Oilcrop/FOG Hydrocarbon (HEFA Brownfield, HEFA)"
WW.progress ratios commercial[SludgeToHTL],Progress ratio,"Cellulosic Hydrocarbon (Brownfield, Thermochem); Oilcrop/FOG Hydrocarbon (HEFA Brownfield, HEFA)"
AHC.Mature Industry Rate of Return as PCT[HEFA],Required Investment rate of return,"Algal Hydrocarbon (HEFA, HTL); Cellulosic Hydrocarbon (Biochem, Brownfield, Thermochem); Oilcrop/FOG; Hydrocarbon (HEFA); Starch Ethanol to Jet; Wet Waste Hydrocarbon (Manure HTL, Sludge HTL);"
AHC.Mature Industry Rate of Return as PCT[HTL],Required Investment rate of return,"Algal Hydrocarbon (HEFA, HTL); Cellulosic Hydrocarbon (Biochem, Brownfield, Thermochem); Oilcrop/FOG; Hydrocarbon (HEFA); Starch Ethanol to Jet; Wet Waste Hydrocarbon (Manure HTL, Sludge HTL);"
CHC.Mature Industry Rate of Return as PCT[Biochem],Required Investment rate of return,"Algal Hydrocarbon (HEFA, HTL); Cellulosic Hydrocarbon (Biochem, Brownfield, Thermochem); Oilcrop/FOG; Hydrocarbon (HEFA); Starch Ethanol to Jet; Wet Waste Hydrocarbon (Manure HTL, Sludge HTL);"
CHC.Mature Industry Rate of Return as PCT[Brownfield],Required Investment rate of return,"Algal Hydrocarbon (HEFA, HTL); Cellulosic Hydrocarbon (Biochem, Brownfield, Thermochem); Oilcrop/FOG; Hydrocarbon (HEFA); Starch Ethanol to Jet; Wet Waste Hydrocarbon (Manure HTL, Sludge HTL);"
CHC.Mature Industry Rate of Return as PCT[Thermochem],Required Investment rate of return,"Algal Hydrocarbon (HEFA, HTL); Cellulosic Hydrocarbon (Biochem, Brownfield, Thermochem); Oilcrop/FOG; Hydrocarbon (HEFA); Starch Ethanol to Jet; Wet Waste Hydrocarbon (Manure HTL, Sludge HTL);"
OHC.Mature Industry Rate of Return as PCT[HEFA],Required Investment rate of return,"Algal Hydrocarbon (HEFA, HTL); Cellulosic Hydrocarbon (Biochem, Brownfield, Thermochem); Oilcrop/FOG; Hydrocarbon (HEFA); Starch Ethanol to Jet; Wet Waste Hydrocarbon (Manure HTL, Sludge HTL);"
SE.Mature Industry Rate of Return as PCT[Jet],Required Investment rate of return,"Algal Hydrocarbon (HEFA, HTL); Cellulosic Hydrocarbon (Biochem, Brownfield, Thermochem); Oilcrop/FOG; Hydrocarbon (HEFA); Starch Ethanol to Jet; Wet Waste Hydrocarbon (Manure HTL, Sludge HTL);"
WW.Mature Industry Rate of Return as PCT[ManureToHTL],Required Investment rate of return,"Algal Hydrocarbon (HEFA, HTL); Cellulosic Hydrocarbon (Biochem, Brownfield, Thermochem); Oilcrop/FOG; Hydrocarbon (HEFA); Starch Ethanol to Jet; Wet Waste Hydrocarbon (Manure HTL, Sludge HTL);"
WW.Mature Industry Rate of Return as PCT[SludgeToHTL],Required Investment rate of return,"Algal Hydrocarbon (HEFA, HTL); Cellulosic Hydrocarbon (Biochem, Brownfield, Thermochem); Oilcrop/FOG; Hydrocarbon (HEFA); Starch Ethanol to Jet; Wet Waste Hydrocarbon (Manure HTL, Sludge HTL);"
SE.Max Jet Investment Hit Rate,Starch ethanol to jet conversion,Starch Ethanol to Jet
