coefficient_column_index,feature_name,feature_type,transformation,base_input_1,base_input_1_unit,base_input_1_min,base_input_1_max,base_input_1_pathway,base_input_1_description,base_input_2,base_input_2_unit,n_outputs_nonzero,stability_selection_frequency,hc3_retained,delta_nrmse_if_removed
0,WW.PY sensi multiplier[SludgeToHTL],numeric,identity,WW.PY sensi multiplier[SludgeToHTL],unitless,0.75,1.25,Sewage Sludge HTL,"Multiplier applied to conversion process yield (i.e., gallons fuel per ton feedstock)",,,3802,1.0,True,0.6644012137197703
1,WW.PY sensi multiplier[SludgeToHTL]_sqrt,transformation,sqrt,WW.PY sensi multiplier[SludgeToHTL],unitless,0.75,1.25,Sewage Sludge HTL,"Multiplier applied to conversion process yield (i.e., gallons fuel per ton feedstock)",,,3275,1.0,True,0.6165227330878508
2,WW.PY sensi multiplier[SludgeToHTL]:WW.progress ratios commercial[SludgeToHTL],interaction,interaction,WW.PY sensi multiplier[SludgeToHTL],unitless,0.75,1.25,Sewage Sludge HTL,"Multiplier applied to conversion process yield (i.e., gallons fuel per ton feedstock)",WW.progress ratios commercial[SludgeToHTL],1/doubling,2600,1.0,True,0.2008217537908925
3,WW.progress ratios commercial[SludgeToHTL]:WW.Mature Industry Rate of Return as PCT[SludgeToHTL],interaction,interaction,WW.progress ratios commercial[SludgeToHTL],1/doubling,0.65,0.85,Sewage Sludge HTL,Sets rate at which each doubling of cumulative production impacts commercial maturity of conversion pathway,WW.Mature Industry Rate of Return as PCT[SludgeToHTL],%/yr,3108,1.0,True,0.0884273934106548
4,AHC.PY sensi multiplier[HEFA],numeric,identity,AHC.PY sensi multiplier[HEFA],unitless,0.75,1.25,Algal HEFA,"Multiplier applied to conversion process yield (i.e., gallons fuel per ton feedstock)",,,456,1.0,True,0.1479141441381726
5,CHC.Mature Industry Rate of Return as PCT[Thermochem],numeric,identity,CHC.Mature Industry Rate of Return as PCT[Thermochem],%/yr,5.0,15.0,Cellulosic Thermochem,Sets required rate of return on investment for conversion facility. Used in calculation of net present value of prospective investment,,,4103,1.0,True,0.1032038150450809
6,WW.PY sensi multiplier[ManureToHTL]_sq,transformation,quadratic,WW.PY sensi multiplier[ManureToHTL],unitless,0.75,1.25,Manure HTL,"Multiplier applied to conversion process yield (i.e., gallons fuel per ton feedstock)",,,1426,1.0,True,0.03519840177667
7,OHC.PY sensi multiplier[HEFA],numeric,identity,OHC.PY sensi multiplier[HEFA],unitless,0.75,1.25,Oilcrop HEFA,"Multiplier applied to conversion process yield (i.e., gallons fuel per ton feedstock)",,,3715,1.0,True,0.6760426760439504
8,CHC.PY sensi multiplier[Thermochem]_sq,transformation,quadratic,CHC.PY sensi multiplier[Thermochem],unitless,0.75,1.25,Cellulosic Thermochem,"Multiplier applied to conversion process yield (i.e., gallons fuel per ton feedstock)",,,4776,1.0,True,0.1060698041953989
9,CHC.initial indices of Commercial Maturity[Thermochem],numeric,identity,CHC.initial indices of Commercial Maturity[Thermochem],unitless,0.1,0.7,Cellulosic Thermochem,Sets initial value for commercial maturity for conversion pathway on 0-1 scale,,,4306,1.0,True,0.0726905543573549
10,CHC.PY sensi multiplier[Thermochem]:CHC.Mature Industry Rate of Return as PCT[Thermochem],interaction,interaction,CHC.PY sensi multiplier[Thermochem],unitless,0.75,1.25,Cellulosic Thermochem,"Multiplier applied to conversion process yield (i.e., gallons fuel per ton feedstock)",CHC.Mature Industry Rate of Return as PCT[Thermochem],%/yr,6152,1.0,True,0.0866883581130569
11,WW.progress ratios commercial[SludgeToHTL],numeric,identity,WW.progress ratios commercial[SludgeToHTL],1/doubling,0.65,0.85,Sewage Sludge HTL,Sets rate at which each doubling of cumulative production impacts commercial maturity of conversion pathway,,,3778,1.0,True,0.2404189916905953
12,WW.PY sensi multiplier[SludgeToHTL]:WW.Mature Industry Rate of Return as PCT[SludgeToHTL],interaction,interaction,WW.PY sensi multiplier[SludgeToHTL],unitless,0.75,1.25,Sewage Sludge HTL,"Multiplier applied to conversion process yield (i.e., gallons fuel per ton feedstock)",WW.Mature Industry Rate of Return as PCT[SludgeToHTL],%/yr,4015,1.0,True,0.0517234862009483
13,WW.Mature Industry Rate of Return as PCT[SludgeToHTL]_sqrt,transformation,sqrt,WW.Mature Industry Rate of Return as PCT[SludgeToHTL],%/yr,5.0,15.0,Sewage Sludge HTL,Sets required rate of return on investment for conversion facility. Used in calculation of net present value of prospective investment,,,3189,1.0,True,0.1185786076615821
14,CHC.initial indices of Commercial Maturity[Brownfield]:CHC.PY sensi multiplier[Brownfield],interaction,interaction,CHC.initial indices of Commercial Maturity[Brownfield],unitless,0.0,0.7,Cellulosic Thermochem (Brownfield),Sets initial value for commercial maturity for conversion pathway on 0-1 scale,CHC.PY sensi multiplier[Brownfield],unitless,5059,1.0,True,0.0378143553452337
15,AHC.PY sensi multiplier[HTL],numeric,identity,AHC.PY sensi multiplier[HTL],unitless,0.75,1.25,Algal HTL,"Multiplier applied to conversion process yield (i.e., gallons fuel per ton feedstock)",,,563,1.0,True,0.0969309620819101
16,AHC.PY sensi multiplier[HEFA]_sq,transformation,quadratic,AHC.PY sensi multiplier[HEFA],unitless,0.75,1.25,Algal HEFA,"Multiplier applied to conversion process yield (i.e., gallons fuel per ton feedstock)",,,447,1.0,True,0.0514889637583739
17,WW.PY sensi multiplier[ManureToHTL]:WW.Mature Industry Rate of Return as PCT[ManureToHTL],interaction,interaction,WW.PY sensi multiplier[ManureToHTL],unitless,0.75,1.25,Manure HTL,"Multiplier applied to conversion process yield (i.e., gallons fuel per ton feedstock)",WW.Mature Industry Rate of Return as PCT[ManureToHTL],%/yr,3052,1.0,True,0.0167285002622751
18,WW.progress ratios commercial[SludgeToHTL]_sq,transformation,quadratic,WW.progress ratios commercial[SludgeToHTL],1/doubling,0.65,0.85,Sewage Sludge HTL,Sets rate at which each doubling of cumulative production impacts commercial maturity of conversion pathway,,,3486,1.0,True,0.2043735487264205
19,CHC.initial indices of Commercial Maturity[Brownfield]:CHC.Mature Industry Rate of Return as PCT[Brownfield],interaction,interaction,CHC.initial indices of Commercial Maturity[Brownfield],unitless,0.0,0.7,Cellulosic Thermochem (Brownfield),Sets initial value for commercial maturity for conversion pathway on 0-1 scale,CHC.Mature Industry Rate of Return as PCT[Brownfield],%/yr,5669,1.0,True,0.025102561804152
20,CHC.Mature Industry Rate of Return as PCT[Thermochem]_sqrt,transformation,sqrt,CHC.Mature Industry Rate of Return as PCT[Thermochem],%/yr,5.0,15.0,Cellulosic Thermochem,Sets required rate of return on investment for conversion facility. Used in calculation of net present value of prospective investment,,,4913,1.0,True,0.1445481771494486
21,CHC.PY sensi multiplier[Thermochem]:CHC.initial indices of Commercial Maturity[Thermochem],interaction,interaction,CHC.PY sensi multiplier[Thermochem],unitless,0.75,1.25,Cellulosic Thermochem,"Multiplier applied to conversion process yield (i.e., gallons fuel per ton feedstock)",CHC.initial indices of Commercial Maturity[Thermochem],unitless,5396,1.0,True,0.033415819966455
22,AHC.PY sensi multiplier[HTL]_sq,transformation,quadratic,AHC.PY sensi multiplier[HTL],unitless,0.75,1.25,Algal HTL,"Multiplier applied to conversion process yield (i.e., gallons fuel per ton feedstock)",,,641,1.0,True,0.0366645378804286
23,CHC.Mature Industry Rate of Return as PCT[Brownfield],numeric,identity,CHC.Mature Industry Rate of Return as PCT[Brownfield],%/yr,5.0,15.0,Cellulosic Thermochem (Brownfield),Sets required rate of return on investment for conversion facility. Used in calculation of net present value of prospective investment,,,1734,1.0,True,0.0848704020576116
24,CHC.PY sensi multiplier[Thermochem]:CHC.FCI  sensi multiplier[Thermochem],interaction,interaction,CHC.PY sensi multiplier[Thermochem],unitless,0.75,1.25,Cellulosic Thermochem,"Multiplier applied to conversion process yield (i.e., gallons fuel per ton feedstock)",CHC.FCI  sensi multiplier[Thermochem],unitless,5303,1.0,True,0.0912178649449782
25,CHC.initial indices of Commercial Maturity[Thermochem]_log1p,transformation,log1p,CHC.initial indices of Commercial Maturity[Thermochem],unitless,0.1,0.7,Cellulosic Thermochem,Sets initial value for commercial maturity for conversion pathway on 0-1 scale,,,3576,1.0,True,0.0422319713364431
26,WW.initial indices of Commercial Maturity[SludgeToHTL],numeric,identity,WW.initial indices of Commercial Maturity[SludgeToHTL],Unitless,0.0,0.2,Sewage Sludge HTL,Sets initial value for commercial maturity for conversion pathway on 0-1 scale,,,2467,1.0,True,0.00240885089013
27,WW.progress ratios commercial[SludgeToHTL]:WW.FCI  sensi multiplier[SludgeToHTL],interaction,interaction,WW.progress ratios commercial[SludgeToHTL],1/doubling,0.65,0.85,Sewage Sludge HTL,Sets rate at which each doubling of cumulative production impacts commercial maturity of conversion pathway,WW.FCI  sensi multiplier[SludgeToHTL],unitless,2323,1.0,True,0.0589113887217358
28,SE.Max Jet Investment Hit Rate_log1p,transformation,log1p,SE.Max Jet Investment Hit Rate,1/year,0.05,0.3,Starch Ethanol-to-Jet,Sets maximum potential rate of conversion of starch ethanol facilities to production of jet fuel,,,4232,1.0,True,0.0391336145842306
29,CHC.initial indices of Commercial Maturity[Brownfield],numeric,identity,CHC.initial indices of Commercial Maturity[Brownfield],unitless,0.0,0.7,Cellulosic Thermochem (Brownfield),Sets initial value for commercial maturity for conversion pathway on 0-1 scale,,,3215,1.0,True,0.0377917344753209
30,OHC.Retirement Frac[TransEster],numeric,identity,OHC.Retirement Frac[TransEster],unitless,0.0,0.15,Oilcrop Transesterification,"Multiplier applied to conversion process yield (i.e., gallons fuel per ton feedstock)",,,1714,1.0,True,0.0368834939154317
31,CHC.Mature Industry Rate of Return as PCT[Biochem],numeric,identity,CHC.Mature Industry Rate of Return as PCT[Biochem],%/yr,5.0,15.0,Cellulosic Biochem,Sets required rate of return on investment for conversion facility. Used in calculation of net present value of prospective investment,,,916,1.0,True,0.0266998496395141
32,CHC.PY sensi multiplier[Thermochem]:CHC.progress ratios commercial[Thermochem],interaction,interaction,CHC.PY sensi multiplier[Thermochem],unitless,0.75,1.25,Cellulosic Thermochem,"Multiplier applied to conversion process yield (i.e., gallons fuel per ton feedstock)",CHC.progress ratios commercial[Thermochem],1/doubling,4496,1.0,True,0.1342362399133803
33,CHC.initial indices of Commercial Maturity[Brownfield]:CHC.FCI  sensi multiplier[Brownfield],interaction,interaction,CHC.initial indices of Commercial Maturity[Brownfield],unitless,0.0,0.7,Cellulosic Thermochem (Brownfield),Sets initial value for commercial maturity for conversion pathway on 0-1 scale,CHC.FCI  sensi multiplier[Brownfield],unitless,3876,1.0,True,0.0170369375556291
34,CHC.Mature Industry Rate of Return as PCT[Brownfield]_sqrt,transformation,sqrt,CHC.Mature Industry Rate of Return as PCT[Brownfield],%/yr,5.0,15.0,Cellulosic Thermochem (Brownfield),Sets required rate of return on investment for conversion facility. Used in calculation of net present value of prospective investment,,,3437,1.0,True,0.1269379715369458
35,SE.Max Jet Investment Hit Rate,numeric,identity,SE.Max Jet Investment Hit Rate,1/year,0.05,0.3,Starch Ethanol-to-Jet,Sets maximum potential rate of conversion of starch ethanol facilities to production of jet fuel,,,4212,1.0,True,0.0371178959881469
36,CHC.FCI  sensi multiplier[Thermochem],numeric,identity,CHC.FCI  sensi multiplier[Thermochem],unitless,0.75,1.25,Cellulosic Thermochem,Multiplier that is applied to fixed capital investment cost for conversion facility,,,3478,1.0,True,0.1895975988839546
37,CHC.Mature Industry Rate of Return as PCT[Thermochem]:CHC.FCI  sensi multiplier[Thermochem],interaction,interaction,CHC.Mature Industry Rate of Return as PCT[Thermochem],%/yr,5.0,15.0,Cellulosic Thermochem,Sets required rate of return on investment for conversion facility. Used in calculation of net present value of prospective investment,CHC.FCI  sensi multiplier[Thermochem],unitless,4421,1.0,True,0.0290668349642875
38,CHC.Mature Industry Rate of Return as PCT[Brownfield]:CHC.PY sensi multiplier[Brownfield],interaction,interaction,CHC.Mature Industry Rate of Return as PCT[Brownfield],%/yr,5.0,15.0,Cellulosic Thermochem (Brownfield),Sets required rate of return on investment for conversion facility. Used in calculation of net present value of prospective investment,CHC.PY sensi multiplier[Brownfield],unitless,3643,1.0,True,0.0323908572561902
39,CHC.Mature Industry Rate of Return as PCT[Thermochem]:CHC.progress ratios commercial[Thermochem],interaction,interaction,CHC.Mature Industry Rate of Return as PCT[Thermochem],%/yr,5.0,15.0,Cellulosic Thermochem,Sets required rate of return on investment for conversion facility. Used in calculation of net present value of prospective investment,CHC.progress ratios commercial[Thermochem],1/doubling,4026,1.0,True,0.0402125272603207
40,WW.PY sensi multiplier[ManureToHTL],numeric,identity,WW.PY sensi multiplier[ManureToHTL],unitless,0.75,1.25,Manure HTL,"Multiplier applied to conversion process yield (i.e., gallons fuel per ton feedstock)",,,1018,1.0,True,0.1258676124168795
41,WW.PY sensi multiplier[ManureToHTL]:WW.ORNOOC sensi multiplier[ManureToHTL],interaction,interaction,WW.PY sensi multiplier[ManureToHTL],unitless,0.75,1.25,Manure HTL,"Multiplier applied to conversion process yield (i.e., gallons fuel per ton feedstock)",WW.ORNOOC sensi multiplier[ManureToHTL],unitless,975,1.0,True,0.0124717785987015
42,WW.progress ratios commercial[SludgeToHTL]:WW.ORNOOC sensi multiplier[SludgeToHTL],interaction,interaction,WW.progress ratios commercial[SludgeToHTL],1/doubling,0.65,0.85,Sewage Sludge HTL,Sets rate at which each doubling of cumulative production impacts commercial maturity of conversion pathway,WW.ORNOOC sensi multiplier[SludgeToHTL],unitless,2041,1.0,True,0.0463992674228186
43,WW.PY sensi multiplier[SludgeToHTL]:WW.ORNOOC sensi multiplier[SludgeToHTL],interaction,interaction,WW.PY sensi multiplier[SludgeToHTL],unitless,0.75,1.25,Sewage Sludge HTL,"Multiplier applied to conversion process yield (i.e., gallons fuel per ton feedstock)",WW.ORNOOC sensi multiplier[SludgeToHTL],unitless,3517,1.0,True,0.0365151269882639
44,WW.PY sensi multiplier[SludgeToHTL]:WW.FCI  sensi multiplier[SludgeToHTL],interaction,interaction,WW.PY sensi multiplier[SludgeToHTL],unitless,0.75,1.25,Sewage Sludge HTL,"Multiplier applied to conversion process yield (i.e., gallons fuel per ton feedstock)",WW.FCI  sensi multiplier[SludgeToHTL],unitless,2377,1.0,True,0.0330027549017316
45,CHC.Mature Industry Rate of Return as PCT[Thermochem]:CHC.initial indices of Commercial Maturity[Thermochem],interaction,interaction,CHC.Mature Industry Rate of Return as PCT[Thermochem],%/yr,5.0,15.0,Cellulosic Thermochem,Sets required rate of return on investment for conversion facility. Used in calculation of net present value of prospective investment,CHC.initial indices of Commercial Maturity[Thermochem],unitless,5715,1.0,True,0.0144745937064211
46,WW.PY sensi multiplier[ManureToHTL]:WW.progress ratios commercial[ManureToHTL],interaction,interaction,WW.PY sensi multiplier[ManureToHTL],unitless,0.75,1.25,Manure HTL,"Multiplier applied to conversion process yield (i.e., gallons fuel per ton feedstock)",WW.progress ratios commercial[ManureToHTL],1/doubling,958,1.0,True,0.0175629319706857
47,OHC.PY sensi multiplier[HEFABrownfield]:OHC.PY sensi multiplier[HEFA],interaction,interaction,OHC.PY sensi multiplier[HEFABrownfield],unitless,0.75,1.25,Oilcrop HEFA (Brownfield),"Multiplier applied to conversion process yield (i.e., gallons fuel per ton feedstock)",OHC.PY sensi multiplier[HEFA],unitless,4473,1.0,True,0.1680013408539306
48,AHC.initial indices of Commercial Maturity[HTL],numeric,identity,AHC.initial indices of Commercial Maturity[HTL],unitless,0.0,0.2,Algal HTL,Sets initial value for commercial maturity for conversion pathway on 0-1 scale,,,2008,1.0,True,0.011466175883283
49,OHC.PY sensi multiplier[HEFABrownfield]_log1p,transformation,log1p,OHC.PY sensi multiplier[HEFABrownfield],unitless,0.75,1.25,Oilcrop HEFA (Brownfield),"Multiplier applied to conversion process yield (i.e., gallons fuel per ton feedstock)",,,3012,1.0,True,0.8258036770270846
50,WW.FCI  sensi multiplier[SludgeToHTL],numeric,identity,WW.FCI  sensi multiplier[SludgeToHTL],unitless,0.75,1.25,Sewage Sludge HTL,Multiplier that is applied to fixed capital investment cost for conversion facility,,,1721,1.0,True,0.0447671760360122
51,WW.progress ratios commercial[SludgeToHTL]:AHC.initial indices of Commercial Maturity[HTL],interaction,interaction,WW.progress ratios commercial[SludgeToHTL],1/doubling,0.65,0.85,Sewage Sludge HTL,Sets rate at which each doubling of cumulative production impacts commercial maturity of conversion pathway,AHC.initial indices of Commercial Maturity[HTL],unitless,1819,1.0,True,0.0101429041534346
52,CHC.initial indices of Commercial Maturity[Thermochem]:CHC.FCI  sensi multiplier[Thermochem],interaction,interaction,CHC.initial indices of Commercial Maturity[Thermochem],unitless,0.1,0.7,Cellulosic Thermochem,Sets initial value for commercial maturity for conversion pathway on 0-1 scale,CHC.FCI  sensi multiplier[Thermochem],unitless,3721,1.0,True,0.0118944548424884
53,WW.initial indices of Commercial Maturity[SludgeToHTL]_log1p,transformation,log1p,WW.initial indices of Commercial Maturity[SludgeToHTL],Unitless,0.0,0.2,Sewage Sludge HTL,Sets initial value for commercial maturity for conversion pathway on 0-1 scale,,,2272,0.98,True,0.0028087684566423
54,CHC.PY sensi multiplier[Brownfield],numeric,identity,CHC.PY sensi multiplier[Brownfield],unitless,0.75,1.25,Cellulosic Thermochem (Brownfield),"Multiplier applied to conversion process yield (i.e., gallons fuel per ton feedstock)",,,2560,1.0,True,0.1467938963553206
55,CHC.Mature Industry Rate of Return as PCT[Biochem]:CHC.FCI  sensi multiplier[Biochem],interaction,interaction,CHC.Mature Industry Rate of Return as PCT[Biochem],%/yr,5.0,15.0,Cellulosic Biochem,Sets required rate of return on investment for conversion facility. Used in calculation of net present value of prospective investment,CHC.FCI  sensi multiplier[Biochem],unitless,965,1.0,True,0.0143785908086502
56,CHC.Mature Industry Rate of Return as PCT[Biochem]:CHC.PY sensi multiplier[Biochem],interaction,interaction,CHC.Mature Industry Rate of Return as PCT[Biochem],%/yr,5.0,15.0,Cellulosic Biochem,Sets required rate of return on investment for conversion facility. Used in calculation of net present value of prospective investment,CHC.PY sensi multiplier[Biochem],unitless,449,1.0,True,0.0143975913115103
57,WW.Mature Industry Rate of Return as PCT[SludgeToHTL],numeric,identity,WW.Mature Industry Rate of Return as PCT[SludgeToHTL],%/yr,5.0,15.0,Sewage Sludge HTL,Sets required rate of return on investment for conversion facility. Used in calculation of net present value of prospective investment,,,2440,1.0,True,0.0758033517246078
58,CHC.PY sensi multiplier[Thermochem]:WW.progress ratios commercial[SludgeToHTL],interaction,interaction,CHC.PY sensi multiplier[Thermochem],unitless,0.75,1.25,Cellulosic Thermochem,"Multiplier applied to conversion process yield (i.e., gallons fuel per ton feedstock)",WW.progress ratios commercial[SludgeToHTL],1/doubling,2262,1.0,True,0.0453470751925199
59,WW.Mature Industry Rate of Return as PCT[SludgeToHTL]:WW.FCI  sensi multiplier[SludgeToHTL],interaction,interaction,WW.Mature Industry Rate of Return as PCT[SludgeToHTL],%/yr,5.0,15.0,Sewage Sludge HTL,Sets required rate of return on investment for conversion facility. Used in calculation of net present value of prospective investment,WW.FCI  sensi multiplier[SludgeToHTL],unitless,4159,1.0,True,0.0233212380808786
60,WW.PY sensi multiplier[ManureToHTL]:WW.initial indices of Commercial Maturity[ManureToHTL],interaction,interaction,WW.PY sensi multiplier[ManureToHTL],unitless,0.75,1.25,Manure HTL,"Multiplier applied to conversion process yield (i.e., gallons fuel per ton feedstock)",WW.initial indices of Commercial Maturity[ManureToHTL],Unitless,997,1.0,True,0.0031985131809002
61,CHC.PY sensi multiplier[Thermochem],numeric,identity,CHC.PY sensi multiplier[Thermochem],unitless,0.75,1.25,Cellulosic Thermochem,"Multiplier applied to conversion process yield (i.e., gallons fuel per ton feedstock)",,,5285,1.0,True,0.3403447985548919
62,WW.PY sensi multiplier[SludgeToHTL]:CHC.PY sensi multiplier[Thermochem],interaction,interaction,WW.PY sensi multiplier[SludgeToHTL],unitless,0.75,1.25,Sewage Sludge HTL,"Multiplier applied to conversion process yield (i.e., gallons fuel per ton feedstock)",CHC.PY sensi multiplier[Thermochem],unitless,4985,1.0,True,0.0462703020084248
63,CHC.FCI  sensi multiplier[Thermochem]_log1p,transformation,log1p,CHC.FCI  sensi multiplier[Thermochem],unitless,0.75,1.25,Cellulosic Thermochem,Multiplier that is applied to fixed capital investment cost for conversion facility,,,3106,1.0,True,0.1720498689455145
64,CHC.Mature Industry Rate of Return as PCT[Brownfield]:CHC.FCI  sensi multiplier[Brownfield],interaction,interaction,CHC.Mature Industry Rate of Return as PCT[Brownfield],%/yr,5.0,15.0,Cellulosic Thermochem (Brownfield),Sets required rate of return on investment for conversion facility. Used in calculation of net present value of prospective investment,CHC.FCI  sensi multiplier[Brownfield],unitless,2282,1.0,True,0.0132874013117455
65,CHC.initial indices of Commercial Maturity[Thermochem]:CHC.progress ratios commercial[Thermochem],interaction,interaction,CHC.initial indices of Commercial Maturity[Thermochem],unitless,0.1,0.7,Cellulosic Thermochem,Sets initial value for commercial maturity for conversion pathway on 0-1 scale,CHC.progress ratios commercial[Thermochem],1/doubling,3273,1.0,True,0.0140855055683636
66,OHC.PY sensi multiplier[HEFA]_inv,transformation,inverse,OHC.PY sensi multiplier[HEFA],unitless,0.75,1.25,Oilcrop HEFA,"Multiplier applied to conversion process yield (i.e., gallons fuel per ton feedstock)",,,4561,1.0,True,0.2524083181763218
67,CHC.initial indices of Commercial Maturity[Brownfield]:CHC.progress ratios commercial[Brownfield],interaction,interaction,CHC.initial indices of Commercial Maturity[Brownfield],unitless,0.0,0.7,Cellulosic Thermochem (Brownfield),Sets initial value for commercial maturity for conversion pathway on 0-1 scale,CHC.progress ratios commercial[Brownfield],1/doubling,2722,1.0,True,0.0182308067789906
68,WW.PY sensi multiplier[ManureToHTL]:WW.FCI  sensi multiplier[ManureToHTL],interaction,interaction,WW.PY sensi multiplier[ManureToHTL],unitless,0.75,1.25,Manure HTL,"Multiplier applied to conversion process yield (i.e., gallons fuel per ton feedstock)",WW.FCI  sensi multiplier[ManureToHTL],unitless,1168,1.0,True,0.0119566299456942
69,WW.progress ratios commercial[SludgeToHTL]:WW.initial indices of Commercial Maturity[SludgeToHTL],interaction,interaction,WW.progress ratios commercial[SludgeToHTL],1/doubling,0.65,0.85,Sewage Sludge HTL,Sets rate at which each doubling of cumulative production impacts commercial maturity of conversion pathway,WW.initial indices of Commercial Maturity[SludgeToHTL],Unitless,1990,1.0,True,0.0051383071705247
70,WW.progress ratios commercial[SludgeToHTL]:AHC.Mature Industry Rate of Return as PCT[HTL],interaction,interaction,WW.progress ratios commercial[SludgeToHTL],1/doubling,0.65,0.85,Sewage Sludge HTL,Sets rate at which each doubling of cumulative production impacts commercial maturity of conversion pathway,AHC.Mature Industry Rate of Return as PCT[HTL],%/yr,908,1.0,True,0.0113340052118745
71,CHC.PY sensi multiplier[Thermochem]:WW.Mature Industry Rate of Return as PCT[SludgeToHTL],interaction,interaction,CHC.PY sensi multiplier[Thermochem],unitless,0.75,1.25,Cellulosic Thermochem,"Multiplier applied to conversion process yield (i.e., gallons fuel per ton feedstock)",WW.Mature Industry Rate of Return as PCT[SludgeToHTL],%/yr,4980,1.0,True,0.0171900419474437
72,CHC.Mature Industry Rate of Return as PCT[Thermochem]:WW.progress ratios commercial[SludgeToHTL],interaction,interaction,CHC.Mature Industry Rate of Return as PCT[Thermochem],%/yr,5.0,15.0,Cellulosic Thermochem,Sets required rate of return on investment for conversion facility. Used in calculation of net present value of prospective investment,WW.progress ratios commercial[SludgeToHTL],1/doubling,2219,1.0,True,0.0161823045399534
73,WW.Mature Industry Rate of Return as PCT[ManureToHTL]:WW.ORNOOC sensi multiplier[ManureToHTL],interaction,interaction,WW.Mature Industry Rate of Return as PCT[ManureToHTL],%/yr,5.0,15.0,Manure HTL,Sets required rate of return on investment for conversion facility. Used in calculation of net present value of prospective investment,WW.ORNOOC sensi multiplier[ManureToHTL],unitless,1521,1.0,True,0.0047049166277397
74,WW.Mature Industry Rate of Return as PCT[ManureToHTL]:WW.FCI  sensi multiplier[ManureToHTL],interaction,interaction,WW.Mature Industry Rate of Return as PCT[ManureToHTL],%/yr,5.0,15.0,Manure HTL,Sets required rate of return on investment for conversion facility. Used in calculation of net present value of prospective investment,WW.FCI  sensi multiplier[ManureToHTL],unitless,856,1.0,True,0.0109999243545674
75,CHC.Mature Industry Rate of Return as PCT[Biochem]:CHC.initial indices of Commercial Maturity[Biochem],interaction,interaction,CHC.Mature Industry Rate of Return as PCT[Biochem],%/yr,5.0,15.0,Cellulosic Biochem,Sets required rate of return on investment for conversion facility. Used in calculation of net present value of prospective investment,CHC.initial indices of Commercial Maturity[Biochem],unitless,556,1.0,True,0.0051146146033503
76,WW.Mature Industry Rate of Return as PCT[ManureToHTL]_sq,transformation,quadratic,WW.Mature Industry Rate of Return as PCT[ManureToHTL],%/yr,5.0,15.0,Manure HTL,Sets required rate of return on investment for conversion facility. Used in calculation of net present value of prospective investment,,,986,1.0,True,0.0036174958279208
77,WW.Mature Industry Rate of Return as PCT[SludgeToHTL]:WW.ORNOOC sensi multiplier[SludgeToHTL],interaction,interaction,WW.Mature Industry Rate of Return as PCT[SludgeToHTL],%/yr,5.0,15.0,Sewage Sludge HTL,Sets required rate of return on investment for conversion facility. Used in calculation of net present value of prospective investment,WW.ORNOOC sensi multiplier[SludgeToHTL],unitless,2861,1.0,True,0.0102682844730559
78,WW.PY sensi multiplier[SludgeToHTL]:AHC.initial indices of Commercial Maturity[HTL],interaction,interaction,WW.PY sensi multiplier[SludgeToHTL],unitless,0.75,1.25,Sewage Sludge HTL,"Multiplier applied to conversion process yield (i.e., gallons fuel per ton feedstock)",AHC.initial indices of Commercial Maturity[HTL],unitless,2271,1.0,True,0.0041202311105508
79,OHC.PY sensi multiplier[HEFA]:OHC.progress ratios commercial[HEFA],interaction,interaction,OHC.PY sensi multiplier[HEFA],unitless,0.75,1.25,Oilcrop HEFA,"Multiplier applied to conversion process yield (i.e., gallons fuel per ton feedstock)",OHC.progress ratios commercial[HEFA],1/doubling,2570,1.0,True,0.1323127943533538
80,WW.Mature Industry Rate of Return as PCT[ManureToHTL]:WW.progress ratios commercial[ManureToHTL],interaction,interaction,WW.Mature Industry Rate of Return as PCT[ManureToHTL],%/yr,5.0,15.0,Manure HTL,Sets required rate of return on investment for conversion facility. Used in calculation of net present value of prospective investment,WW.progress ratios commercial[ManureToHTL],1/doubling,850,1.0,True,0.0064133891758918
81,CHC.PY sensi multiplier[Biochem],numeric,identity,CHC.PY sensi multiplier[Biochem],unitless,0.75,1.25,Cellulosic Biochem,"Multiplier applied to conversion process yield (i.e., gallons fuel per ton feedstock)",,,846,1.0,True,0.0335416348413814
82,WW.ORNOOC sensi multiplier[ManureToHTL]:WW.progress ratios commercial[ManureToHTL],interaction,interaction,WW.ORNOOC sensi multiplier[ManureToHTL],unitless,0.75,1.25,Manure HTL,"Multiplier applied to fixed operating cost, other (non-feedstock) operating costs, power sale credit, and other coproduct sale credit",WW.progress ratios commercial[ManureToHTL],1/doubling,613,1.0,True,0.0151585727832993
83,CHC.progress ratios commercial[Thermochem]_sq,transformation,quadratic,CHC.progress ratios commercial[Thermochem],1/doubling,0.65,0.85,Cellulosic Thermochem,Sets rate at which each doubling of cumulative production impacts commercial maturity of conversion pathway,,,2512,1.0,True,0.0406364603090469
84,OHC.Retirement Frac[TransEster]_sq,transformation,quadratic,OHC.Retirement Frac[TransEster],unitless,0.0,0.15,Oilcrop Transesterification,"Multiplier applied to conversion process yield (i.e., gallons fuel per ton feedstock)",,,3196,1.0,True,0.0077771055600779
85,WW.Mature Industry Rate of Return as PCT[ManureToHTL]:WW.initial indices of Commercial Maturity[ManureToHTL],interaction,interaction,WW.Mature Industry Rate of Return as PCT[ManureToHTL],%/yr,5.0,15.0,Manure HTL,Sets required rate of return on investment for conversion facility. Used in calculation of net present value of prospective investment,WW.initial indices of Commercial Maturity[ManureToHTL],Unitless,1012,1.0,True,0.0027905664389891
86,CHC.initial indices of Commercial Maturity[Brownfield]:CHC.PY sensi multiplier[Thermochem],interaction,interaction,CHC.initial indices of Commercial Maturity[Brownfield],unitless,0.0,0.7,Cellulosic Thermochem (Brownfield),Sets initial value for commercial maturity for conversion pathway on 0-1 scale,CHC.PY sensi multiplier[Thermochem],unitless,3546,1.0,True,0.0109258444237336
87,AHC.PY sensi multiplier[HTL]:WW.progress ratios commercial[SludgeToHTL],interaction,interaction,AHC.PY sensi multiplier[HTL],unitless,0.75,1.25,Algal HTL,"Multiplier applied to conversion process yield (i.e., gallons fuel per ton feedstock)",WW.progress ratios commercial[SludgeToHTL],1/doubling,758,1.0,True,0.0256208123939011
88,WW.PY sensi multiplier[SludgeToHTL]:CHC.Mature Industry Rate of Return as PCT[Thermochem],interaction,interaction,WW.PY sensi multiplier[SludgeToHTL],unitless,0.75,1.25,Sewage Sludge HTL,"Multiplier applied to conversion process yield (i.e., gallons fuel per ton feedstock)",CHC.Mature Industry Rate of Return as PCT[Thermochem],%/yr,4570,1.0,True,0.014507169683432
89,OHC.PY sensi multiplier[HEFABrownfield],numeric,identity,OHC.PY sensi multiplier[HEFABrownfield],unitless,0.75,1.25,Oilcrop HEFA (Brownfield),"Multiplier applied to conversion process yield (i.e., gallons fuel per ton feedstock)",,,2844,1.0,True,0.6184018260094064
90,OHC.Retirement Frac[TransEster]:OHC.PY sensi multiplier[HEFABrownfield],interaction,interaction,OHC.Retirement Frac[TransEster],unitless,0.0,0.15,Oilcrop Transesterification,"Multiplier applied to conversion process yield (i.e., gallons fuel per ton feedstock)",OHC.PY sensi multiplier[HEFABrownfield],unitless,2161,1.0,True,0.0206394540955515
91,WW.Mature Industry Rate of Return as PCT[ManureToHTL],numeric,identity,WW.Mature Industry Rate of Return as PCT[ManureToHTL],%/yr,5.0,15.0,Manure HTL,Sets required rate of return on investment for conversion facility. Used in calculation of net present value of prospective investment,,,850,0.94,True,0.025969706026556
92,SE.Max Jet Investment Hit Rate:SE.PY sensi multiplier[Jet],interaction,interaction,SE.Max Jet Investment Hit Rate,1/year,0.05,0.3,Starch Ethanol-to-Jet,Sets maximum potential rate of conversion of starch ethanol facilities to production of jet fuel,SE.PY sensi multiplier[Jet],unitless,3191,1.0,True,0.0191127159600982
93,CHC.PY sensi multiplier[Brownfield]:CHC.FCI  sensi multiplier[Brownfield],interaction,interaction,CHC.PY sensi multiplier[Brownfield],unitless,0.75,1.25,Cellulosic Thermochem (Brownfield),"Multiplier applied to conversion process yield (i.e., gallons fuel per ton feedstock)",CHC.FCI  sensi multiplier[Brownfield],unitless,1746,1.0,True,0.0242378748658088
94,CHC.PY sensi multiplier[Biochem]:CHC.FCI  sensi multiplier[Biochem],interaction,interaction,CHC.PY sensi multiplier[Biochem],unitless,0.75,1.25,Cellulosic Biochem,"Multiplier applied to conversion process yield (i.e., gallons fuel per ton feedstock)",CHC.FCI  sensi multiplier[Biochem],unitless,842,1.0,True,0.0139286726803612
95,CHC.initial indices of Commercial Maturity[Biochem]:CHC.PY sensi multiplier[Biochem],interaction,interaction,CHC.initial indices of Commercial Maturity[Biochem],unitless,0.0,0.2,Cellulosic Biochem,Sets initial value for commercial maturity for conversion pathway on 0-1 scale,CHC.PY sensi multiplier[Biochem],unitless,744,1.0,True,0.0035986786507196
96,CHC.Mature Industry Rate of Return as PCT[Brownfield]:CHC.progress ratios commercial[Brownfield],interaction,interaction,CHC.Mature Industry Rate of Return as PCT[Brownfield],%/yr,5.0,15.0,Cellulosic Thermochem (Brownfield),Sets required rate of return on investment for conversion facility. Used in calculation of net present value of prospective investment,CHC.progress ratios commercial[Brownfield],1/doubling,1849,1.0,True,0.0140875271915665
97,WW.ORNOOC sensi multiplier[SludgeToHTL],numeric,identity,WW.ORNOOC sensi multiplier[SludgeToHTL],unitless,0.75,1.25,Sewage Sludge HTL,"Multiplier applied to fixed operating cost, other (non-feedstock) operating costs, power sale credit, and other coproduct sale credit",,,2705,1.0,True,0.0978826026647298
98,CHC.PY sensi multiplier[Thermochem]:CHC.Debt Interest Rate as pct[Thermochem],interaction,interaction,CHC.PY sensi multiplier[Thermochem],unitless,0.75,1.25,Cellulosic Thermochem,"Multiplier applied to conversion process yield (i.e., gallons fuel per ton feedstock)",CHC.Debt Interest Rate as pct[Thermochem],%/yr,3127,1.0,True,0.0089664834114979
99,CHC.initial indices of Commercial Maturity[Biochem]:CHC.FCI  sensi multiplier[Biochem],interaction,interaction,CHC.initial indices of Commercial Maturity[Biochem],unitless,0.0,0.2,Cellulosic Biochem,Sets initial value for commercial maturity for conversion pathway on 0-1 scale,CHC.FCI  sensi multiplier[Biochem],unitless,1136,1.0,True,0.0037425511334445
100,SE.Mature Industry Rate of Return as PCT[Jet],numeric,identity,SE.Mature Industry Rate of Return as PCT[Jet],%/yr,5.0,15.0,Starch Ethanol-to-Jet,Sets required rate of return on investment for conversion facility. Used in calculation of net present value of prospective investment,,,848,1.0,True,0.0099074601535805
101,CHC.Mature Industry Rate of Return as PCT[Thermochem]:WW.Mature Industry Rate of Return as PCT[SludgeToHTL],interaction,interaction,CHC.Mature Industry Rate of Return as PCT[Thermochem],%/yr,5.0,15.0,Cellulosic Thermochem,Sets required rate of return on investment for conversion facility. Used in calculation of net present value of prospective investment,WW.Mature Industry Rate of Return as PCT[SludgeToHTL],%/yr,4682,1.0,True,0.0049367814706238
102,CHC.PY sensi multiplier[Thermochem]:CHC.Mature Industry Rate of Return as PCT[Brownfield],interaction,interaction,CHC.PY sensi multiplier[Thermochem],unitless,0.75,1.25,Cellulosic Thermochem,"Multiplier applied to conversion process yield (i.e., gallons fuel per ton feedstock)",CHC.Mature Industry Rate of Return as PCT[Brownfield],%/yr,2453,1.0,True,0.0110165510871125
103,WW.PY sensi multiplier[SludgeToHTL]:CHC.FCI  sensi multiplier[Thermochem],interaction,interaction,WW.PY sensi multiplier[SludgeToHTL],unitless,0.75,1.25,Sewage Sludge HTL,"Multiplier applied to conversion process yield (i.e., gallons fuel per ton feedstock)",CHC.FCI  sensi multiplier[Thermochem],unitless,3032,1.0,True,0.014230448050008
104,WW.PY sensi multiplier[SludgeToHTL]:WW.PY sensi multiplier[ManureToHTL],interaction,interaction,WW.PY sensi multiplier[SludgeToHTL],unitless,0.75,1.25,Sewage Sludge HTL,"Multiplier applied to conversion process yield (i.e., gallons fuel per ton feedstock)",WW.PY sensi multiplier[ManureToHTL],unitless,803,1.0,True,0.0048474443681855
105,SE.ORNOOC sensi multiplier[Jet],numeric,identity,SE.ORNOOC sensi multiplier[Jet],unitless,0.75,1.25,Starch Ethanol-to-Jet,"Multiplier applied to fixed operating cost, other (non-feedstock) operating costs, power sale credit, and other coproduct sale credit",,,1158,1.0,True,0.0209785173198544
106,CHC.FCI  sensi multiplier[Biochem],numeric,identity,CHC.FCI  sensi multiplier[Biochem],unitless,0.75,1.25,Cellulosic Biochem,Multiplier that is applied to fixed capital investment cost for conversion facility,,,840,1.0,True,0.014636572257584
107,CHC.PY sensi multiplier[Biochem]_inv,transformation,inverse,CHC.PY sensi multiplier[Biochem],unitless,0.75,1.25,Cellulosic Biochem,"Multiplier applied to conversion process yield (i.e., gallons fuel per ton feedstock)",,,686,1.0,True,0.0119716079294814
108,SE.PY sensi multiplier[Jet]:SE.Mature Industry Rate of Return as PCT[Jet],interaction,interaction,SE.PY sensi multiplier[Jet],unitless,0.75,1.25,Starch Ethanol-to-Jet,"Multiplier applied to conversion process yield (i.e., gallons fuel per ton feedstock)",SE.Mature Industry Rate of Return as PCT[Jet],%/yr,1236,1.0,True,0.0062986390414443
109,SE.Mature Industry Rate of Return as PCT[Jet]:SE.FCI  sensi multiplier[Jet],interaction,interaction,SE.Mature Industry Rate of Return as PCT[Jet],%/yr,5.0,15.0,Starch Ethanol-to-Jet,Sets required rate of return on investment for conversion facility. Used in calculation of net present value of prospective investment,SE.FCI  sensi multiplier[Jet],unitless,1108,1.0,True,0.0054689055865075
110,WW.PY sensi multiplier[SludgeToHTL]:WW.initial indices of Commercial Maturity[SludgeToHTL],interaction,interaction,WW.PY sensi multiplier[SludgeToHTL],unitless,0.75,1.25,Sewage Sludge HTL,"Multiplier applied to conversion process yield (i.e., gallons fuel per ton feedstock)",WW.initial indices of Commercial Maturity[SludgeToHTL],Unitless,1639,1.0,True,0.0022304974592472
111,SE.PY sensi multiplier[Jet]_inv,transformation,inverse,SE.PY sensi multiplier[Jet],unitless,0.75,1.25,Starch Ethanol-to-Jet,"Multiplier applied to conversion process yield (i.e., gallons fuel per ton feedstock)",,,1470,1.0,True,0.0198024196212972
112,"WW.PY sensi multiplier[ManureToHTL]:WW.Policy Duration[Price,ManureToHTL]",interaction,interaction,WW.PY sensi multiplier[ManureToHTL],unitless,0.75,1.25,Manure HTL,"Multiplier applied to conversion process yield (i.e., gallons fuel per ton feedstock)","WW.Policy Duration[Price,ManureToHTL]",year,2091,1.0,True,0.0049827868274239
113,WW.PY sensi multiplier[SludgeToHTL]:CHC.initial indices of Commercial Maturity[Thermochem],interaction,interaction,WW.PY sensi multiplier[SludgeToHTL],unitless,0.75,1.25,Sewage Sludge HTL,"Multiplier applied to conversion process yield (i.e., gallons fuel per ton feedstock)",CHC.initial indices of Commercial Maturity[Thermochem],unitless,3589,1.0,True,0.0037868684014384
114,CHC.PY sensi multiplier[Thermochem]:CHC.ORNOOC sensi multiplier[Thermochem],interaction,interaction,CHC.PY sensi multiplier[Thermochem],unitless,0.75,1.25,Cellulosic Thermochem,"Multiplier applied to conversion process yield (i.e., gallons fuel per ton feedstock)",CHC.ORNOOC sensi multiplier[Thermochem],unitless,3001,1.0,True,0.0123046737807185
115,OHC.PY sensi multiplier[HEFA]:OHC.Mature Industry Rate of Return as PCT[HEFA],interaction,interaction,OHC.PY sensi multiplier[HEFA],unitless,0.75,1.25,Oilcrop HEFA,"Multiplier applied to conversion process yield (i.e., gallons fuel per ton feedstock)",OHC.Mature Industry Rate of Return as PCT[HEFA],%/yr,2671,1.0,True,0.0276755647721857
116,AHC.Mature Industry Rate of Return as PCT[HTL]:AHC.FCI  sensi multiplier[HTL],interaction,interaction,AHC.Mature Industry Rate of Return as PCT[HTL],%/yr,5.0,15.0,Algal HTL,Sets required rate of return on investment for conversion facility. Used in calculation of net present value of prospective investment,AHC.FCI  sensi multiplier[HTL],unitless,674,1.0,True,0.0048431542410173
117,OHC.Retirement Frac[TransEster]:OHC.PY sensi multiplier[HEFA],interaction,interaction,OHC.Retirement Frac[TransEster],unitless,0.0,0.15,Oilcrop Transesterification,"Multiplier applied to conversion process yield (i.e., gallons fuel per ton feedstock)",OHC.PY sensi multiplier[HEFA],unitless,2179,1.0,True,0.0139870649596642
118,CHC.PY sensi multiplier[Brownfield]_inv,transformation,inverse,CHC.PY sensi multiplier[Brownfield],unitless,0.75,1.25,Cellulosic Thermochem (Brownfield),"Multiplier applied to conversion process yield (i.e., gallons fuel per ton feedstock)",,,1622,1.0,True,0.0163669489164591
119,CHC.initial indices of Commercial Maturity[Brownfield]:CHC.FCI  sensi multiplier[Thermochem],interaction,interaction,CHC.initial indices of Commercial Maturity[Brownfield],unitless,0.0,0.7,Cellulosic Thermochem (Brownfield),Sets initial value for commercial maturity for conversion pathway on 0-1 scale,CHC.FCI  sensi multiplier[Thermochem],unitless,2390,1.0,True,0.0035040641443492
120,WW.progress ratios commercial[SludgeToHTL]:AHC.FCI  sensi multiplier[HTL],interaction,interaction,WW.progress ratios commercial[SludgeToHTL],1/doubling,0.65,0.85,Sewage Sludge HTL,Sets rate at which each doubling of cumulative production impacts commercial maturity of conversion pathway,AHC.FCI  sensi multiplier[HTL],unitless,1726,1.0,True,0.02858493473249
121,CHC.initial indices of Commercial Maturity[Brownfield]:CHC.Mature Industry Rate of Return as PCT[Thermochem],interaction,interaction,CHC.initial indices of Commercial Maturity[Brownfield],unitless,0.0,0.7,Cellulosic Thermochem (Brownfield),Sets initial value for commercial maturity for conversion pathway on 0-1 scale,CHC.Mature Industry Rate of Return as PCT[Thermochem],%/yr,2748,1.0,True,0.0028671084333028
122,WW.FCI  sensi multiplier[ManureToHTL],numeric,identity,WW.FCI  sensi multiplier[ManureToHTL],unitless,0.75,1.25,Manure HTL,Multiplier that is applied to fixed capital investment cost for conversion facility,,,909,1.0,True,0.0217884056458644
123,OHC.PY sensi multiplier[HEFA]:OHC.ORNOOC sensi multiplier[HEFA],interaction,interaction,OHC.PY sensi multiplier[HEFA],unitless,0.75,1.25,Oilcrop HEFA,"Multiplier applied to conversion process yield (i.e., gallons fuel per ton feedstock)",OHC.ORNOOC sensi multiplier[HEFA],unitless,2498,1.0,True,0.0423803068128591
124,AHC.PY sensi multiplier[HTL]:AHC.Mature Industry Rate of Return as PCT[HTL],interaction,interaction,AHC.PY sensi multiplier[HTL],unitless,0.75,1.25,Algal HTL,"Multiplier applied to conversion process yield (i.e., gallons fuel per ton feedstock)",AHC.Mature Industry Rate of Return as PCT[HTL],%/yr,430,1.0,True,0.0053631670571439
125,OHC.PY sensi multiplier[HEFA]:CHC.PY sensi multiplier[Thermochem],interaction,interaction,OHC.PY sensi multiplier[HEFA],unitless,0.75,1.25,Oilcrop HEFA,"Multiplier applied to conversion process yield (i.e., gallons fuel per ton feedstock)",CHC.PY sensi multiplier[Thermochem],unitless,3276,1.0,True,0.0523082156163985
126,AHC.Mature Industry Rate of Return as PCT[HTL],numeric,identity,AHC.Mature Industry Rate of Return as PCT[HTL],%/yr,5.0,15.0,Algal HTL,Sets required rate of return on investment for conversion facility. Used in calculation of net present value of prospective investment,,,829,1.0,True,0.0118743241531349
127,CHC.FCI  sensi multiplier[Brownfield],numeric,identity,CHC.FCI  sensi multiplier[Brownfield],unitless,0.75,1.25,Cellulosic Thermochem (Brownfield),Multiplier that is applied to fixed capital investment cost for conversion facility,,,706,1.0,True,0.0372133283824632
128,CHC.PY sensi multiplier[Thermochem]:WW.PY sensi multiplier[ManureToHTL],interaction,interaction,CHC.PY sensi multiplier[Thermochem],unitless,0.75,1.25,Cellulosic Thermochem,"Multiplier applied to conversion process yield (i.e., gallons fuel per ton feedstock)",WW.PY sensi multiplier[ManureToHTL],unitless,1050,1.0,True,0.0045999425602857
129,OHC.PY sensi multiplier[HEFA]:OHC.FCI  sensi multiplier[HEFA],interaction,interaction,OHC.PY sensi multiplier[HEFA],unitless,0.75,1.25,Oilcrop HEFA,"Multiplier applied to conversion process yield (i.e., gallons fuel per ton feedstock)",OHC.FCI  sensi multiplier[HEFA],unitless,2891,1.0,True,0.0373059222871343
130,WW.PY sensi multiplier[SludgeToHTL]:WW.ORNOOC sensi multiplier[ManureToHTL],interaction,interaction,WW.PY sensi multiplier[SludgeToHTL],unitless,0.75,1.25,Sewage Sludge HTL,"Multiplier applied to conversion process yield (i.e., gallons fuel per ton feedstock)",WW.ORNOOC sensi multiplier[ManureToHTL],unitless,1149,1.0,True,0.0032851597527927
131,SE.PY sensi multiplier[Jet]:SE.ORNOOC sensi multiplier[Jet],interaction,interaction,SE.PY sensi multiplier[Jet],unitless,0.75,1.25,Starch Ethanol-to-Jet,"Multiplier applied to conversion process yield (i.e., gallons fuel per ton feedstock)",SE.ORNOOC sensi multiplier[Jet],unitless,1378,1.0,True,0.0107355718770433
132,CHC.PY sensi multiplier[Brownfield]:CHC.progress ratios commercial[Brownfield],interaction,interaction,CHC.PY sensi multiplier[Brownfield],unitless,0.75,1.25,Cellulosic Thermochem (Brownfield),"Multiplier applied to conversion process yield (i.e., gallons fuel per ton feedstock)",CHC.progress ratios commercial[Brownfield],1/doubling,1602,1.0,True,0.0356477432060908
133,OHC.PY sensi multiplier[HEFABrownfield]:OHC.progress ratios commercial[HEFA],interaction,interaction,OHC.PY sensi multiplier[HEFABrownfield],unitless,0.75,1.25,Oilcrop HEFA (Brownfield),"Multiplier applied to conversion process yield (i.e., gallons fuel per ton feedstock)",OHC.progress ratios commercial[HEFA],1/doubling,2535,1.0,True,0.0597005504433597
134,OHC.PY sensi multiplier[HEFA]:CHC.Mature Industry Rate of Return as PCT[Thermochem],interaction,interaction,OHC.PY sensi multiplier[HEFA],unitless,0.75,1.25,Oilcrop HEFA,"Multiplier applied to conversion process yield (i.e., gallons fuel per ton feedstock)",CHC.Mature Industry Rate of Return as PCT[Thermochem],%/yr,3432,1.0,True,0.0195860741223473
135,AHC.initial indices of Commercial Maturity[HTL]:WW.initial indices of Commercial Maturity[SludgeToHTL],interaction,interaction,AHC.initial indices of Commercial Maturity[HTL],unitless,0.0,0.2,Algal HTL,Sets initial value for commercial maturity for conversion pathway on 0-1 scale,WW.initial indices of Commercial Maturity[SludgeToHTL],Unitless,4682,1.0,True,0.0027416732903446
136,AHC.PY sensi multiplier[HTL]:AHC.FCI  sensi multiplier[HTL],interaction,interaction,AHC.PY sensi multiplier[HTL],unitless,0.75,1.25,Algal HTL,"Multiplier applied to conversion process yield (i.e., gallons fuel per ton feedstock)",AHC.FCI  sensi multiplier[HTL],unitless,428,1.0,True,0.0066466704595128
137,AHC.Mature Industry Rate of Return as PCT[HEFA],numeric,identity,AHC.Mature Industry Rate of Return as PCT[HEFA],%/yr,5.0,15.0,Algal HEFA,Sets required rate of return on investment for conversion facility. Used in calculation of net present value of prospective investment,,,1086,1.0,True,0.0031261839035965
138,CHC.Debt Interest Rate as pct[Thermochem],numeric,identity,CHC.Debt Interest Rate as pct[Thermochem],%/yr,5.0,12.0,Cellulosic Thermochem,Interest rate of loan for FCI of conversion facility,,,1279,1.0,True,0.0051799948704964
139,WW.PY sensi multiplier[SludgeToHTL]:AHC.Mature Industry Rate of Return as PCT[HTL],interaction,interaction,WW.PY sensi multiplier[SludgeToHTL],unitless,0.75,1.25,Sewage Sludge HTL,"Multiplier applied to conversion process yield (i.e., gallons fuel per ton feedstock)",AHC.Mature Industry Rate of Return as PCT[HTL],%/yr,715,1.0,True,0.0026240910276404
140,SE.Mature Industry Rate of Return as PCT[Jet]:SE.initial indices of Commercial Maturity[Jet],interaction,interaction,SE.Mature Industry Rate of Return as PCT[Jet],%/yr,5.0,15.0,Starch Ethanol-to-Jet,Sets required rate of return on investment for conversion facility. Used in calculation of net present value of prospective investment,SE.initial indices of Commercial Maturity[Jet],unitless,1160,1.0,True,0.0021157458895314
141,CHC.PY sensi multiplier[Thermochem]:CHC.PY sensi multiplier[Brownfield],interaction,interaction,CHC.PY sensi multiplier[Thermochem],unitless,0.75,1.25,Cellulosic Thermochem,"Multiplier applied to conversion process yield (i.e., gallons fuel per ton feedstock)",CHC.PY sensi multiplier[Brownfield],unitless,1972,1.0,True,0.0183839008153155
142,CHC.FCI  sensi multiplier[Thermochem]:CHC.Debt Interest Rate as pct[Thermochem],interaction,interaction,CHC.FCI  sensi multiplier[Thermochem],unitless,0.75,1.25,Cellulosic Thermochem,Multiplier that is applied to fixed capital investment cost for conversion facility,CHC.Debt Interest Rate as pct[Thermochem],%/yr,2355,1.0,True,0.0038833299169175
143,SE.Max Jet Investment Hit Rate:CHC.PY sensi multiplier[Thermochem],interaction,interaction,SE.Max Jet Investment Hit Rate,1/year,0.05,0.3,Starch Ethanol-to-Jet,Sets maximum potential rate of conversion of starch ethanol facilities to production of jet fuel,CHC.PY sensi multiplier[Thermochem],unitless,3934,1.0,True,0.0143628795786053
144,CHC.ORNOOC sensi multiplier[Thermochem],numeric,identity,CHC.ORNOOC sensi multiplier[Thermochem],unitless,0.75,1.25,Cellulosic Thermochem,"Multiplier applied to fixed operating cost, other (non-feedstock) operating costs, power sale credit, and other coproduct sale credit",,,2000,1.0,True,0.0138370304703973
145,OHC.progress ratios commercial[HEFA]:OHC.progress ratios commercial[HEFABrownfield],interaction,interaction,OHC.progress ratios commercial[HEFA],1/doubling,0.65,0.85,Oilcrop HEFA,Sets rate at which each doubling of cumulative production impacts commercial maturity of conversion pathway,OHC.progress ratios commercial[HEFABrownfield],1/doubling,2684,1.0,True,0.1133998514129376
146,CHC.FCI  sensi multiplier[Brownfield]:CHC.progress ratios commercial[Brownfield],interaction,interaction,CHC.FCI  sensi multiplier[Brownfield],unitless,0.75,1.25,Cellulosic Thermochem (Brownfield),Multiplier that is applied to fixed capital investment cost for conversion facility,CHC.progress ratios commercial[Brownfield],1/doubling,1360,1.0,True,0.0223018099454924
147,"OHC.PY sensi multiplier[HEFA]:OHC.Policy Duration[Price,HEFA]",interaction,interaction,OHC.PY sensi multiplier[HEFA],unitless,0.75,1.25,Oilcrop HEFA,"Multiplier applied to conversion process yield (i.e., gallons fuel per ton feedstock)","OHC.Policy Duration[Price,HEFA]",year,1141,1.0,True,0.0123128576673803
148,CHC.Mature Industry Rate of Return as PCT[Thermochem]:CHC.Mature Industry Rate of Return as PCT[Brownfield],interaction,interaction,CHC.Mature Industry Rate of Return as PCT[Thermochem],%/yr,5.0,15.0,Cellulosic Thermochem,Sets required rate of return on investment for conversion facility. Used in calculation of net present value of prospective investment,CHC.Mature Industry Rate of Return as PCT[Brownfield],%/yr,2294,1.0,True,0.0028052393494329
149,OHC.PY sensi multiplier[HEFA]:SE.Max Jet Investment Hit Rate,interaction,interaction,OHC.PY sensi multiplier[HEFA],unitless,0.75,1.25,Oilcrop HEFA,"Multiplier applied to conversion process yield (i.e., gallons fuel per ton feedstock)",SE.Max Jet Investment Hit Rate,1/year,2228,1.0,True,0.0145536900645155
150,CHC.Mature Industry Rate of Return as PCT[Biochem]_inv,transformation,inverse,CHC.Mature Industry Rate of Return as PCT[Biochem],%/yr,5.0,15.0,Cellulosic Biochem,Sets required rate of return on investment for conversion facility. Used in calculation of net present value of prospective investment,,,607,1.0,True,0.0036960625954666
151,CHC.FCI  sensi multiplier[Thermochem]:CHC.ORNOOC sensi multiplier[Thermochem],interaction,interaction,CHC.FCI  sensi multiplier[Thermochem],unitless,0.75,1.25,Cellulosic Thermochem,Multiplier that is applied to fixed capital investment cost for conversion facility,CHC.ORNOOC sensi multiplier[Thermochem],unitless,2042,1.0,True,0.0062795816460016
152,AHC.initial indices of Commercial Maturity[HTL]_sqrt,transformation,sqrt,AHC.initial indices of Commercial Maturity[HTL],unitless,0.0,0.2,Algal HTL,Sets initial value for commercial maturity for conversion pathway on 0-1 scale,,,2080,1.0,True,0.0034955573018787
153,AHC.PY sensi multiplier[HTL]:WW.PY sensi multiplier[SludgeToHTL],interaction,interaction,AHC.PY sensi multiplier[HTL],unitless,0.75,1.25,Algal HTL,"Multiplier applied to conversion process yield (i.e., gallons fuel per ton feedstock)",WW.PY sensi multiplier[SludgeToHTL],unitless,2954,1.0,True,0.0098716336662449
154,OHC.Mature Industry Rate of Return as PCT[HEFA],numeric,identity,OHC.Mature Industry Rate of Return as PCT[HEFA],%/yr,5.0,15.0,Oilcrop HEFA,Sets required rate of return on investment for conversion facility. Used in calculation of net present value of prospective investment,,,1663,1.0,True,0.0317094867165329
155,OHC.PY sensi multiplier[HEFA]:WW.PY sensi multiplier[SludgeToHTL],interaction,interaction,OHC.PY sensi multiplier[HEFA],unitless,0.75,1.25,Oilcrop HEFA,"Multiplier applied to conversion process yield (i.e., gallons fuel per ton feedstock)",WW.PY sensi multiplier[SludgeToHTL],unitless,3138,1.0,True,0.0237728582933603
156,AHC.FCI  sensi multiplier[HEFA],numeric,identity,AHC.FCI  sensi multiplier[HEFA],unitless,0.75,1.25,Algal HEFA,Multiplier that is applied to fixed capital investment cost for conversion facility,,,306,1.0,True,0.0111183325751232
157,OHC.PY sensi multiplier[HEFA]:CHC.FCI  sensi multiplier[Thermochem],interaction,interaction,OHC.PY sensi multiplier[HEFA],unitless,0.75,1.25,Oilcrop HEFA,"Multiplier applied to conversion process yield (i.e., gallons fuel per ton feedstock)",CHC.FCI  sensi multiplier[Thermochem],unitless,2404,1.0,True,0.0205875725127964
158,SE.Max Jet Investment Hit Rate:WW.progress ratios commercial[SludgeToHTL],interaction,interaction,SE.Max Jet Investment Hit Rate,1/year,0.05,0.3,Starch Ethanol-to-Jet,Sets maximum potential rate of conversion of starch ethanol facilities to production of jet fuel,WW.progress ratios commercial[SludgeToHTL],1/doubling,1904,1.0,True,0.0185933139898659
159,AHC.PY sensi multiplier[HTL]:WW.Mature Industry Rate of Return as PCT[SludgeToHTL],interaction,interaction,AHC.PY sensi multiplier[HTL],unitless,0.75,1.25,Algal HTL,"Multiplier applied to conversion process yield (i.e., gallons fuel per ton feedstock)",WW.Mature Industry Rate of Return as PCT[SludgeToHTL],%/yr,1724,1.0,True,0.0027728122483952
160,OHC.progress ratios commercial[HEFA],numeric,identity,OHC.progress ratios commercial[HEFA],1/doubling,0.65,0.85,Oilcrop HEFA,Sets rate at which each doubling of cumulative production impacts commercial maturity of conversion pathway,,,1518,1.0,True,0.4397390968878127
161,OHC.PY sensi multiplier[HEFA]:CHC.initial indices of Commercial Maturity[Thermochem],interaction,interaction,OHC.PY sensi multiplier[HEFA],unitless,0.75,1.25,Oilcrop HEFA,"Multiplier applied to conversion process yield (i.e., gallons fuel per ton feedstock)",CHC.initial indices of Commercial Maturity[Thermochem],unitless,2982,1.0,True,0.0054643217073559
162,SE.PY sensi multiplier[Jet],numeric,identity,SE.PY sensi multiplier[Jet],unitless,0.75,1.25,Starch Ethanol-to-Jet,"Multiplier applied to conversion process yield (i.e., gallons fuel per ton feedstock)",,,1249,1.0,True,0.0362967048926551
163,OHC.Retirement Frac[TransEster]:OHC.progress ratios commercial[HEFA],interaction,interaction,OHC.Retirement Frac[TransEster],unitless,0.0,0.15,Oilcrop Transesterification,"Multiplier applied to conversion process yield (i.e., gallons fuel per ton feedstock)",OHC.progress ratios commercial[HEFA],1/doubling,1228,1.0,True,0.0047760558895409
164,WW.PY sensi multiplier[ManureToHTL]:WW.ORNOOC sensi multiplier[SludgeToHTL],interaction,interaction,WW.PY sensi multiplier[ManureToHTL],unitless,0.75,1.25,Manure HTL,"Multiplier applied to conversion process yield (i.e., gallons fuel per ton feedstock)",WW.ORNOOC sensi multiplier[SludgeToHTL],unitless,440,1.0,True,0.0021154395822904
165,OHC.PY sensi multiplier[HEFABrownfield]:SE.Max Jet Investment Hit Rate,interaction,interaction,OHC.PY sensi multiplier[HEFABrownfield],unitless,0.75,1.25,Oilcrop HEFA (Brownfield),"Multiplier applied to conversion process yield (i.e., gallons fuel per ton feedstock)",SE.Max Jet Investment Hit Rate,1/year,2314,1.0,True,0.0123441937536747
166,OHC.PY sensi multiplier[HEFA]:WW.Mature Industry Rate of Return as PCT[SludgeToHTL],interaction,interaction,OHC.PY sensi multiplier[HEFA],unitless,0.75,1.25,Oilcrop HEFA,"Multiplier applied to conversion process yield (i.e., gallons fuel per ton feedstock)",WW.Mature Industry Rate of Return as PCT[SludgeToHTL],%/yr,2557,1.0,True,0.0103470285428637
167,OHC.progress ratios commercial[HEFABrownfield],numeric,identity,OHC.progress ratios commercial[HEFABrownfield],1/doubling,0.65,0.85,Oilcrop HEFA (Brownfield),Sets rate at which each doubling of cumulative production impacts commercial maturity of conversion pathway,,,2215,1.0,True,0.1119146385707879
168,"OHC.Policy Duration[Price,HEFA]",numeric,identity,"OHC.Policy Duration[Price,HEFA]",year,18.0,36.0,Oilcrop HEFA,Sets duration of unit price related incentive beginning with initial simulation year (2015),,,864,1.0,True,0.0137627484975531
169,WW.PY sensi multiplier[SludgeToHTL]:AHC.FCI  sensi multiplier[HTL],interaction,interaction,WW.PY sensi multiplier[SludgeToHTL],unitless,0.75,1.25,Sewage Sludge HTL,"Multiplier applied to conversion process yield (i.e., gallons fuel per ton feedstock)",AHC.FCI  sensi multiplier[HTL],unitless,382,1.0,True,0.0037062937669601
170,CHC.PY sensi multiplier[Thermochem]:OHC.progress ratios commercial[HEFA],interaction,interaction,CHC.PY sensi multiplier[Thermochem],unitless,0.75,1.25,Cellulosic Thermochem,"Multiplier applied to conversion process yield (i.e., gallons fuel per ton feedstock)",OHC.progress ratios commercial[HEFA],1/doubling,1247,1.0,True,0.0167719411896631
171,OHC.ORNOOC sensi multiplier[HEFA],numeric,identity,OHC.ORNOOC sensi multiplier[HEFA],unitless,0.75,1.25,Oilcrop HEFA,"Multiplier applied to fixed operating cost, other (non-feedstock) operating costs, power sale credit, and other coproduct sale credit",,,2213,1.0,True,0.0452592517309004
172,"WW.Policy Duration[Price,ManureToHTL]",numeric,identity,"WW.Policy Duration[Price,ManureToHTL]",year,18.0,36.0,Manure HTL,Sets duration of unit price related incentive beginning with initial simulation year (2015),,,429,0.88,True,0.0055093071258408
173,OHC.FCI  sensi multiplier[HEFA],numeric,identity,OHC.FCI  sensi multiplier[HEFA],unitless,0.75,1.25,Oilcrop HEFA,Multiplier that is applied to fixed capital investment cost for conversion facility,,,2876,1.0,True,0.0351068183297382
174,CHC.initial indices of Commercial Maturity[Biochem],numeric,identity,CHC.initial indices of Commercial Maturity[Biochem],unitless,0.0,0.2,Cellulosic Biochem,Sets initial value for commercial maturity for conversion pathway on 0-1 scale,,,511,1.0,True,0.0031039833485489
175,AHC.ORNOOC sensi multiplier[HTL],numeric,identity,AHC.ORNOOC sensi multiplier[HTL],unitless,0.75,1.25,Algal HTL,"Multiplier applied to fixed operating cost, other (non-feedstock) operating costs, power sale credit, and other coproduct sale credit",,,520,1.0,True,0.0218374688525234
176,CHC.FCI  sensi multiplier[Thermochem]:CHC.progress ratios commercial[Brownfield],interaction,interaction,CHC.FCI  sensi multiplier[Thermochem],unitless,0.75,1.25,Cellulosic Thermochem,Multiplier that is applied to fixed capital investment cost for conversion facility,CHC.progress ratios commercial[Brownfield],1/doubling,692,1.0,True,0.0110059354872701
177,SE.Max Jet Investment Hit Rate:SE.progress ratios commercial[Jet],interaction,interaction,SE.Max Jet Investment Hit Rate,1/year,0.05,0.3,Starch Ethanol-to-Jet,Sets maximum potential rate of conversion of starch ethanol facilities to production of jet fuel,SE.progress ratios commercial[Jet],1/doubling,1531,0.94,True,0.0084423277264184
178,OHC.PY sensi multiplier[HEFABrownfield]:CHC.progress ratios commercial[Thermochem],interaction,interaction,OHC.PY sensi multiplier[HEFABrownfield],unitless,0.75,1.25,Oilcrop HEFA (Brownfield),"Multiplier applied to conversion process yield (i.e., gallons fuel per ton feedstock)",CHC.progress ratios commercial[Thermochem],1/doubling,2611,1.0,True,0.0295350120885225
179,WW.Mature Industry Rate of Return as PCT[ManureToHTL]:OHC.progress ratios commercial[HEFABrownfield],interaction,interaction,WW.Mature Industry Rate of Return as PCT[ManureToHTL],%/yr,5.0,15.0,Manure HTL,Sets required rate of return on investment for conversion facility. Used in calculation of net present value of prospective investment,OHC.progress ratios commercial[HEFABrownfield],1/doubling,908,1.0,True,0.0039509130062458
180,OHC.PY sensi multiplier[HEFA]:WW.ORNOOC sensi multiplier[SludgeToHTL],interaction,interaction,OHC.PY sensi multiplier[HEFA],unitless,0.75,1.25,Oilcrop HEFA,"Multiplier applied to conversion process yield (i.e., gallons fuel per ton feedstock)",WW.ORNOOC sensi multiplier[SludgeToHTL],unitless,1536,1.0,True,0.0075682711253164
181,"OHC.PY sensi multiplier[HEFABrownfield]:OHC.Policy Duration[Price,HEFABrownfield]",interaction,interaction,OHC.PY sensi multiplier[HEFABrownfield],unitless,0.75,1.25,Oilcrop HEFA (Brownfield),"Multiplier applied to conversion process yield (i.e., gallons fuel per ton feedstock)","OHC.Policy Duration[Price,HEFABrownfield]",year,1089,1.0,True,0.0085647730931819
182,WW.initial indices of Commercial Maturity[ManureToHTL],numeric,identity,WW.initial indices of Commercial Maturity[ManureToHTL],Unitless,0.0,0.2,Manure HTL,Sets initial value for commercial maturity for conversion pathway on 0-1 scale,,,949,1.0,True,0.0024613325830596
183,SE.progress ratios commercial[Jet],numeric,identity,SE.progress ratios commercial[Jet],1/doubling,0.65,0.85,Starch Ethanol-to-Jet,Sets rate at which each doubling of cumulative production impacts commercial maturity of conversion pathway,,,892,1.0,True,0.0140693975915198
184,AHC.FCI  sensi multiplier[HTL],numeric,identity,AHC.FCI  sensi multiplier[HTL],unitless,0.75,1.25,Algal HTL,Multiplier that is applied to fixed capital investment cost for conversion facility,,,2736,1.0,True,0.0417154959590664
185,WW.PY sensi multiplier[ManureToHTL]:SE.progress ratios commercial[Jet],interaction,interaction,WW.PY sensi multiplier[ManureToHTL],unitless,0.75,1.25,Manure HTL,"Multiplier applied to conversion process yield (i.e., gallons fuel per ton feedstock)",SE.progress ratios commercial[Jet],1/doubling,278,1.0,True,0.0062625493191044
186,OHC.ORNOOC sensi multiplier[HEFABrownfield],numeric,identity,OHC.ORNOOC sensi multiplier[HEFABrownfield],unitless,0.75,1.25,Oilcrop HEFA (Brownfield),"Multiplier applied to fixed operating cost, other (non-feedstock) operating costs, power sale credit, and other coproduct sale credit",,,654,1.0,True,0.015727361350216
187,OHC.PY sensi multiplier[HEFA]:OHC.Debt Interest Rate as pct[HEFA],interaction,interaction,OHC.PY sensi multiplier[HEFA],unitless,0.75,1.25,Oilcrop HEFA,"Multiplier applied to conversion process yield (i.e., gallons fuel per ton feedstock)",OHC.Debt Interest Rate as pct[HEFA],%/yr,1697,1.0,True,0.0060292887203183
188,WW.PY sensi multiplier[ManureToHTL]:OHC.ORNOOC sensi multiplier[HEFA],interaction,interaction,WW.PY sensi multiplier[ManureToHTL],unitless,0.75,1.25,Manure HTL,"Multiplier applied to conversion process yield (i.e., gallons fuel per ton feedstock)",OHC.ORNOOC sensi multiplier[HEFA],unitless,1824,1.0,True,0.0057718477983199
189,OHC.progress ratios commercial[HEFA]:WW.Debt Interest Rate as pct[SludgeToHTL],interaction,interaction,OHC.progress ratios commercial[HEFA],1/doubling,0.65,0.85,Oilcrop HEFA,Sets rate at which each doubling of cumulative production impacts commercial maturity of conversion pathway,WW.Debt Interest Rate as pct[SludgeToHTL],%/yr,349,1.0,True,0.0044990122068289
190,"OHC.Policy Duration[Price,TransEster]",numeric,identity,"OHC.Policy Duration[Price,TransEster]",year,18.0,36.0,Oilcrop Transesterification,Sets duration of unit price related incentive beginning with initial simulation year (2015),,,471,1.0,True,0.0088288859332576
191,OHC.Mature Industry Rate of Return as PCT[HEFA]:OHC.progress ratios commercial[HEFA],interaction,interaction,OHC.Mature Industry Rate of Return as PCT[HEFA],%/yr,5.0,15.0,Oilcrop HEFA,Sets required rate of return on investment for conversion facility. Used in calculation of net present value of prospective investment,OHC.progress ratios commercial[HEFA],1/doubling,1130,1.0,True,0.0061918124639602
192,OHC.progress ratios commercial[HEFA]:OHC.ORNOOC sensi multiplier[HEFABrownfield],interaction,interaction,OHC.progress ratios commercial[HEFA],1/doubling,0.65,0.85,Oilcrop HEFA,Sets rate at which each doubling of cumulative production impacts commercial maturity of conversion pathway,OHC.ORNOOC sensi multiplier[HEFABrownfield],unitless,274,1.0,True,0.0093046771974032
193,"CHC.progress ratios commercial[Thermochem]:SE.Policy Duration[Price,Jet]",interaction,interaction,CHC.progress ratios commercial[Thermochem],1/doubling,0.65,0.85,Cellulosic Thermochem,Sets rate at which each doubling of cumulative production impacts commercial maturity of conversion pathway,"SE.Policy Duration[Price,Jet]",year,537,1.0,True,0.004764259500078
194,CHC.progress ratios commercial[Brownfield],numeric,identity,CHC.progress ratios commercial[Brownfield],1/doubling,0.65,0.85,Cellulosic Thermochem (Brownfield),Sets rate at which each doubling of cumulative production impacts commercial maturity of conversion pathway,,,1018,1.0,True,0.0927083821948771
195,WW.ORNOOC sensi multiplier[ManureToHTL],numeric,identity,WW.ORNOOC sensi multiplier[ManureToHTL],unitless,0.75,1.25,Manure HTL,"Multiplier applied to fixed operating cost, other (non-feedstock) operating costs, power sale credit, and other coproduct sale credit",,,774,1.0,True,0.0236104026711795
196,AHC.Debt Interest Rate as pct[HTL],numeric,identity,AHC.Debt Interest Rate as pct[HTL],%/yr,5.0,12.0,Algal HTL,Interest rate of loan for FCI of conversion facility,,,438,0.92,True,0.0030875634292326
197,"CHC.PY sensi multiplier[Thermochem]:CHC.Policy Duration[Price,Thermochem]",interaction,interaction,CHC.PY sensi multiplier[Thermochem],unitless,0.75,1.25,Cellulosic Thermochem,"Multiplier applied to conversion process yield (i.e., gallons fuel per ton feedstock)","CHC.Policy Duration[Price,Thermochem]",year,2176,1.0,True,0.0065139399700536
198,WW.PY sensi multiplier[ManureToHTL]:CHC.progress ratios commercial[Thermochem],interaction,interaction,WW.PY sensi multiplier[ManureToHTL],unitless,0.75,1.25,Manure HTL,"Multiplier applied to conversion process yield (i.e., gallons fuel per ton feedstock)",CHC.progress ratios commercial[Thermochem],1/doubling,2073,1.0,True,0.0195883741679805
199,WW.PY sensi multiplier[ManureToHTL]:CHC.PY sensi multiplier[Brownfield],interaction,interaction,WW.PY sensi multiplier[ManureToHTL],unitless,0.75,1.25,Manure HTL,"Multiplier applied to conversion process yield (i.e., gallons fuel per ton feedstock)",CHC.PY sensi multiplier[Brownfield],unitless,568,1.0,True,0.0021358884795938
200,"OHC.progress ratios commercial[HEFA]:OHC.Policy Duration[Price,TransEster]",interaction,interaction,OHC.progress ratios commercial[HEFA],1/doubling,0.65,0.85,Oilcrop HEFA,Sets rate at which each doubling of cumulative production impacts commercial maturity of conversion pathway,"OHC.Policy Duration[Price,TransEster]",year,252,1.0,True,0.0053589087222266
201,SE.PY sensi multiplier[Jet]:WW.progress ratios commercial[ManureToHTL],interaction,interaction,SE.PY sensi multiplier[Jet],unitless,0.75,1.25,Starch Ethanol-to-Jet,"Multiplier applied to conversion process yield (i.e., gallons fuel per ton feedstock)",WW.progress ratios commercial[ManureToHTL],1/doubling,312,0.96,True,0.0072535951155735
202,OHC.PY sensi multiplier[HEFA]:WW.PY sensi multiplier[ManureToHTL],interaction,interaction,OHC.PY sensi multiplier[HEFA],unitless,0.75,1.25,Oilcrop HEFA,"Multiplier applied to conversion process yield (i.e., gallons fuel per ton feedstock)",WW.PY sensi multiplier[ManureToHTL],unitless,1434,1.0,True,0.0041255576112542
203,"WW.PY sensi multiplier[ManureToHTL]:WW.Policy Duration[Price,SludgeToHTL]",interaction,interaction,WW.PY sensi multiplier[ManureToHTL],unitless,0.75,1.25,Manure HTL,"Multiplier applied to conversion process yield (i.e., gallons fuel per ton feedstock)","WW.Policy Duration[Price,SludgeToHTL]",year,934,1.0,True,0.0031509759015071
204,WW.progress ratios commercial[SludgeToHTL]:OHC.progress ratios commercial[HEFA],interaction,interaction,WW.progress ratios commercial[SludgeToHTL],1/doubling,0.65,0.85,Sewage Sludge HTL,Sets rate at which each doubling of cumulative production impacts commercial maturity of conversion pathway,OHC.progress ratios commercial[HEFA],1/doubling,1253,0.98,True,0.1008448629693068
205,OHC.Mature Industry Rate of Return as PCT[HEFABrownfield],numeric,identity,OHC.Mature Industry Rate of Return as PCT[HEFABrownfield],%/yr,5.0,15.0,Oilcrop HEFA (Brownfield),Sets required rate of return on investment for conversion facility. Used in calculation of net present value of prospective investment,,,2271,1.0,True,0.0047361961279727
206,"OHC.PY sensi multiplier[HEFA]:SE.Policy Duration[Price,Jet]",interaction,interaction,OHC.PY sensi multiplier[HEFA],unitless,0.75,1.25,Oilcrop HEFA,"Multiplier applied to conversion process yield (i.e., gallons fuel per ton feedstock)","SE.Policy Duration[Price,Jet]",year,579,1.0,True,0.0023072663775118
207,"OHC.progress ratios commercial[HEFA]:OHC.Policy Duration[Price,HEFABrownfield]",interaction,interaction,OHC.progress ratios commercial[HEFA],1/doubling,0.65,0.85,Oilcrop HEFA,Sets rate at which each doubling of cumulative production impacts commercial maturity of conversion pathway,"OHC.Policy Duration[Price,HEFABrownfield]",year,507,0.98,True,0.0064189740981105
208,CHC.FCI  sensi multiplier[Brownfield]:OHC.progress ratios commercial[HEFA],interaction,interaction,CHC.FCI  sensi multiplier[Brownfield],unitless,0.75,1.25,Cellulosic Thermochem (Brownfield),Multiplier that is applied to fixed capital investment cost for conversion facility,OHC.progress ratios commercial[HEFA],1/doubling,147,1.0,True,0.0091915605395919
209,CHC.Debt Interest Rate as pct[Biochem],numeric,identity,CHC.Debt Interest Rate as pct[Biochem],%/yr,5.0,12.0,Cellulosic Biochem,Interest rate of loan for FCI of conversion facility,,,411,0.78,True,0.0045019083619708
210,WW.ORNOOC sensi multiplier[SludgeToHTL]:AHC.ORNOOC sensi multiplier[HTL],interaction,interaction,WW.ORNOOC sensi multiplier[SludgeToHTL],unitless,0.75,1.25,Sewage Sludge HTL,"Multiplier applied to fixed operating cost, other (non-feedstock) operating costs, power sale credit, and other coproduct sale credit",AHC.ORNOOC sensi multiplier[HTL],unitless,1270,1.0,True,0.005000181822072
211,CHC.PY sensi multiplier[Brownfield]:OHC.progress ratios commercial[HEFA],interaction,interaction,CHC.PY sensi multiplier[Brownfield],unitless,0.75,1.25,Cellulosic Thermochem (Brownfield),"Multiplier applied to conversion process yield (i.e., gallons fuel per ton feedstock)",OHC.progress ratios commercial[HEFA],1/doubling,232,0.92,True,0.0108714264797184
212,WW.Mature Industry Rate of Return as PCT[ManureToHTL]:OHC.progress ratios commercial[HEFA],interaction,interaction,WW.Mature Industry Rate of Return as PCT[ManureToHTL],%/yr,5.0,15.0,Manure HTL,Sets required rate of return on investment for conversion facility. Used in calculation of net present value of prospective investment,OHC.progress ratios commercial[HEFA],1/doubling,213,0.92,True,0.0024124447785425
213,WW.progress ratios commercial[ManureToHTL],numeric,identity,WW.progress ratios commercial[ManureToHTL],1/doubling,0.65,0.85,Manure HTL,Sets rate at which each doubling of cumulative production impacts commercial maturity of conversion pathway,,,246,1.0,True,0.0646756134306314
214,"OHC.Policy Duration[Price,HEFABrownfield]",numeric,identity,"OHC.Policy Duration[Price,HEFABrownfield]",year,18.0,36.0,Oilcrop HEFA (Brownfield),Sets duration of unit price related incentive beginning with initial simulation year (2015),,,694,0.88,True,0.0204338231489602
215,WW.ORNOOC sensi multiplier[SludgeToHTL]:WW.FCI  sensi multiplier[ManureToHTL],interaction,interaction,WW.ORNOOC sensi multiplier[SludgeToHTL],unitless,0.75,1.25,Sewage Sludge HTL,"Multiplier applied to fixed operating cost, other (non-feedstock) operating costs, power sale credit, and other coproduct sale credit",WW.FCI  sensi multiplier[ManureToHTL],unitless,345,1.0,True,0.0021021672889285
216,"WW.Policy Duration[Price,SludgeToHTL]",numeric,identity,"WW.Policy Duration[Price,SludgeToHTL]",year,18.0,36.0,Sewage Sludge HTL,Sets duration of unit price related incentive beginning with initial simulation year (2015),,,766,1.0,True,0.0048867710224091
217,SE.ORNOOC sensi multiplier[Jet]:CHC.FCI  sensi multiplier[Brownfield],interaction,interaction,SE.ORNOOC sensi multiplier[Jet],unitless,0.75,1.25,Starch Ethanol-to-Jet,"Multiplier applied to fixed operating cost, other (non-feedstock) operating costs, power sale credit, and other coproduct sale credit",CHC.FCI  sensi multiplier[Brownfield],unitless,317,1.0,True,0.002461070091948
218,WW.Debt Interest Rate as pct[SludgeToHTL],numeric,identity,WW.Debt Interest Rate as pct[SludgeToHTL],%/yr,5.0,12.0,Sewage Sludge HTL,Interest rate of loan for FCI of conversion facility,,,786,1.0,True,0.0071471871967091
219,CHC.Mature Industry Rate of Return as PCT[Brownfield]:CHC.progress ratios commercial[Thermochem],interaction,interaction,CHC.Mature Industry Rate of Return as PCT[Brownfield],%/yr,5.0,15.0,Cellulosic Thermochem (Brownfield),Sets required rate of return on investment for conversion facility. Used in calculation of net present value of prospective investment,CHC.progress ratios commercial[Thermochem],1/doubling,990,0.98,True,0.0049267029192654
220,"SE.Policy Duration[Price,Jet]",numeric,identity,"SE.Policy Duration[Price,Jet]",year,18.0,36.0,Starch Ethanol-to-Jet,Sets duration of unit price related incentive beginning with initial simulation year (2015),,,692,1.0,True,0.0090126147229466
221,WW.PY sensi multiplier[ManureToHTL]:AHC.FCI  sensi multiplier[HEFA],interaction,interaction,WW.PY sensi multiplier[ManureToHTL],unitless,0.75,1.25,Manure HTL,"Multiplier applied to conversion process yield (i.e., gallons fuel per ton feedstock)",AHC.FCI  sensi multiplier[HEFA],unitless,218,1.0,True,0.0021505950454044
222,OHC.ORNOOC sensi multiplier[HEFA]:AHC.ORNOOC sensi multiplier[HTL],interaction,interaction,OHC.ORNOOC sensi multiplier[HEFA],unitless,0.75,1.25,Oilcrop HEFA,"Multiplier applied to fixed operating cost, other (non-feedstock) operating costs, power sale credit, and other coproduct sale credit",AHC.ORNOOC sensi multiplier[HTL],unitless,675,1.0,True,0.0039575365140627
223,"OHC.progress ratios commercial[HEFA]:CHC.Policy Duration[Price,Thermochem]",interaction,interaction,OHC.progress ratios commercial[HEFA],1/doubling,0.65,0.85,Oilcrop HEFA,Sets rate at which each doubling of cumulative production impacts commercial maturity of conversion pathway,"CHC.Policy Duration[Price,Thermochem]",year,197,0.94,True,0.005195241019563
224,"AHC.PY sensi multiplier[HTL]:OHC.Policy Duration[Price,HEFABrownfield]",interaction,interaction,AHC.PY sensi multiplier[HTL],unitless,0.75,1.25,Algal HTL,"Multiplier applied to conversion process yield (i.e., gallons fuel per ton feedstock)","OHC.Policy Duration[Price,HEFABrownfield]",year,1263,1.0,True,0.003115251830989
225,"CHC.FCI  sensi multiplier[Brownfield]:OHC.Policy Duration[Price,HEFA]",interaction,interaction,CHC.FCI  sensi multiplier[Brownfield],unitless,0.75,1.25,Cellulosic Thermochem (Brownfield),Multiplier that is applied to fixed capital investment cost for conversion facility,"OHC.Policy Duration[Price,HEFA]",year,1894,1.0,True,0.0037441307381043
226,"AHC.ORNOOC sensi multiplier[HTL]:OHC.Policy Duration[Price,HEFABrownfield]",interaction,interaction,AHC.ORNOOC sensi multiplier[HTL],unitless,0.75,1.25,Algal HTL,"Multiplier applied to fixed operating cost, other (non-feedstock) operating costs, power sale credit, and other coproduct sale credit","OHC.Policy Duration[Price,HEFABrownfield]",year,798,0.86,True,0.0020065072737584
227,OHC.progress ratios commercial[HEFA]:CHC.progress ratios commercial[Brownfield],interaction,interaction,OHC.progress ratios commercial[HEFA],1/doubling,0.65,0.85,Oilcrop HEFA,Sets rate at which each doubling of cumulative production impacts commercial maturity of conversion pathway,CHC.progress ratios commercial[Brownfield],1/doubling,525,1.0,True,0.0551692732872408
228,WW.PY sensi multiplier[ManureToHTL]:OHC.progress ratios commercial[HEFA],interaction,interaction,WW.PY sensi multiplier[ManureToHTL],unitless,0.75,1.25,Manure HTL,"Multiplier applied to conversion process yield (i.e., gallons fuel per ton feedstock)",OHC.progress ratios commercial[HEFA],1/doubling,261,1.0,True,0.0100370289162001
229,WW.PY sensi multiplier[ManureToHTL]:CHC.FCI  sensi multiplier[Thermochem],interaction,interaction,WW.PY sensi multiplier[ManureToHTL],unitless,0.75,1.25,Manure HTL,"Multiplier applied to conversion process yield (i.e., gallons fuel per ton feedstock)",CHC.FCI  sensi multiplier[Thermochem],unitless,362,1.0,True,0.0038682977666498
230,WW.FCI  sensi multiplier[ManureToHTL]:OHC.progress ratios commercial[HEFA],interaction,interaction,WW.FCI  sensi multiplier[ManureToHTL],unitless,0.75,1.25,Manure HTL,Multiplier that is applied to fixed capital investment cost for conversion facility,OHC.progress ratios commercial[HEFA],1/doubling,218,1.0,True,0.0082555269281961
231,CHC.FCI  sensi multiplier[Thermochem]:SE.FCI  sensi multiplier[Jet],interaction,interaction,CHC.FCI  sensi multiplier[Thermochem],unitless,0.75,1.25,Cellulosic Thermochem,Multiplier that is applied to fixed capital investment cost for conversion facility,SE.FCI  sensi multiplier[Jet],unitless,169,0.92,True,0.0022270571303513
232,"CHC.Policy Duration[Price,Thermochem]",numeric,identity,"CHC.Policy Duration[Price,Thermochem]",year,18.0,36.0,Cellulosic Thermochem,Sets duration of unit price related incentive beginning with initial simulation year (2015),,,222,0.98,True,0.016832173165017
233,OHC.PY sensi multiplier[HEFA]:CHC.PY sensi multiplier[Biochem],interaction,interaction,OHC.PY sensi multiplier[HEFA],unitless,0.75,1.25,Oilcrop HEFA,"Multiplier applied to conversion process yield (i.e., gallons fuel per ton feedstock)",CHC.PY sensi multiplier[Biochem],unitless,354,1.0,True,0.0027232780406905
234,WW.PY sensi multiplier[ManureToHTL]:OHC.ORNOOC sensi multiplier[HEFABrownfield],interaction,interaction,WW.PY sensi multiplier[ManureToHTL],unitless,0.75,1.25,Manure HTL,"Multiplier applied to conversion process yield (i.e., gallons fuel per ton feedstock)",OHC.ORNOOC sensi multiplier[HEFABrownfield],unitless,506,1.0,True,0.0046010967365603
235,SE.FCI  sensi multiplier[Jet],numeric,identity,SE.FCI  sensi multiplier[Jet],unitless,0.75,1.25,Starch Ethanol-to-Jet,Multiplier that is applied to fixed capital investment cost for conversion facility,,,654,0.98,True,0.0092977756991019
236,CHC.FCI  sensi multiplier[Thermochem]:OHC.progress ratios commercial[HEFABrownfield],interaction,interaction,CHC.FCI  sensi multiplier[Thermochem],unitless,0.75,1.25,Cellulosic Thermochem,Multiplier that is applied to fixed capital investment cost for conversion facility,OHC.progress ratios commercial[HEFABrownfield],1/doubling,79,0.98,True,0.0061483780631658
237,WW.progress ratios commercial[SludgeToHTL]:SE.Alt Price Sensi multiplier[EtOH],interaction,interaction,WW.progress ratios commercial[SludgeToHTL],1/doubling,0.65,0.85,Sewage Sludge HTL,Sets rate at which each doubling of cumulative production impacts commercial maturity of conversion pathway,SE.Alt Price Sensi multiplier[EtOH],Unitless,722,1.0,True,0.0020376972378712
238,OHC.progress ratios commercial[HEFA]:AHC.ORNOOC sensi multiplier[HTL],interaction,interaction,OHC.progress ratios commercial[HEFA],1/doubling,0.65,0.85,Oilcrop HEFA,Sets rate at which each doubling of cumulative production impacts commercial maturity of conversion pathway,AHC.ORNOOC sensi multiplier[HTL],unitless,505,1.0,True,0.0163355054974243
239,"WW.progress ratios commercial[SludgeToHTL]:CHC.Policy Duration[Price,Thermochem]",interaction,interaction,WW.progress ratios commercial[SludgeToHTL],1/doubling,0.65,0.85,Sewage Sludge HTL,Sets rate at which each doubling of cumulative production impacts commercial maturity of conversion pathway,"CHC.Policy Duration[Price,Thermochem]",year,274,0.98,True,0.0098631574295718
240,OHC.progress ratios commercial[HEFA]:WW.progress ratios commercial[ManureToHTL],interaction,interaction,OHC.progress ratios commercial[HEFA],1/doubling,0.65,0.85,Oilcrop HEFA,Sets rate at which each doubling of cumulative production impacts commercial maturity of conversion pathway,WW.progress ratios commercial[ManureToHTL],1/doubling,227,0.94,True,0.0447479681630834
241,OHC.Debt Interest Rate as pct[HEFA],numeric,identity,OHC.Debt Interest Rate as pct[HEFA],%/yr,5.0,12.0,Oilcrop HEFA,Interest rate of loan for FCI of conversion facility,,,1129,0.96,True,0.0072645950090727
242,SE.Alt Price Sensi multiplier[EtOH],numeric,identity,SE.Alt Price Sensi multiplier[EtOH],Unitless,0.25,1.0,Starch Ethanol,Multiplier applied to 2024 value used for unit price incentive for fuels,,,381,0.94,True,0.0042259612652253
243,CHC.Mature Industry Rate of Return as PCT[Biochem]:OHC.progress ratios commercial[HEFA],interaction,interaction,CHC.Mature Industry Rate of Return as PCT[Biochem],%/yr,5.0,15.0,Cellulosic Biochem,Sets required rate of return on investment for conversion facility. Used in calculation of net present value of prospective investment,OHC.progress ratios commercial[HEFA],1/doubling,511,0.94,True,0.0028312304781377
244,WW.progress ratios commercial[SludgeToHTL]:OHC.Mature Industry Rate of Return as PCT[HEFA],interaction,interaction,WW.progress ratios commercial[SludgeToHTL],1/doubling,0.65,0.85,Sewage Sludge HTL,Sets rate at which each doubling of cumulative production impacts commercial maturity of conversion pathway,OHC.Mature Industry Rate of Return as PCT[HEFA],%/yr,338,0.82,True,0.0025060918167223
