final_support_position,feature_name,feature_type,origin,full_support_importance,stability_selection_frequency,final_stable_support,n_outputs,n_outputs_excluding_zero,hc3_retained_after_filter,hc3_drop_reason,max_abs_hc3_t_statistic,interval_method,alpha,delta_nrmse_when_feature_removed,delta_nrmse_nonnegative,remove_rank,selected_by_auto_cutoff,selected_by_effective_cutoff
0,WW.PY sensi multiplier[SludgeToHTL],numeric,model_factors,9.364616524636965,1.0,True,9954,3802,True,retained_by_at_least_one_output,169.66569227745526,hc3_wald_95_percent_drop_if_zero_compatible_for_all_outputs,0.05,0.6644012137197703,0.6644012137197703,358,False,False
1,WW.PY sensi multiplier[SludgeToHTL]_sqrt,transformation,dynamic_discovery,3.947353987153548,1.0,True,9954,3275,True,retained_by_at_least_one_output,265.38856084398515,hc3_wald_95_percent_drop_if_zero_compatible_for_all_outputs,0.05,0.6165227330878508,0.6165227330878508,356,False,False
2,WW.PY sensi multiplier[SludgeToHTL]:WW.progress ratios commercial[SludgeToHTL],interaction,dynamic_discovery,3.779502127573151,1.0,True,9954,2600,True,retained_by_at_least_one_output,124.49799397582554,hc3_wald_95_percent_drop_if_zero_compatible_for_all_outputs,0.05,0.2008217537908925,0.2008217537908925,350,False,False
3,WW.progress ratios commercial[SludgeToHTL]:WW.Mature Industry Rate of Return as PCT[SludgeToHTL],interaction,dynamic_discovery,3.526761263244923,1.0,True,9954,3108,True,retained_by_at_least_one_output,137.31460685548907,hc3_wald_95_percent_drop_if_zero_compatible_for_all_outputs,0.05,0.08842739341065489,0.08842739341065489,329,False,False
4,AHC.PY sensi multiplier[HEFA],numeric,model_factors,2.8318931811620613,1.0,True,9954,456,True,retained_by_at_least_one_output,318.72227223101413,hc3_wald_95_percent_drop_if_zero_compatible_for_all_outputs,0.05,0.14791414413817267,0.14791414413817267,346,False,False
5,CHC.Mature Industry Rate of Return as PCT[Thermochem],numeric,model_factors,2.603501151352887,1.0,True,9954,4103,True,retained_by_at_least_one_output,107.67469493763934,hc3_wald_95_percent_drop_if_zero_compatible_for_all_outputs,0.05,0.10320381504508094,0.10320381504508094,335,False,False
6,WW.PY sensi multiplier[ManureToHTL]_sq,transformation,dynamic_discovery,2.4947949889883563,1.0,True,9954,1426,True,retained_by_at_least_one_output,318.9444831291415,hc3_wald_95_percent_drop_if_zero_compatible_for_all_outputs,0.05,0.035198401776670066,0.035198401776670066,295,False,False
7,OHC.PY sensi multiplier[HEFA],numeric,model_factors,2.483169486529264,1.0,True,9954,3715,True,retained_by_at_least_one_output,211.87534290364374,hc3_wald_95_percent_drop_if_zero_compatible_for_all_outputs,0.05,0.6760426760439504,0.6760426760439504,359,False,False
8,CHC.PY sensi multiplier[Thermochem]_sq,transformation,dynamic_discovery,2.4138973391565783,1.0,True,9954,4776,True,retained_by_at_least_one_output,163.61498051569956,hc3_wald_95_percent_drop_if_zero_compatible_for_all_outputs,0.05,0.10606980419539894,0.10606980419539894,336,False,False
9,CHC.initial indices of Commercial Maturity[Thermochem],numeric,model_factors,2.3672881284141005,1.0,True,9954,4306,True,retained_by_at_least_one_output,140.2201879748487,hc3_wald_95_percent_drop_if_zero_compatible_for_all_outputs,0.05,0.07269055435735491,0.07269055435735491,325,False,False
10,CHC.PY sensi multiplier[Thermochem]:CHC.Mature Industry Rate of Return as PCT[Thermochem],interaction,dynamic_discovery,2.26620176472792,1.0,True,9954,6152,True,retained_by_at_least_one_output,203.82211059265575,hc3_wald_95_percent_drop_if_zero_compatible_for_all_outputs,0.05,0.08668835811305692,0.08668835811305692,328,False,False
11,WW.progress ratios commercial[SludgeToHTL],numeric,model_factors,2.168555853598104,1.0,True,9954,3778,True,retained_by_at_least_one_output,150.50625348358153,hc3_wald_95_percent_drop_if_zero_compatible_for_all_outputs,0.05,0.24041899169059538,0.24041899169059538,352,False,False
12,WW.PY sensi multiplier[SludgeToHTL]:WW.Mature Industry Rate of Return as PCT[SludgeToHTL],interaction,dynamic_discovery,2.1458015168321047,1.0,True,9954,4015,True,retained_by_at_least_one_output,235.2925128205119,hc3_wald_95_percent_drop_if_zero_compatible_for_all_outputs,0.05,0.05172348620094831,0.05172348620094831,319,False,False
13,WW.Mature Industry Rate of Return as PCT[SludgeToHTL]_sqrt,transformation,dynamic_discovery,2.072492769611098,1.0,True,9954,3189,True,retained_by_at_least_one_output,172.76431151285692,hc3_wald_95_percent_drop_if_zero_compatible_for_all_outputs,0.05,0.1185786076615821,0.1185786076615821,339,False,False
14,CHC.initial indices of Commercial Maturity[Brownfield]:CHC.PY sensi multiplier[Brownfield],interaction,dynamic_discovery,1.9510292394817248,1.0,True,9954,5059,True,retained_by_at_least_one_output,81.17544732611228,hc3_wald_95_percent_drop_if_zero_compatible_for_all_outputs,0.05,0.0378143553452337,0.0378143553452337,305,False,False
15,AHC.PY sensi multiplier[HTL],numeric,model_factors,1.94265037910851,1.0,True,9954,563,True,retained_by_at_least_one_output,152.89892771910436,hc3_wald_95_percent_drop_if_zero_compatible_for_all_outputs,0.05,0.09693096208191015,0.09693096208191015,332,False,False
16,AHC.PY sensi multiplier[HEFA]_sq,transformation,dynamic_discovery,1.868183470499672,1.0,True,9954,447,True,retained_by_at_least_one_output,218.47492042427365,hc3_wald_95_percent_drop_if_zero_compatible_for_all_outputs,0.05,0.05148896375837393,0.05148896375837393,318,False,False
17,WW.PY sensi multiplier[ManureToHTL]:WW.Mature Industry Rate of Return as PCT[ManureToHTL],interaction,dynamic_discovery,1.8597819499628787,1.0,True,9954,3052,True,retained_by_at_least_one_output,321.89713684561275,hc3_wald_95_percent_drop_if_zero_compatible_for_all_outputs,0.05,0.01672850026227514,0.01672850026227514,257,False,False
18,WW.progress ratios commercial[SludgeToHTL]_sq,transformation,dynamic_discovery,1.7303369312128642,1.0,True,9954,3486,True,retained_by_at_least_one_output,193.5700665845088,hc3_wald_95_percent_drop_if_zero_compatible_for_all_outputs,0.05,0.20437354872642055,0.20437354872642055,351,False,False
19,CHC.initial indices of Commercial Maturity[Brownfield]:CHC.Mature Industry Rate of Return as PCT[Brownfield],interaction,dynamic_discovery,1.7049685054132766,1.0,True,9954,5669,True,retained_by_at_least_one_output,179.148033397475,hc3_wald_95_percent_drop_if_zero_compatible_for_all_outputs,0.05,0.025102561804152004,0.025102561804152004,281,False,False
20,CHC.Mature Industry Rate of Return as PCT[Thermochem]_sqrt,transformation,dynamic_discovery,1.635617263836689,1.0,True,9954,4913,True,retained_by_at_least_one_output,89.07122628275414,hc3_wald_95_percent_drop_if_zero_compatible_for_all_outputs,0.05,0.14454817714944862,0.14454817714944862,344,False,False
21,CHC.PY sensi multiplier[Thermochem]:CHC.initial indices of Commercial Maturity[Thermochem],interaction,dynamic_discovery,1.6227389214681898,1.0,True,9954,5396,True,retained_by_at_least_one_output,210.93912896836662,hc3_wald_95_percent_drop_if_zero_compatible_for_all_outputs,0.05,0.033415819966455027,0.033415819966455027,292,False,False
22,AHC.PY sensi multiplier[HTL]_sq,transformation,dynamic_discovery,1.622106202157749,1.0,True,9954,641,True,retained_by_at_least_one_output,233.26343471876262,hc3_wald_95_percent_drop_if_zero_compatible_for_all_outputs,0.05,0.036664537880428685,0.036664537880428685,299,False,False
23,CHC.Mature Industry Rate of Return as PCT[Brownfield],numeric,model_factors,1.5861782942424385,1.0,True,9954,1734,True,retained_by_at_least_one_output,36.3510748280313,hc3_wald_95_percent_drop_if_zero_compatible_for_all_outputs,0.05,0.08487040205761165,0.08487040205761165,327,False,False
24,CHC.PY sensi multiplier[Thermochem]:CHC.FCI  sensi multiplier[Thermochem],interaction,dynamic_discovery,1.4284878066790985,1.0,True,9954,5303,True,retained_by_at_least_one_output,109.59502026703497,hc3_wald_95_percent_drop_if_zero_compatible_for_all_outputs,0.05,0.09121786494497822,0.09121786494497822,330,False,False
25,CHC.initial indices of Commercial Maturity[Thermochem]_log1p,transformation,dynamic_discovery,1.3960975134087126,1.0,True,9954,3576,True,retained_by_at_least_one_output,195.80709884068787,hc3_wald_95_percent_drop_if_zero_compatible_for_all_outputs,0.05,0.04223197133644317,0.04223197133644317,310,False,False
26,WW.initial indices of Commercial Maturity[SludgeToHTL],numeric,model_factors,1.3538614069420911,1.0,True,9954,2467,True,retained_by_at_least_one_output,74.79676773114612,hc3_wald_95_percent_drop_if_zero_compatible_for_all_outputs,0.05,0.0024088508901300987,0.0024088508901300987,126,True,False
27,WW.progress ratios commercial[SludgeToHTL]:WW.FCI  sensi multiplier[SludgeToHTL],interaction,dynamic_discovery,1.298869974854773,1.0,True,9954,2323,True,retained_by_at_least_one_output,62.21003771533722,hc3_wald_95_percent_drop_if_zero_compatible_for_all_outputs,0.05,0.05891138872173585,0.05891138872173585,322,False,False
28,SE.Max Jet Investment Hit Rate_log1p,transformation,dynamic_discovery,1.2380226861244932,1.0,True,9954,4232,True,retained_by_at_least_one_output,254.33171483353487,hc3_wald_95_percent_drop_if_zero_compatible_for_all_outputs,0.05,0.03913361458423065,0.03913361458423065,306,False,False
29,CHC.initial indices of Commercial Maturity[Brownfield],numeric,model_factors,1.1427890727444625,1.0,True,9954,3215,True,retained_by_at_least_one_output,36.70970213676018,hc3_wald_95_percent_drop_if_zero_compatible_for_all_outputs,0.05,0.03779173447532093,0.03779173447532093,304,False,False
30,OHC.Retirement Frac[TransEster],numeric,model_factors,1.1219505579763025,1.0,True,9954,1714,True,retained_by_at_least_one_output,190.53335262462969,hc3_wald_95_percent_drop_if_zero_compatible_for_all_outputs,0.05,0.036883493915431706,0.036883493915431706,300,False,False
31,CHC.Mature Industry Rate of Return as PCT[Biochem],numeric,model_factors,1.1183442439267328,1.0,True,9954,916,True,retained_by_at_least_one_output,139.16663156332146,hc3_wald_95_percent_drop_if_zero_compatible_for_all_outputs,0.05,0.02669984963951416,0.02669984963951416,284,False,False
32,CHC.PY sensi multiplier[Thermochem]:CHC.progress ratios commercial[Thermochem],interaction,dynamic_discovery,1.1163098332434744,1.0,True,9954,4496,True,retained_by_at_least_one_output,61.172911321129114,hc3_wald_95_percent_drop_if_zero_compatible_for_all_outputs,0.05,0.1342362399133803,0.1342362399133803,343,False,False
33,CHC.initial indices of Commercial Maturity[Brownfield]:CHC.FCI  sensi multiplier[Brownfield],interaction,dynamic_discovery,1.07554795938996,1.0,True,9954,3876,True,retained_by_at_least_one_output,48.30559327216057,hc3_wald_95_percent_drop_if_zero_compatible_for_all_outputs,0.05,0.017036937555629184,0.017036937555629184,260,False,False
34,CHC.Mature Industry Rate of Return as PCT[Brownfield]_sqrt,transformation,dynamic_discovery,1.0615434539572195,1.0,True,9954,3437,True,retained_by_at_least_one_output,57.14374059123868,hc3_wald_95_percent_drop_if_zero_compatible_for_all_outputs,0.05,0.1269379715369458,0.1269379715369458,341,False,False
35,SE.Max Jet Investment Hit Rate,numeric,model_factors,1.0476789269141715,1.0,True,9954,4212,True,retained_by_at_least_one_output,195.32513834081112,hc3_wald_95_percent_drop_if_zero_compatible_for_all_outputs,0.05,0.03711789598814691,0.03711789598814691,301,False,False
36,CHC.FCI  sensi multiplier[Thermochem],numeric,model_factors,1.036278833210044,1.0,True,9954,3478,True,retained_by_at_least_one_output,33.59779551141561,hc3_wald_95_percent_drop_if_zero_compatible_for_all_outputs,0.05,0.18959759888395467,0.18959759888395467,349,False,False
37,CHC.Mature Industry Rate of Return as PCT[Thermochem]:CHC.FCI  sensi multiplier[Thermochem],interaction,dynamic_discovery,1.0244100236628977,1.0,True,9954,4421,True,retained_by_at_least_one_output,169.03497845895365,hc3_wald_95_percent_drop_if_zero_compatible_for_all_outputs,0.05,0.029066834964287566,0.029066834964287566,287,False,False
38,CHC.Mature Industry Rate of Return as PCT[Brownfield]:CHC.PY sensi multiplier[Brownfield],interaction,dynamic_discovery,0.973579657882759,1.0,True,9954,3643,True,retained_by_at_least_one_output,46.399530987504264,hc3_wald_95_percent_drop_if_zero_compatible_for_all_outputs,0.05,0.032390857256190245,0.032390857256190245,290,False,False
39,CHC.Mature Industry Rate of Return as PCT[Thermochem]:CHC.progress ratios commercial[Thermochem],interaction,dynamic_discovery,0.96742915311009,1.0,True,9954,4026,True,retained_by_at_least_one_output,61.08961398768138,hc3_wald_95_percent_drop_if_zero_compatible_for_all_outputs,0.05,0.04021252726032078,0.04021252726032078,307,False,False
40,WW.PY sensi multiplier[ManureToHTL],numeric,model_factors,0.963848188609978,1.0,True,9954,1018,True,retained_by_at_least_one_output,123.49073638441945,hc3_wald_95_percent_drop_if_zero_compatible_for_all_outputs,0.05,0.12586761241687952,0.12586761241687952,340,False,False
41,WW.PY sensi multiplier[ManureToHTL]:WW.ORNOOC sensi multiplier[ManureToHTL],interaction,dynamic_discovery,0.953478947372822,1.0,True,9954,975,True,retained_by_at_least_one_output,80.27451105862265,hc3_wald_95_percent_drop_if_zero_compatible_for_all_outputs,0.05,0.012471778598701536,0.012471778598701536,235,True,False
42,WW.progress ratios commercial[SludgeToHTL]:WW.ORNOOC sensi multiplier[SludgeToHTL],interaction,dynamic_discovery,0.9254017288875096,1.0,True,9954,2041,True,retained_by_at_least_one_output,33.70982900058459,hc3_wald_95_percent_drop_if_zero_compatible_for_all_outputs,0.05,0.04639926742281861,0.04639926742281861,317,False,False
43,WW.PY sensi multiplier[SludgeToHTL]:WW.ORNOOC sensi multiplier[SludgeToHTL],interaction,dynamic_discovery,0.9128096358296798,1.0,True,9954,3517,True,retained_by_at_least_one_output,252.33181072845375,hc3_wald_95_percent_drop_if_zero_compatible_for_all_outputs,0.05,0.03651512698826391,0.03651512698826391,298,False,False
44,WW.PY sensi multiplier[SludgeToHTL]:WW.FCI  sensi multiplier[SludgeToHTL],interaction,dynamic_discovery,0.9080843994392483,1.0,True,9954,2377,True,retained_by_at_least_one_output,87.02341323359909,hc3_wald_95_percent_drop_if_zero_compatible_for_all_outputs,0.05,0.03300275490173167,0.03300275490173167,291,False,False
45,CHC.Mature Industry Rate of Return as PCT[Thermochem]:CHC.initial indices of Commercial Maturity[Thermochem],interaction,dynamic_discovery,0.904100041533999,1.0,True,9954,5715,True,retained_by_at_least_one_output,417.65113051174677,hc3_wald_95_percent_drop_if_zero_compatible_for_all_outputs,0.05,0.014474593706421165,0.014474593706421165,248,False,False
46,WW.PY sensi multiplier[ManureToHTL]:WW.progress ratios commercial[ManureToHTL],interaction,dynamic_discovery,0.874398292299046,1.0,True,9954,958,True,retained_by_at_least_one_output,17.967265623563566,hc3_wald_95_percent_drop_if_zero_compatible_for_all_outputs,0.05,0.017562931970685702,0.017562931970685702,262,False,False
47,OHC.PY sensi multiplier[HEFABrownfield]:OHC.PY sensi multiplier[HEFA],interaction,dynamic_discovery,0.8692832194499974,1.0,True,9954,4473,True,retained_by_at_least_one_output,158.9607458726081,hc3_wald_95_percent_drop_if_zero_compatible_for_all_outputs,0.05,0.16800134085393065,0.16800134085393065,347,False,False
48,AHC.initial indices of Commercial Maturity[HTL],numeric,model_factors,0.8513622393260553,1.0,True,9954,2008,True,retained_by_at_least_one_output,46.348351443968824,hc3_wald_95_percent_drop_if_zero_compatible_for_all_outputs,0.05,0.011466175883283011,0.011466175883283011,227,True,False
49,OHC.PY sensi multiplier[HEFABrownfield]_log1p,transformation,dynamic_discovery,0.832284975029336,1.0,True,9954,3012,True,retained_by_at_least_one_output,359.64936058497295,hc3_wald_95_percent_drop_if_zero_compatible_for_all_outputs,0.05,0.8258036770270846,0.8258036770270846,360,False,False
50,WW.FCI  sensi multiplier[SludgeToHTL],numeric,model_factors,0.8162204161520836,1.0,True,9954,1721,True,retained_by_at_least_one_output,36.57452368979698,hc3_wald_95_percent_drop_if_zero_compatible_for_all_outputs,0.05,0.044767176036012296,0.044767176036012296,313,False,False
51,WW.progress ratios commercial[SludgeToHTL]:AHC.initial indices of Commercial Maturity[HTL],interaction,dynamic_discovery,0.8108414117820517,1.0,True,9954,1819,True,retained_by_at_least_one_output,36.70094870876934,hc3_wald_95_percent_drop_if_zero_compatible_for_all_outputs,0.05,0.010142904153434634,0.010142904153434634,216,True,False
52,CHC.initial indices of Commercial Maturity[Thermochem]:CHC.FCI  sensi multiplier[Thermochem],interaction,dynamic_discovery,0.7824390818367153,1.0,True,9954,3721,True,retained_by_at_least_one_output,180.1517029758834,hc3_wald_95_percent_drop_if_zero_compatible_for_all_outputs,0.05,0.011894454842488494,0.011894454842488494,229,True,False
53,WW.initial indices of Commercial Maturity[SludgeToHTL]_log1p,transformation,dynamic_discovery,0.7724796682139593,0.98,True,9954,2272,True,retained_by_at_least_one_output,70.02268372270215,hc3_wald_95_percent_drop_if_zero_compatible_for_all_outputs,0.05,0.00280876845664238,0.00280876845664238,137,True,False
54,CHC.PY sensi multiplier[Brownfield],numeric,model_factors,0.7607547557634927,1.0,True,9954,2560,True,retained_by_at_least_one_output,29.549807336178127,hc3_wald_95_percent_drop_if_zero_compatible_for_all_outputs,0.05,0.14679389635532067,0.14679389635532067,345,False,False
55,CHC.Mature Industry Rate of Return as PCT[Biochem]:CHC.FCI  sensi multiplier[Biochem],interaction,dynamic_discovery,0.7577079794041917,1.0,True,9954,965,True,retained_by_at_least_one_output,233.5389654177953,hc3_wald_95_percent_drop_if_zero_compatible_for_all_outputs,0.05,0.014378590808650255,0.014378590808650255,246,False,False
56,CHC.Mature Industry Rate of Return as PCT[Biochem]:CHC.PY sensi multiplier[Biochem],interaction,dynamic_discovery,0.7553413316450055,1.0,True,9954,449,True,retained_by_at_least_one_output,233.39862791683333,hc3_wald_95_percent_drop_if_zero_compatible_for_all_outputs,0.05,0.01439759131151036,0.01439759131151036,247,False,False
57,WW.Mature Industry Rate of Return as PCT[SludgeToHTL],numeric,model_factors,0.7472924084414075,1.0,True,9954,2440,True,retained_by_at_least_one_output,121.00823993371641,hc3_wald_95_percent_drop_if_zero_compatible_for_all_outputs,0.05,0.07580335172460786,0.07580335172460786,326,False,False
58,CHC.PY sensi multiplier[Thermochem]:WW.progress ratios commercial[SludgeToHTL],interaction,dynamic_discovery,0.7339960363028905,1.0,True,9954,2262,True,retained_by_at_least_one_output,47.07580745423695,hc3_wald_95_percent_drop_if_zero_compatible_for_all_outputs,0.05,0.0453470751925199,0.0453470751925199,315,False,False
59,WW.Mature Industry Rate of Return as PCT[SludgeToHTL]:WW.FCI  sensi multiplier[SludgeToHTL],interaction,dynamic_discovery,0.7117229215014665,1.0,True,9954,4159,True,retained_by_at_least_one_output,192.0048972151083,hc3_wald_95_percent_drop_if_zero_compatible_for_all_outputs,0.05,0.023321238080878645,0.023321238080878645,277,False,False
60,WW.PY sensi multiplier[ManureToHTL]:WW.initial indices of Commercial Maturity[ManureToHTL],interaction,dynamic_discovery,0.7101216383155285,1.0,True,9954,997,True,retained_by_at_least_one_output,128.92685362439263,hc3_wald_95_percent_drop_if_zero_compatible_for_all_outputs,0.05,0.003198513180900281,0.003198513180900281,145,True,False
61,CHC.PY sensi multiplier[Thermochem],numeric,model_factors,0.6841655485383219,1.0,True,9954,5285,True,retained_by_at_least_one_output,89.97695964780789,hc3_wald_95_percent_drop_if_zero_compatible_for_all_outputs,0.05,0.34034479855489197,0.34034479855489197,354,False,False
62,WW.PY sensi multiplier[SludgeToHTL]:CHC.PY sensi multiplier[Thermochem],interaction,dynamic_discovery,0.6673439206709646,1.0,True,9954,4985,True,retained_by_at_least_one_output,49.5175195676458,hc3_wald_95_percent_drop_if_zero_compatible_for_all_outputs,0.05,0.0462703020084248,0.0462703020084248,316,False,False
63,CHC.FCI  sensi multiplier[Thermochem]_log1p,transformation,dynamic_discovery,0.6487988574619515,1.0,True,9954,3106,True,retained_by_at_least_one_output,22.53075942743691,hc3_wald_95_percent_drop_if_zero_compatible_for_all_outputs,0.05,0.17204986894551455,0.17204986894551455,348,False,False
64,CHC.Mature Industry Rate of Return as PCT[Brownfield]:CHC.FCI  sensi multiplier[Brownfield],interaction,dynamic_discovery,0.6436905160142471,1.0,True,9954,2282,True,retained_by_at_least_one_output,35.96784996529565,hc3_wald_95_percent_drop_if_zero_compatible_for_all_outputs,0.05,0.013287401311745523,0.013287401311745523,236,True,False
65,CHC.initial indices of Commercial Maturity[Thermochem]:CHC.progress ratios commercial[Thermochem],interaction,dynamic_discovery,0.6355898644525471,1.0,True,9954,3273,True,retained_by_at_least_one_output,49.21960922424543,hc3_wald_95_percent_drop_if_zero_compatible_for_all_outputs,0.05,0.01408550556836366,0.01408550556836366,242,True,False
66,OHC.PY sensi multiplier[HEFA]_inv,transformation,dynamic_discovery,0.6103367123238507,1.0,True,9954,4561,True,retained_by_at_least_one_output,372.8941888327153,hc3_wald_95_percent_drop_if_zero_compatible_for_all_outputs,0.05,0.25240831817632187,0.25240831817632187,353,False,False
67,CHC.initial indices of Commercial Maturity[Brownfield]:CHC.progress ratios commercial[Brownfield],interaction,dynamic_discovery,0.5996159611897429,1.0,True,9954,2722,True,retained_by_at_least_one_output,43.458043538783144,hc3_wald_95_percent_drop_if_zero_compatible_for_all_outputs,0.05,0.018230806778990652,0.018230806778990652,263,False,False
68,WW.PY sensi multiplier[ManureToHTL]:WW.FCI  sensi multiplier[ManureToHTL],interaction,dynamic_discovery,0.5984338680145638,1.0,True,9954,1168,True,retained_by_at_least_one_output,86.85219743348891,hc3_wald_95_percent_drop_if_zero_compatible_for_all_outputs,0.05,0.011956629945694297,0.011956629945694297,230,True,False
69,WW.progress ratios commercial[SludgeToHTL]:WW.initial indices of Commercial Maturity[SludgeToHTL],interaction,dynamic_discovery,0.577588287929658,1.0,True,9954,1990,True,retained_by_at_least_one_output,26.342459911842077,hc3_wald_95_percent_drop_if_zero_compatible_for_all_outputs,0.05,0.0051383071705247835,0.0051383071705247835,179,True,False
70,WW.progress ratios commercial[SludgeToHTL]:AHC.Mature Industry Rate of Return as PCT[HTL],interaction,dynamic_discovery,0.5664131136293618,1.0,True,9954,908,True,retained_by_at_least_one_output,155.97936591059917,hc3_wald_95_percent_drop_if_zero_compatible_for_all_outputs,0.05,0.011334005211874595,0.011334005211874595,226,True,False
71,CHC.PY sensi multiplier[Thermochem]:WW.Mature Industry Rate of Return as PCT[SludgeToHTL],interaction,dynamic_discovery,0.5607512307404946,1.0,True,9954,4980,True,retained_by_at_least_one_output,48.8378868741395,hc3_wald_95_percent_drop_if_zero_compatible_for_all_outputs,0.05,0.01719004194744371,0.01719004194744371,261,False,False
72,CHC.Mature Industry Rate of Return as PCT[Thermochem]:WW.progress ratios commercial[SludgeToHTL],interaction,dynamic_discovery,0.5584766027683801,1.0,True,9954,2219,True,retained_by_at_least_one_output,36.15507203314875,hc3_wald_95_percent_drop_if_zero_compatible_for_all_outputs,0.05,0.01618230453995348,0.01618230453995348,254,False,False
73,WW.Mature Industry Rate of Return as PCT[ManureToHTL]:WW.ORNOOC sensi multiplier[ManureToHTL],interaction,dynamic_discovery,0.5537300319886557,1.0,True,9954,1521,True,retained_by_at_least_one_output,71.19498095741673,hc3_wald_95_percent_drop_if_zero_compatible_for_all_outputs,0.05,0.004704916627739725,0.004704916627739725,167,True,False
74,WW.Mature Industry Rate of Return as PCT[ManureToHTL]:WW.FCI  sensi multiplier[ManureToHTL],interaction,dynamic_discovery,0.5528803904129905,1.0,True,9954,856,True,retained_by_at_least_one_output,266.58425003629566,hc3_wald_95_percent_drop_if_zero_compatible_for_all_outputs,0.05,0.01099992435456748,0.01099992435456748,222,True,False
75,CHC.Mature Industry Rate of Return as PCT[Biochem]:CHC.initial indices of Commercial Maturity[Biochem],interaction,dynamic_discovery,0.5463455829310492,1.0,True,9954,556,True,retained_by_at_least_one_output,285.9887573306573,hc3_wald_95_percent_drop_if_zero_compatible_for_all_outputs,0.05,0.005114614603350345,0.005114614603350345,178,True,False
76,WW.Mature Industry Rate of Return as PCT[ManureToHTL]_sq,transformation,dynamic_discovery,0.5375242140279106,1.0,True,9954,986,True,retained_by_at_least_one_output,135.89760269738,hc3_wald_95_percent_drop_if_zero_compatible_for_all_outputs,0.05,0.0036174958279208413,0.0036174958279208413,150,True,False
77,WW.Mature Industry Rate of Return as PCT[SludgeToHTL]:WW.ORNOOC sensi multiplier[SludgeToHTL],interaction,dynamic_discovery,0.5321658269228394,1.0,True,9954,2861,True,retained_by_at_least_one_output,69.96200709084745,hc3_wald_95_percent_drop_if_zero_compatible_for_all_outputs,0.05,0.01026828447305593,0.01026828447305593,217,True,False
78,WW.PY sensi multiplier[SludgeToHTL]:AHC.initial indices of Commercial Maturity[HTL],interaction,dynamic_discovery,0.5063098524883748,1.0,True,9954,2271,True,retained_by_at_least_one_output,51.29987507036208,hc3_wald_95_percent_drop_if_zero_compatible_for_all_outputs,0.05,0.004120231110550848,0.004120231110550848,160,True,False
79,OHC.PY sensi multiplier[HEFA]:OHC.progress ratios commercial[HEFA],interaction,dynamic_discovery,0.4968956022938193,1.0,True,9954,2570,True,retained_by_at_least_one_output,86.7490629647882,hc3_wald_95_percent_drop_if_zero_compatible_for_all_outputs,0.05,0.1323127943533538,0.1323127943533538,342,False,False
80,WW.Mature Industry Rate of Return as PCT[ManureToHTL]:WW.progress ratios commercial[ManureToHTL],interaction,dynamic_discovery,0.4842466362702128,1.0,True,9954,850,True,retained_by_at_least_one_output,17.039264428327975,hc3_wald_95_percent_drop_if_zero_compatible_for_all_outputs,0.05,0.006413389175891862,0.006413389175891862,194,True,False
81,CHC.PY sensi multiplier[Biochem],numeric,model_factors,0.4760775124436491,1.0,True,9954,846,True,retained_by_at_least_one_output,85.1525734440042,hc3_wald_95_percent_drop_if_zero_compatible_for_all_outputs,0.05,0.03354163484138145,0.03354163484138145,293,False,False
82,WW.ORNOOC sensi multiplier[ManureToHTL]:WW.progress ratios commercial[ManureToHTL],interaction,dynamic_discovery,0.4694228994059541,1.0,True,9954,613,True,retained_by_at_least_one_output,7.754794694530421,hc3_wald_95_percent_drop_if_zero_compatible_for_all_outputs,0.05,0.015158572783299323,0.015158572783299323,252,False,False
83,CHC.progress ratios commercial[Thermochem]_sq,transformation,dynamic_discovery,0.4680742841766826,1.0,True,9954,2512,True,retained_by_at_least_one_output,30.378303391265874,hc3_wald_95_percent_drop_if_zero_compatible_for_all_outputs,0.05,0.040636460309046926,0.040636460309046926,308,False,False
84,OHC.Retirement Frac[TransEster]_sq,transformation,dynamic_discovery,0.4644953111876809,1.0,True,9954,3196,True,retained_by_at_least_one_output,341.5128580013225,hc3_wald_95_percent_drop_if_zero_compatible_for_all_outputs,0.05,0.007777105560077921,0.007777105560077921,202,True,False
85,WW.Mature Industry Rate of Return as PCT[ManureToHTL]:WW.initial indices of Commercial Maturity[ManureToHTL],interaction,dynamic_discovery,0.461841504711133,1.0,True,9954,1012,True,retained_by_at_least_one_output,308.24219987217583,hc3_wald_95_percent_drop_if_zero_compatible_for_all_outputs,0.05,0.002790566438989159,0.002790566438989159,135,True,False
86,CHC.initial indices of Commercial Maturity[Brownfield]:CHC.PY sensi multiplier[Thermochem],interaction,dynamic_discovery,0.4401743443624012,1.0,True,9954,3546,True,retained_by_at_least_one_output,46.227668799513516,hc3_wald_95_percent_drop_if_zero_compatible_for_all_outputs,0.05,0.010925844423733691,0.010925844423733691,221,True,False
87,AHC.PY sensi multiplier[HTL]:WW.progress ratios commercial[SludgeToHTL],interaction,dynamic_discovery,0.4354871047459846,1.0,True,9954,758,True,retained_by_at_least_one_output,80.85818903958703,hc3_wald_95_percent_drop_if_zero_compatible_for_all_outputs,0.05,0.025620812393901127,0.025620812393901127,282,False,False
88,WW.PY sensi multiplier[SludgeToHTL]:CHC.Mature Industry Rate of Return as PCT[Thermochem],interaction,dynamic_discovery,0.4348253296470709,1.0,True,9954,4570,True,retained_by_at_least_one_output,31.143607703160118,hc3_wald_95_percent_drop_if_zero_compatible_for_all_outputs,0.05,0.014507169683432061,0.014507169683432061,249,False,False
89,OHC.PY sensi multiplier[HEFABrownfield],numeric,model_factors,0.4288039443532168,1.0,True,9954,2844,True,retained_by_at_least_one_output,331.51916209928436,hc3_wald_95_percent_drop_if_zero_compatible_for_all_outputs,0.05,0.6184018260094064,0.6184018260094064,357,False,False
90,OHC.Retirement Frac[TransEster]:OHC.PY sensi multiplier[HEFABrownfield],interaction,dynamic_discovery,0.4268833468336512,1.0,True,9954,2161,True,retained_by_at_least_one_output,152.335416693148,hc3_wald_95_percent_drop_if_zero_compatible_for_all_outputs,0.05,0.020639454095551568,0.020639454095551568,272,False,False
91,WW.Mature Industry Rate of Return as PCT[ManureToHTL],numeric,model_factors,0.4228119776126238,0.94,True,9954,850,True,retained_by_at_least_one_output,59.008530801905664,hc3_wald_95_percent_drop_if_zero_compatible_for_all_outputs,0.05,0.02596970602655603,0.02596970602655603,283,False,False
92,SE.Max Jet Investment Hit Rate:SE.PY sensi multiplier[Jet],interaction,dynamic_discovery,0.3870876673560973,1.0,True,9954,3191,True,retained_by_at_least_one_output,164.15859846856418,hc3_wald_95_percent_drop_if_zero_compatible_for_all_outputs,0.05,0.01911271596009821,0.01911271596009821,266,False,False
93,CHC.PY sensi multiplier[Brownfield]:CHC.FCI  sensi multiplier[Brownfield],interaction,dynamic_discovery,0.371920486606176,1.0,True,9954,1746,True,retained_by_at_least_one_output,20.21125592017146,hc3_wald_95_percent_drop_if_zero_compatible_for_all_outputs,0.05,0.02423787486580889,0.02423787486580889,280,False,False
94,CHC.PY sensi multiplier[Biochem]:CHC.FCI  sensi multiplier[Biochem],interaction,dynamic_discovery,0.359262071764306,1.0,True,9954,842,True,retained_by_at_least_one_output,77.23966487148817,hc3_wald_95_percent_drop_if_zero_compatible_for_all_outputs,0.05,0.013928672680361215,0.013928672680361215,239,True,False
95,CHC.initial indices of Commercial Maturity[Biochem]:CHC.PY sensi multiplier[Biochem],interaction,dynamic_discovery,0.3456549733209671,1.0,True,9954,744,True,retained_by_at_least_one_output,80.62640467721677,hc3_wald_95_percent_drop_if_zero_compatible_for_all_outputs,0.05,0.0035986786507196805,0.0035986786507196805,149,True,False
96,CHC.Mature Industry Rate of Return as PCT[Brownfield]:CHC.progress ratios commercial[Brownfield],interaction,dynamic_discovery,0.3452625607312655,1.0,True,9954,1849,True,retained_by_at_least_one_output,23.29611906060741,hc3_wald_95_percent_drop_if_zero_compatible_for_all_outputs,0.05,0.01408752719156657,0.01408752719156657,243,True,False
97,WW.ORNOOC sensi multiplier[SludgeToHTL],numeric,model_factors,0.3394888912777109,1.0,True,9954,2705,True,retained_by_at_least_one_output,170.29019309795933,hc3_wald_95_percent_drop_if_zero_compatible_for_all_outputs,0.05,0.09788260266472981,0.09788260266472981,333,False,False
98,CHC.PY sensi multiplier[Thermochem]:CHC.Debt Interest Rate as pct[Thermochem],interaction,dynamic_discovery,0.338520717057249,1.0,True,9954,3127,True,retained_by_at_least_one_output,29.05935757607215,hc3_wald_95_percent_drop_if_zero_compatible_for_all_outputs,0.05,0.008966483411497972,0.008966483411497972,207,True,False
99,CHC.initial indices of Commercial Maturity[Biochem]:CHC.FCI  sensi multiplier[Biochem],interaction,dynamic_discovery,0.3292861124446664,1.0,True,9954,1136,True,retained_by_at_least_one_output,81.39218924968091,hc3_wald_95_percent_drop_if_zero_compatible_for_all_outputs,0.05,0.0037425511334445993,0.0037425511334445993,153,True,False
100,SE.Mature Industry Rate of Return as PCT[Jet],numeric,model_factors,0.3266894200670255,1.0,True,9954,848,True,retained_by_at_least_one_output,119.18838833049747,hc3_wald_95_percent_drop_if_zero_compatible_for_all_outputs,0.05,0.009907460153580572,0.009907460153580572,214,True,False
101,CHC.Mature Industry Rate of Return as PCT[Thermochem]:WW.Mature Industry Rate of Return as PCT[SludgeToHTL],interaction,dynamic_discovery,0.3205811561123405,1.0,True,9954,4682,True,retained_by_at_least_one_output,59.25471479621668,hc3_wald_95_percent_drop_if_zero_compatible_for_all_outputs,0.05,0.004936781470623819,0.004936781470623819,175,True,False
102,CHC.PY sensi multiplier[Thermochem]:CHC.Mature Industry Rate of Return as PCT[Brownfield],interaction,dynamic_discovery,0.316625691406827,1.0,True,9954,2453,True,retained_by_at_least_one_output,26.786948650705344,hc3_wald_95_percent_drop_if_zero_compatible_for_all_outputs,0.05,0.011016551087112567,0.011016551087112567,224,True,False
103,WW.PY sensi multiplier[SludgeToHTL]:CHC.FCI  sensi multiplier[Thermochem],interaction,dynamic_discovery,0.3083761752108533,1.0,True,9954,3032,True,retained_by_at_least_one_output,16.245340152166644,hc3_wald_95_percent_drop_if_zero_compatible_for_all_outputs,0.05,0.014230448050008004,0.014230448050008004,244,True,False
104,WW.PY sensi multiplier[SludgeToHTL]:WW.PY sensi multiplier[ManureToHTL],interaction,dynamic_discovery,0.3049810248284945,1.0,True,9954,803,True,retained_by_at_least_one_output,8.488068593636466,hc3_wald_95_percent_drop_if_zero_compatible_for_all_outputs,0.05,0.004847444368185544,0.004847444368185544,172,True,False
105,SE.ORNOOC sensi multiplier[Jet],numeric,model_factors,0.2911074044901656,1.0,True,9954,1158,True,retained_by_at_least_one_output,100.07820878736868,hc3_wald_95_percent_drop_if_zero_compatible_for_all_outputs,0.05,0.020978517319854492,0.020978517319854492,273,False,False
106,CHC.FCI  sensi multiplier[Biochem],numeric,model_factors,0.2887399551179956,1.0,True,9954,840,True,retained_by_at_least_one_output,67.12866397208448,hc3_wald_95_percent_drop_if_zero_compatible_for_all_outputs,0.05,0.01463657225758408,0.01463657225758408,251,False,False
107,CHC.PY sensi multiplier[Biochem]_inv,transformation,dynamic_discovery,0.2795788460355418,1.0,True,9954,686,True,retained_by_at_least_one_output,85.3999660939668,hc3_wald_95_percent_drop_if_zero_compatible_for_all_outputs,0.05,0.01197160792948146,0.01197160792948146,231,True,False
108,SE.PY sensi multiplier[Jet]:SE.Mature Industry Rate of Return as PCT[Jet],interaction,dynamic_discovery,0.2793092761285976,1.0,True,9954,1236,True,retained_by_at_least_one_output,111.02834062522264,hc3_wald_95_percent_drop_if_zero_compatible_for_all_outputs,0.05,0.006298639041444384,0.006298639041444384,193,True,False
109,SE.Mature Industry Rate of Return as PCT[Jet]:SE.FCI  sensi multiplier[Jet],interaction,dynamic_discovery,0.2773376216016759,1.0,True,9954,1108,True,retained_by_at_least_one_output,110.86249636061174,hc3_wald_95_percent_drop_if_zero_compatible_for_all_outputs,0.05,0.005468905586507575,0.005468905586507575,185,True,False
110,WW.PY sensi multiplier[SludgeToHTL]:WW.initial indices of Commercial Maturity[SludgeToHTL],interaction,dynamic_discovery,0.2736416206387162,1.0,True,9954,1639,True,retained_by_at_least_one_output,60.340065559913654,hc3_wald_95_percent_drop_if_zero_compatible_for_all_outputs,0.05,0.002230497459247291,0.002230497459247291,124,True,False
111,SE.PY sensi multiplier[Jet]_inv,transformation,dynamic_discovery,0.267333934337735,1.0,True,9954,1470,True,retained_by_at_least_one_output,111.45473716193102,hc3_wald_95_percent_drop_if_zero_compatible_for_all_outputs,0.05,0.019802419621297265,0.019802419621297265,269,False,False
112,"WW.PY sensi multiplier[ManureToHTL]:WW.Policy Duration[Price,ManureToHTL]",interaction,dynamic_discovery,0.2637548286032036,1.0,True,9954,2091,True,retained_by_at_least_one_output,10.704986990149578,hc3_wald_95_percent_drop_if_zero_compatible_for_all_outputs,0.05,0.004982786827423938,0.004982786827423938,176,True,False
113,WW.PY sensi multiplier[SludgeToHTL]:CHC.initial indices of Commercial Maturity[Thermochem],interaction,dynamic_discovery,0.2594732381987266,1.0,True,9954,3589,True,retained_by_at_least_one_output,26.83633214840541,hc3_wald_95_percent_drop_if_zero_compatible_for_all_outputs,0.05,0.0037868684014384923,0.0037868684014384923,155,True,False
114,CHC.PY sensi multiplier[Thermochem]:CHC.ORNOOC sensi multiplier[Thermochem],interaction,dynamic_discovery,0.2581571736189046,1.0,True,9954,3001,True,retained_by_at_least_one_output,17.475207026498563,hc3_wald_95_percent_drop_if_zero_compatible_for_all_outputs,0.05,0.012304673780718506,0.012304673780718506,232,True,False
115,OHC.PY sensi multiplier[HEFA]:OHC.Mature Industry Rate of Return as PCT[HEFA],interaction,dynamic_discovery,0.2510147476586285,1.0,True,9954,2671,True,retained_by_at_least_one_output,183.93255343681597,hc3_wald_95_percent_drop_if_zero_compatible_for_all_outputs,0.05,0.02767556477218576,0.02767556477218576,285,False,False
116,AHC.Mature Industry Rate of Return as PCT[HTL]:AHC.FCI  sensi multiplier[HTL],interaction,dynamic_discovery,0.2500006062005331,1.0,True,9954,674,True,retained_by_at_least_one_output,154.51538590083587,hc3_wald_95_percent_drop_if_zero_compatible_for_all_outputs,0.05,0.004843154241017375,0.004843154241017375,171,True,False
117,OHC.Retirement Frac[TransEster]:OHC.PY sensi multiplier[HEFA],interaction,dynamic_discovery,0.2478040172770531,1.0,True,9954,2179,True,retained_by_at_least_one_output,71.1996694565495,hc3_wald_95_percent_drop_if_zero_compatible_for_all_outputs,0.05,0.013987064959664203,0.013987064959664203,240,True,False
118,CHC.PY sensi multiplier[Brownfield]_inv,transformation,dynamic_discovery,0.2458199164555978,1.0,True,9954,1622,True,retained_by_at_least_one_output,19.10614037226288,hc3_wald_95_percent_drop_if_zero_compatible_for_all_outputs,0.05,0.016366948916459165,0.016366948916459165,256,False,False
119,CHC.initial indices of Commercial Maturity[Brownfield]:CHC.FCI  sensi multiplier[Thermochem],interaction,dynamic_discovery,0.2429174396113139,1.0,True,9954,2390,True,retained_by_at_least_one_output,22.516827381331986,hc3_wald_95_percent_drop_if_zero_compatible_for_all_outputs,0.05,0.0035040641443492004,0.0035040641443492004,148,True,False
120,WW.progress ratios commercial[SludgeToHTL]:AHC.FCI  sensi multiplier[HTL],interaction,dynamic_discovery,0.240868392946087,1.0,True,9954,1726,True,retained_by_at_least_one_output,73.19478600598394,hc3_wald_95_percent_drop_if_zero_compatible_for_all_outputs,0.05,0.028584934732490033,0.028584934732490033,286,False,False
121,CHC.initial indices of Commercial Maturity[Brownfield]:CHC.Mature Industry Rate of Return as PCT[Thermochem],interaction,dynamic_discovery,0.2311416347227977,1.0,True,9954,2748,True,retained_by_at_least_one_output,43.89670672680197,hc3_wald_95_percent_drop_if_zero_compatible_for_all_outputs,0.05,0.0028671084333028035,0.0028671084333028035,139,True,False
122,WW.FCI  sensi multiplier[ManureToHTL],numeric,model_factors,0.2239572349719523,1.0,True,9954,909,True,retained_by_at_least_one_output,27.01326833210536,hc3_wald_95_percent_drop_if_zero_compatible_for_all_outputs,0.05,0.02178840564586447,0.02178840564586447,274,False,False
123,OHC.PY sensi multiplier[HEFA]:OHC.ORNOOC sensi multiplier[HEFA],interaction,dynamic_discovery,0.2197001234164229,1.0,True,9954,2498,True,retained_by_at_least_one_output,104.671700937299,hc3_wald_95_percent_drop_if_zero_compatible_for_all_outputs,0.05,0.042380306812859175,0.042380306812859175,311,False,False
124,AHC.PY sensi multiplier[HTL]:AHC.Mature Industry Rate of Return as PCT[HTL],interaction,dynamic_discovery,0.2186163789365668,1.0,True,9954,430,True,retained_by_at_least_one_output,155.17848476026103,hc3_wald_95_percent_drop_if_zero_compatible_for_all_outputs,0.05,0.005363167057143972,0.005363167057143972,183,True,False
125,OHC.PY sensi multiplier[HEFA]:CHC.PY sensi multiplier[Thermochem],interaction,dynamic_discovery,0.2168397174670692,1.0,True,9954,3276,True,retained_by_at_least_one_output,55.72101085310382,hc3_wald_95_percent_drop_if_zero_compatible_for_all_outputs,0.05,0.052308215616398576,0.052308215616398576,320,False,False
126,AHC.Mature Industry Rate of Return as PCT[HTL],numeric,model_factors,0.206774128251247,1.0,True,9954,829,True,retained_by_at_least_one_output,72.19182794696606,hc3_wald_95_percent_drop_if_zero_compatible_for_all_outputs,0.05,0.011874324153134955,0.011874324153134955,228,True,False
127,CHC.FCI  sensi multiplier[Brownfield],numeric,model_factors,0.2019911240041232,1.0,True,9954,706,True,retained_by_at_least_one_output,10.083055029191657,hc3_wald_95_percent_drop_if_zero_compatible_for_all_outputs,0.05,0.03721332838246322,0.03721332838246322,302,False,False
128,CHC.PY sensi multiplier[Thermochem]:WW.PY sensi multiplier[ManureToHTL],interaction,dynamic_discovery,0.1968691137251621,1.0,True,9954,1050,True,retained_by_at_least_one_output,8.583006948358356,hc3_wald_95_percent_drop_if_zero_compatible_for_all_outputs,0.05,0.004599942560285716,0.004599942560285716,165,True,False
129,OHC.PY sensi multiplier[HEFA]:OHC.FCI  sensi multiplier[HEFA],interaction,dynamic_discovery,0.1962156014119725,1.0,True,9954,2891,True,retained_by_at_least_one_output,116.91982696487122,hc3_wald_95_percent_drop_if_zero_compatible_for_all_outputs,0.05,0.03730592228713438,0.03730592228713438,303,False,False
130,WW.PY sensi multiplier[SludgeToHTL]:WW.ORNOOC sensi multiplier[ManureToHTL],interaction,dynamic_discovery,0.1937218014659739,1.0,True,9954,1149,True,retained_by_at_least_one_output,5.740828723541772,hc3_wald_95_percent_drop_if_zero_compatible_for_all_outputs,0.05,0.0032851597527927684,0.0032851597527927684,146,True,False
131,SE.PY sensi multiplier[Jet]:SE.ORNOOC sensi multiplier[Jet],interaction,dynamic_discovery,0.167786269558746,1.0,True,9954,1378,True,retained_by_at_least_one_output,66.67632777386888,hc3_wald_95_percent_drop_if_zero_compatible_for_all_outputs,0.05,0.010735571877043368,0.010735571877043368,219,True,False
132,CHC.PY sensi multiplier[Brownfield]:CHC.progress ratios commercial[Brownfield],interaction,dynamic_discovery,0.1666396775659508,1.0,True,9954,1602,True,retained_by_at_least_one_output,22.09986064217534,hc3_wald_95_percent_drop_if_zero_compatible_for_all_outputs,0.05,0.03564774320609081,0.03564774320609081,296,False,False
133,OHC.PY sensi multiplier[HEFABrownfield]:OHC.progress ratios commercial[HEFA],interaction,dynamic_discovery,0.1651241108621337,1.0,True,9954,2535,True,retained_by_at_least_one_output,42.13036339513232,hc3_wald_95_percent_drop_if_zero_compatible_for_all_outputs,0.05,0.05970055044335973,0.05970055044335973,323,False,False
134,OHC.PY sensi multiplier[HEFA]:CHC.Mature Industry Rate of Return as PCT[Thermochem],interaction,dynamic_discovery,0.1648494116366884,1.0,True,9954,3432,True,retained_by_at_least_one_output,55.28520248768755,hc3_wald_95_percent_drop_if_zero_compatible_for_all_outputs,0.05,0.019586074122347336,0.019586074122347336,267,False,False
135,AHC.initial indices of Commercial Maturity[HTL]:WW.initial indices of Commercial Maturity[SludgeToHTL],interaction,dynamic_discovery,0.1646309504680099,1.0,True,9954,4682,True,retained_by_at_least_one_output,175.92822479230435,hc3_wald_95_percent_drop_if_zero_compatible_for_all_outputs,0.05,0.0027416732903446372,0.0027416732903446372,133,True,False
136,AHC.PY sensi multiplier[HTL]:AHC.FCI  sensi multiplier[HTL],interaction,dynamic_discovery,0.1636414227282024,1.0,True,9954,428,True,retained_by_at_least_one_output,78.73346926679952,hc3_wald_95_percent_drop_if_zero_compatible_for_all_outputs,0.05,0.006646670459512824,0.006646670459512824,197,True,False
137,AHC.Mature Industry Rate of Return as PCT[HEFA],numeric,model_factors,0.1620632902904,1.0,True,9954,1086,True,retained_by_at_least_one_output,453.04827861579975,hc3_wald_95_percent_drop_if_zero_compatible_for_all_outputs,0.05,0.0031261839035965633,0.0031261839035965633,143,True,False
138,CHC.Debt Interest Rate as pct[Thermochem],numeric,model_factors,0.1604437533541846,1.0,True,9954,1279,True,retained_by_at_least_one_output,19.687179559722438,hc3_wald_95_percent_drop_if_zero_compatible_for_all_outputs,0.05,0.005179994870496418,0.005179994870496418,180,True,False
139,WW.PY sensi multiplier[SludgeToHTL]:AHC.Mature Industry Rate of Return as PCT[HTL],interaction,dynamic_discovery,0.155206030512806,1.0,True,9954,715,True,retained_by_at_least_one_output,82.00369526610858,hc3_wald_95_percent_drop_if_zero_compatible_for_all_outputs,0.05,0.002624091027640496,0.002624091027640496,131,True,False
140,SE.Mature Industry Rate of Return as PCT[Jet]:SE.initial indices of Commercial Maturity[Jet],interaction,dynamic_discovery,0.1538676554590957,1.0,True,9954,1160,True,retained_by_at_least_one_output,155.27345080205538,hc3_wald_95_percent_drop_if_zero_compatible_for_all_outputs,0.05,0.0021157458895314646,0.0021157458895314646,120,True,False
141,CHC.PY sensi multiplier[Thermochem]:CHC.PY sensi multiplier[Brownfield],interaction,dynamic_discovery,0.1491359462021345,1.0,True,9954,1972,True,retained_by_at_least_one_output,21.635918567513663,hc3_wald_95_percent_drop_if_zero_compatible_for_all_outputs,0.05,0.018383900815315574,0.018383900815315574,264,False,False
142,CHC.FCI  sensi multiplier[Thermochem]:CHC.Debt Interest Rate as pct[Thermochem],interaction,dynamic_discovery,0.1458968342620759,1.0,True,9954,2355,True,retained_by_at_least_one_output,25.459664743662273,hc3_wald_95_percent_drop_if_zero_compatible_for_all_outputs,0.05,0.0038833299169175606,0.0038833299169175606,157,True,False
143,SE.Max Jet Investment Hit Rate:CHC.PY sensi multiplier[Thermochem],interaction,dynamic_discovery,0.1458455766032334,1.0,True,9954,3934,True,retained_by_at_least_one_output,44.94756754848574,hc3_wald_95_percent_drop_if_zero_compatible_for_all_outputs,0.05,0.014362879578605353,0.014362879578605353,245,False,False
144,CHC.ORNOOC sensi multiplier[Thermochem],numeric,model_factors,0.1423544117837335,1.0,True,9954,2000,True,retained_by_at_least_one_output,25.252075676470813,hc3_wald_95_percent_drop_if_zero_compatible_for_all_outputs,0.05,0.013837030470397346,0.013837030470397346,238,True,False
145,OHC.progress ratios commercial[HEFA]:OHC.progress ratios commercial[HEFABrownfield],interaction,dynamic_discovery,0.1352642752121073,1.0,True,9954,2684,True,retained_by_at_least_one_output,49.93826293238252,hc3_wald_95_percent_drop_if_zero_compatible_for_all_outputs,0.05,0.11339985141293765,0.11339985141293765,338,False,False
146,CHC.FCI  sensi multiplier[Brownfield]:CHC.progress ratios commercial[Brownfield],interaction,dynamic_discovery,0.1313707795818943,1.0,True,9954,1360,True,retained_by_at_least_one_output,10.044509116277371,hc3_wald_95_percent_drop_if_zero_compatible_for_all_outputs,0.05,0.022301809945492426,0.022301809945492426,276,False,False
147,"OHC.PY sensi multiplier[HEFA]:OHC.Policy Duration[Price,HEFA]",interaction,dynamic_discovery,0.1245699611545834,1.0,True,9954,1141,True,retained_by_at_least_one_output,46.43028037514974,hc3_wald_95_percent_drop_if_zero_compatible_for_all_outputs,0.05,0.0123128576673803,0.0123128576673803,233,True,False
148,CHC.Mature Industry Rate of Return as PCT[Thermochem]:CHC.Mature Industry Rate of Return as PCT[Brownfield],interaction,dynamic_discovery,0.1233401011677588,1.0,True,9954,2294,True,retained_by_at_least_one_output,24.61141960730666,hc3_wald_95_percent_drop_if_zero_compatible_for_all_outputs,0.05,0.0028052393494329836,0.0028052393494329836,136,True,False
149,OHC.PY sensi multiplier[HEFA]:SE.Max Jet Investment Hit Rate,interaction,dynamic_discovery,0.1216947104710048,1.0,True,9954,2228,True,retained_by_at_least_one_output,80.39445786511143,hc3_wald_95_percent_drop_if_zero_compatible_for_all_outputs,0.05,0.014553690064515526,0.014553690064515526,250,False,False
150,CHC.Mature Industry Rate of Return as PCT[Biochem]_inv,transformation,dynamic_discovery,0.1173536551763617,1.0,True,9954,607,True,retained_by_at_least_one_output,264.39012677021304,hc3_wald_95_percent_drop_if_zero_compatible_for_all_outputs,0.05,0.003696062595466676,0.003696062595466676,151,True,False
151,CHC.FCI  sensi multiplier[Thermochem]:CHC.ORNOOC sensi multiplier[Thermochem],interaction,dynamic_discovery,0.1165814730028621,1.0,True,9954,2042,True,retained_by_at_least_one_output,7.441648687720316,hc3_wald_95_percent_drop_if_zero_compatible_for_all_outputs,0.05,0.0062795816460016335,0.0062795816460016335,192,True,False
152,AHC.initial indices of Commercial Maturity[HTL]_sqrt,transformation,dynamic_discovery,0.1164904491511819,1.0,True,9954,2080,True,retained_by_at_least_one_output,55.029690270095514,hc3_wald_95_percent_drop_if_zero_compatible_for_all_outputs,0.05,0.0034955573018787406,0.0034955573018787406,147,True,False
153,AHC.PY sensi multiplier[HTL]:WW.PY sensi multiplier[SludgeToHTL],interaction,dynamic_discovery,0.1129796073529721,1.0,True,9954,2954,True,retained_by_at_least_one_output,36.705634616744746,hc3_wald_95_percent_drop_if_zero_compatible_for_all_outputs,0.05,0.009871633666244967,0.009871633666244967,213,True,False
154,OHC.Mature Industry Rate of Return as PCT[HEFA],numeric,model_factors,0.1111087401737151,1.0,True,9954,1663,True,retained_by_at_least_one_output,41.27286129793219,hc3_wald_95_percent_drop_if_zero_compatible_for_all_outputs,0.05,0.03170948671653295,0.03170948671653295,289,False,False
155,OHC.PY sensi multiplier[HEFA]:WW.PY sensi multiplier[SludgeToHTL],interaction,dynamic_discovery,0.1102253640687252,1.0,True,9954,3138,True,retained_by_at_least_one_output,31.875839382869696,hc3_wald_95_percent_drop_if_zero_compatible_for_all_outputs,0.05,0.023772858293360344,0.023772858293360344,279,False,False
156,AHC.FCI  sensi multiplier[HEFA],numeric,model_factors,0.1080135403643947,1.0,True,9954,306,True,retained_by_at_least_one_output,23.290372789838774,hc3_wald_95_percent_drop_if_zero_compatible_for_all_outputs,0.05,0.011118332575123291,0.011118332575123291,225,True,False
157,OHC.PY sensi multiplier[HEFA]:CHC.FCI  sensi multiplier[Thermochem],interaction,dynamic_discovery,0.1067297569985111,1.0,True,9954,2404,True,retained_by_at_least_one_output,23.84399870882817,hc3_wald_95_percent_drop_if_zero_compatible_for_all_outputs,0.05,0.02058757251279643,0.02058757251279643,271,False,False
158,SE.Max Jet Investment Hit Rate:WW.progress ratios commercial[SludgeToHTL],interaction,dynamic_discovery,0.100370798993887,1.0,True,9954,1904,True,retained_by_at_least_one_output,70.08086341476012,hc3_wald_95_percent_drop_if_zero_compatible_for_all_outputs,0.05,0.018593313989865953,0.018593313989865953,265,False,False
159,AHC.PY sensi multiplier[HTL]:WW.Mature Industry Rate of Return as PCT[SludgeToHTL],interaction,dynamic_discovery,0.0968255591280602,1.0,True,9954,1724,True,retained_by_at_least_one_output,51.80308126352581,hc3_wald_95_percent_drop_if_zero_compatible_for_all_outputs,0.05,0.002772812248395276,0.002772812248395276,134,True,False
160,OHC.progress ratios commercial[HEFA],numeric,model_factors,0.0926304054079089,1.0,True,9954,1518,True,retained_by_at_least_one_output,14.07824030846534,hc3_wald_95_percent_drop_if_zero_compatible_for_all_outputs,0.05,0.43973909688781276,0.43973909688781276,355,False,False
161,OHC.PY sensi multiplier[HEFA]:CHC.initial indices of Commercial Maturity[Thermochem],interaction,dynamic_discovery,0.0867243399866423,1.0,True,9954,2982,True,retained_by_at_least_one_output,53.138721018370354,hc3_wald_95_percent_drop_if_zero_compatible_for_all_outputs,0.05,0.00546432170735596,0.00546432170735596,184,True,False
162,SE.PY sensi multiplier[Jet],numeric,model_factors,0.0836536298490479,1.0,True,9954,1249,True,retained_by_at_least_one_output,47.09280283167844,hc3_wald_95_percent_drop_if_zero_compatible_for_all_outputs,0.05,0.03629670489265516,0.03629670489265516,297,False,False
163,OHC.Retirement Frac[TransEster]:OHC.progress ratios commercial[HEFA],interaction,dynamic_discovery,0.0810175014281951,1.0,True,9954,1228,True,retained_by_at_least_one_output,15.617397476184763,hc3_wald_95_percent_drop_if_zero_compatible_for_all_outputs,0.05,0.004776055889540942,0.004776055889540942,170,True,False
164,WW.PY sensi multiplier[ManureToHTL]:WW.ORNOOC sensi multiplier[SludgeToHTL],interaction,dynamic_discovery,0.0786037415707089,1.0,True,9954,440,True,retained_by_at_least_one_output,4.078313604731585,hc3_wald_95_percent_drop_if_zero_compatible_for_all_outputs,0.05,0.002115439582290421,0.002115439582290421,119,True,False
165,OHC.PY sensi multiplier[HEFABrownfield]:SE.Max Jet Investment Hit Rate,interaction,dynamic_discovery,0.0761039952858708,1.0,True,9954,2314,True,retained_by_at_least_one_output,68.7907383696215,hc3_wald_95_percent_drop_if_zero_compatible_for_all_outputs,0.05,0.012344193753674765,0.012344193753674765,234,True,False
166,OHC.PY sensi multiplier[HEFA]:WW.Mature Industry Rate of Return as PCT[SludgeToHTL],interaction,dynamic_discovery,0.0753165788591465,1.0,True,9954,2557,True,retained_by_at_least_one_output,49.469159884612566,hc3_wald_95_percent_drop_if_zero_compatible_for_all_outputs,0.05,0.010347028542863776,0.010347028542863776,218,True,False
167,OHC.progress ratios commercial[HEFABrownfield],numeric,model_factors,0.0708981760015019,1.0,True,9954,2215,True,retained_by_at_least_one_output,36.673188225682665,hc3_wald_95_percent_drop_if_zero_compatible_for_all_outputs,0.05,0.1119146385707879,0.1119146385707879,337,False,False
168,"OHC.Policy Duration[Price,HEFA]",numeric,model_factors,0.0708657767641662,1.0,True,9954,864,True,retained_by_at_least_one_output,19.63468104983379,hc3_wald_95_percent_drop_if_zero_compatible_for_all_outputs,0.05,0.013762748497553184,0.013762748497553184,237,True,False
169,WW.PY sensi multiplier[SludgeToHTL]:AHC.FCI  sensi multiplier[HTL],interaction,dynamic_discovery,0.0700728045311852,1.0,True,9954,382,True,retained_by_at_least_one_output,34.00137744299247,hc3_wald_95_percent_drop_if_zero_compatible_for_all_outputs,0.05,0.0037062937669601337,0.0037062937669601337,152,True,False
170,CHC.PY sensi multiplier[Thermochem]:OHC.progress ratios commercial[HEFA],interaction,dynamic_discovery,0.0684119694025092,1.0,True,9954,1247,True,retained_by_at_least_one_output,8.652363055665411,hc3_wald_95_percent_drop_if_zero_compatible_for_all_outputs,0.05,0.016771941189663173,0.016771941189663173,258,False,False
171,OHC.ORNOOC sensi multiplier[HEFA],numeric,model_factors,0.0661861013690968,1.0,True,9954,2213,True,retained_by_at_least_one_output,59.161634305845446,hc3_wald_95_percent_drop_if_zero_compatible_for_all_outputs,0.05,0.04525925173090048,0.04525925173090048,314,False,False
172,"WW.Policy Duration[Price,ManureToHTL]",numeric,model_factors,0.0640642650441643,0.88,True,9954,429,True,retained_by_at_least_one_output,5.920796169057038,hc3_wald_95_percent_drop_if_zero_compatible_for_all_outputs,0.05,0.005509307125840857,0.005509307125840857,186,True,False
173,OHC.FCI  sensi multiplier[HEFA],numeric,model_factors,0.0639338057030164,1.0,True,9954,2876,True,retained_by_at_least_one_output,100.38003109521023,hc3_wald_95_percent_drop_if_zero_compatible_for_all_outputs,0.05,0.035106818329738235,0.035106818329738235,294,False,False
174,CHC.initial indices of Commercial Maturity[Biochem],numeric,model_factors,0.0583663991580396,1.0,True,9954,511,True,retained_by_at_least_one_output,48.05702717211717,hc3_wald_95_percent_drop_if_zero_compatible_for_all_outputs,0.05,0.003103983348548958,0.003103983348548958,141,True,False
175,AHC.ORNOOC sensi multiplier[HTL],numeric,model_factors,0.057882863522,1.0,True,9954,520,True,retained_by_at_least_one_output,20.202113241656665,hc3_wald_95_percent_drop_if_zero_compatible_for_all_outputs,0.05,0.021837468852523453,0.021837468852523453,275,False,False
176,CHC.FCI  sensi multiplier[Thermochem]:CHC.progress ratios commercial[Brownfield],interaction,dynamic_discovery,0.0570683704150562,1.0,True,9954,692,True,retained_by_at_least_one_output,5.222353558838198,hc3_wald_95_percent_drop_if_zero_compatible_for_all_outputs,0.05,0.011005935487270108,0.011005935487270108,223,True,False
177,SE.Max Jet Investment Hit Rate:SE.progress ratios commercial[Jet],interaction,dynamic_discovery,0.0535745887850865,0.94,True,9954,1531,True,retained_by_at_least_one_output,24.73519258727291,hc3_wald_95_percent_drop_if_zero_compatible_for_all_outputs,0.05,0.008442327726418439,0.008442327726418439,204,True,False
178,OHC.PY sensi multiplier[HEFABrownfield]:CHC.progress ratios commercial[Thermochem],interaction,dynamic_discovery,0.0494273797302593,1.0,True,9954,2611,True,retained_by_at_least_one_output,13.98717250466028,hc3_wald_95_percent_drop_if_zero_compatible_for_all_outputs,0.05,0.02953501208852259,0.02953501208852259,288,False,False
179,WW.Mature Industry Rate of Return as PCT[ManureToHTL]:OHC.progress ratios commercial[HEFABrownfield],interaction,dynamic_discovery,0.0486561026583156,1.0,True,9954,908,True,retained_by_at_least_one_output,3.8931417961490355,hc3_wald_95_percent_drop_if_zero_compatible_for_all_outputs,0.05,0.0039509130062458375,0.0039509130062458375,158,True,False
180,OHC.PY sensi multiplier[HEFA]:WW.ORNOOC sensi multiplier[SludgeToHTL],interaction,dynamic_discovery,0.0474752512505301,1.0,True,9954,1536,True,retained_by_at_least_one_output,16.103730257433057,hc3_wald_95_percent_drop_if_zero_compatible_for_all_outputs,0.05,0.007568271125316495,0.007568271125316495,201,True,False
181,"OHC.PY sensi multiplier[HEFABrownfield]:OHC.Policy Duration[Price,HEFABrownfield]",interaction,dynamic_discovery,0.0473812483714488,1.0,True,9954,1089,True,retained_by_at_least_one_output,61.29125337836813,hc3_wald_95_percent_drop_if_zero_compatible_for_all_outputs,0.05,0.008564773093181988,0.008564773093181988,205,True,False
182,WW.initial indices of Commercial Maturity[ManureToHTL],numeric,model_factors,0.04728668392093,1.0,True,9954,949,True,retained_by_at_least_one_output,47.699144349567874,hc3_wald_95_percent_drop_if_zero_compatible_for_all_outputs,0.05,0.002461332583059639,0.002461332583059639,129,True,False
183,SE.progress ratios commercial[Jet],numeric,model_factors,0.0443159471147322,1.0,True,9954,892,True,retained_by_at_least_one_output,29.40109671869247,hc3_wald_95_percent_drop_if_zero_compatible_for_all_outputs,0.05,0.014069397591519886,0.014069397591519886,241,True,False
184,AHC.FCI  sensi multiplier[HTL],numeric,model_factors,0.0439977521958752,1.0,True,9954,2736,True,retained_by_at_least_one_output,34.165502374308666,hc3_wald_95_percent_drop_if_zero_compatible_for_all_outputs,0.05,0.041715495959066484,0.041715495959066484,309,False,False
185,WW.PY sensi multiplier[ManureToHTL]:SE.progress ratios commercial[Jet],interaction,dynamic_discovery,0.0423324087083354,1.0,True,9954,278,True,retained_by_at_least_one_output,3.1998430066381123,hc3_wald_95_percent_drop_if_zero_compatible_for_all_outputs,0.05,0.0062625493191044435,0.0062625493191044435,191,True,False
186,OHC.ORNOOC sensi multiplier[HEFABrownfield],numeric,model_factors,0.0421849223487514,1.0,True,9954,654,True,retained_by_at_least_one_output,23.142524045961473,hc3_wald_95_percent_drop_if_zero_compatible_for_all_outputs,0.05,0.015727361350216004,0.015727361350216004,253,False,False
187,OHC.PY sensi multiplier[HEFA]:OHC.Debt Interest Rate as pct[HEFA],interaction,dynamic_discovery,0.0408496203357508,1.0,True,9954,1697,True,retained_by_at_least_one_output,44.09356278503139,hc3_wald_95_percent_drop_if_zero_compatible_for_all_outputs,0.05,0.006029288720318396,0.006029288720318396,188,True,False
188,WW.PY sensi multiplier[ManureToHTL]:OHC.ORNOOC sensi multiplier[HEFA],interaction,dynamic_discovery,0.0385639632542834,1.0,True,9954,1824,True,retained_by_at_least_one_output,3.7987034864178337,hc3_wald_95_percent_drop_if_zero_compatible_for_all_outputs,0.05,0.00577184779831999,0.00577184779831999,187,True,False
189,OHC.progress ratios commercial[HEFA]:WW.Debt Interest Rate as pct[SludgeToHTL],interaction,dynamic_discovery,0.0350937746683902,1.0,True,9954,349,True,retained_by_at_least_one_output,3.252543857043604,hc3_wald_95_percent_drop_if_zero_compatible_for_all_outputs,0.05,0.004499012206828912,0.004499012206828912,163,True,False
190,"OHC.Policy Duration[Price,TransEster]",numeric,model_factors,0.0331428186753608,1.0,True,9954,471,True,retained_by_at_least_one_output,7.363293433129056,hc3_wald_95_percent_drop_if_zero_compatible_for_all_outputs,0.05,0.008828885933257632,0.008828885933257632,206,True,False
191,OHC.Mature Industry Rate of Return as PCT[HEFA]:OHC.progress ratios commercial[HEFA],interaction,dynamic_discovery,0.0327941616249473,1.0,True,9954,1130,True,retained_by_at_least_one_output,39.62429973801289,hc3_wald_95_percent_drop_if_zero_compatible_for_all_outputs,0.05,0.006191812463960236,0.006191812463960236,190,True,False
192,OHC.progress ratios commercial[HEFA]:OHC.ORNOOC sensi multiplier[HEFABrownfield],interaction,dynamic_discovery,0.032602520572038,1.0,True,9954,274,True,retained_by_at_least_one_output,3.695741566942759,hc3_wald_95_percent_drop_if_zero_compatible_for_all_outputs,0.05,0.009304677197403216,0.009304677197403216,211,True,False
193,"CHC.progress ratios commercial[Thermochem]:SE.Policy Duration[Price,Jet]",interaction,dynamic_discovery,0.0314998441834924,1.0,True,9954,537,True,retained_by_at_least_one_output,5.261146253563979,hc3_wald_95_percent_drop_if_zero_compatible_for_all_outputs,0.05,0.004764259500078,0.004764259500078,169,True,False
194,CHC.progress ratios commercial[Brownfield],numeric,model_factors,0.0302778508038161,1.0,True,9954,1018,True,retained_by_at_least_one_output,4.429694149358032,hc3_wald_95_percent_drop_if_zero_compatible_for_all_outputs,0.05,0.09270838219487718,0.09270838219487718,331,False,False
195,WW.ORNOOC sensi multiplier[ManureToHTL],numeric,model_factors,0.0301940193789268,1.0,True,9954,774,True,retained_by_at_least_one_output,66.23394140384202,hc3_wald_95_percent_drop_if_zero_compatible_for_all_outputs,0.05,0.023610402671179587,0.023610402671179587,278,False,False
196,AHC.Debt Interest Rate as pct[HTL],numeric,model_factors,0.0300949823848901,0.92,True,9954,438,True,retained_by_at_least_one_output,14.29694922698401,hc3_wald_95_percent_drop_if_zero_compatible_for_all_outputs,0.05,0.0030875634292326093,0.0030875634292326093,140,True,False
197,"CHC.PY sensi multiplier[Thermochem]:CHC.Policy Duration[Price,Thermochem]",interaction,dynamic_discovery,0.0278141317760125,1.0,True,9954,2176,True,retained_by_at_least_one_output,21.088185869592884,hc3_wald_95_percent_drop_if_zero_compatible_for_all_outputs,0.05,0.006513939970053659,0.006513939970053659,196,True,False
198,WW.PY sensi multiplier[ManureToHTL]:CHC.progress ratios commercial[Thermochem],interaction,dynamic_discovery,0.0277523343781574,1.0,True,9954,2073,True,retained_by_at_least_one_output,8.747735940906114,hc3_wald_95_percent_drop_if_zero_compatible_for_all_outputs,0.05,0.019588374167980538,0.019588374167980538,268,False,False
199,WW.PY sensi multiplier[ManureToHTL]:CHC.PY sensi multiplier[Brownfield],interaction,dynamic_discovery,0.0274682665073868,1.0,True,9954,568,True,retained_by_at_least_one_output,3.7132750704212687,hc3_wald_95_percent_drop_if_zero_compatible_for_all_outputs,0.05,0.002135888479593895,0.002135888479593895,121,True,False
200,"OHC.progress ratios commercial[HEFA]:OHC.Policy Duration[Price,TransEster]",interaction,dynamic_discovery,0.0260498997027191,1.0,True,9954,252,True,retained_by_at_least_one_output,3.3118257628496375,hc3_wald_95_percent_drop_if_zero_compatible_for_all_outputs,0.05,0.005358908722226691,0.005358908722226691,182,True,False
201,SE.PY sensi multiplier[Jet]:WW.progress ratios commercial[ManureToHTL],interaction,dynamic_discovery,0.0230589829719743,0.96,True,9954,312,True,retained_by_at_least_one_output,3.597695154744374,hc3_wald_95_percent_drop_if_zero_compatible_for_all_outputs,0.05,0.007253595115573511,0.007253595115573511,199,True,False
202,OHC.PY sensi multiplier[HEFA]:WW.PY sensi multiplier[ManureToHTL],interaction,dynamic_discovery,0.0222789359182713,1.0,True,9954,1434,True,retained_by_at_least_one_output,3.378680690999098,hc3_wald_95_percent_drop_if_zero_compatible_for_all_outputs,0.05,0.004125557611254271,0.004125557611254271,161,True,False
203,"WW.PY sensi multiplier[ManureToHTL]:WW.Policy Duration[Price,SludgeToHTL]",interaction,dynamic_discovery,0.0222022097463212,1.0,True,9954,934,True,retained_by_at_least_one_output,4.494897185741417,hc3_wald_95_percent_drop_if_zero_compatible_for_all_outputs,0.05,0.0031509759015071193,0.0031509759015071193,144,True,False
204,WW.progress ratios commercial[SludgeToHTL]:OHC.progress ratios commercial[HEFA],interaction,dynamic_discovery,0.0216000931999189,0.98,True,9954,1253,True,retained_by_at_least_one_output,8.202006879244053,hc3_wald_95_percent_drop_if_zero_compatible_for_all_outputs,0.05,0.10084486296930681,0.10084486296930681,334,False,False
205,OHC.Mature Industry Rate of Return as PCT[HEFABrownfield],numeric,model_factors,0.0203682660940086,1.0,True,9954,2271,True,retained_by_at_least_one_output,17.30433029295681,hc3_wald_95_percent_drop_if_zero_compatible_for_all_outputs,0.05,0.004736196127972769,0.004736196127972769,168,True,False
206,"OHC.PY sensi multiplier[HEFA]:SE.Policy Duration[Price,Jet]",interaction,dynamic_discovery,0.0202955687864253,1.0,True,9954,579,True,retained_by_at_least_one_output,5.932960779910178,hc3_wald_95_percent_drop_if_zero_compatible_for_all_outputs,0.05,0.0023072663775118435,0.0023072663775118435,125,True,False
207,"OHC.progress ratios commercial[HEFA]:OHC.Policy Duration[Price,HEFABrownfield]",interaction,dynamic_discovery,0.0188311322591168,0.98,True,9954,507,True,retained_by_at_least_one_output,3.278167164136339,hc3_wald_95_percent_drop_if_zero_compatible_for_all_outputs,0.05,0.0064189740981105,0.0064189740981105,195,True,False
208,CHC.FCI  sensi multiplier[Brownfield]:OHC.progress ratios commercial[HEFA],interaction,dynamic_discovery,0.0185067659044582,1.0,True,9954,147,True,retained_by_at_least_one_output,3.3762581449218683,hc3_wald_95_percent_drop_if_zero_compatible_for_all_outputs,0.05,0.00919156053959197,0.00919156053959197,209,True,False
209,CHC.Debt Interest Rate as pct[Biochem],numeric,model_factors,0.0182180117332188,0.78,True,9954,411,True,retained_by_at_least_one_output,3.3197255512180925,hc3_wald_95_percent_drop_if_zero_compatible_for_all_outputs,0.05,0.004501908361970813,0.004501908361970813,164,True,False
210,WW.ORNOOC sensi multiplier[SludgeToHTL]:AHC.ORNOOC sensi multiplier[HTL],interaction,dynamic_discovery,0.0181346103931015,1.0,True,9954,1270,True,retained_by_at_least_one_output,3.741761197265364,hc3_wald_95_percent_drop_if_zero_compatible_for_all_outputs,0.05,0.005000181822072042,0.005000181822072042,177,True,False
211,CHC.PY sensi multiplier[Brownfield]:OHC.progress ratios commercial[HEFA],interaction,dynamic_discovery,0.0169477626324984,0.92,True,9954,232,True,retained_by_at_least_one_output,3.5382507599142388,hc3_wald_95_percent_drop_if_zero_compatible_for_all_outputs,0.05,0.010871426479718435,0.010871426479718435,220,True,False
212,WW.Mature Industry Rate of Return as PCT[ManureToHTL]:OHC.progress ratios commercial[HEFA],interaction,dynamic_discovery,0.0168134185068154,0.92,True,9954,213,True,retained_by_at_least_one_output,2.9875836778532197,hc3_wald_95_percent_drop_if_zero_compatible_for_all_outputs,0.05,0.0024124447785425496,0.0024124447785425496,127,True,False
213,WW.progress ratios commercial[ManureToHTL],numeric,model_factors,0.01639276926318,1.0,True,9954,246,True,retained_by_at_least_one_output,3.4222868213832616,hc3_wald_95_percent_drop_if_zero_compatible_for_all_outputs,0.05,0.06467561343063147,0.06467561343063147,324,False,False
214,"OHC.Policy Duration[Price,HEFABrownfield]",numeric,model_factors,0.0162386211982987,0.88,True,9954,694,True,retained_by_at_least_one_output,18.878906932767595,hc3_wald_95_percent_drop_if_zero_compatible_for_all_outputs,0.05,0.02043382314896025,0.02043382314896025,270,False,False
215,WW.ORNOOC sensi multiplier[SludgeToHTL]:WW.FCI  sensi multiplier[ManureToHTL],interaction,dynamic_discovery,0.0159198936068158,1.0,True,9954,345,True,retained_by_at_least_one_output,3.981514191625541,hc3_wald_95_percent_drop_if_zero_compatible_for_all_outputs,0.05,0.0021021672889285775,0.0021021672889285775,118,True,False
216,"WW.Policy Duration[Price,SludgeToHTL]",numeric,model_factors,0.0156498419471644,1.0,True,9954,766,True,retained_by_at_least_one_output,7.067574297345225,hc3_wald_95_percent_drop_if_zero_compatible_for_all_outputs,0.05,0.00488677102240917,0.00488677102240917,173,True,False
217,SE.ORNOOC sensi multiplier[Jet]:CHC.FCI  sensi multiplier[Brownfield],interaction,dynamic_discovery,0.0148692082658697,1.0,True,9954,317,True,retained_by_at_least_one_output,3.2159891984193334,hc3_wald_95_percent_drop_if_zero_compatible_for_all_outputs,0.05,0.0024610700919480005,0.0024610700919480005,128,True,False
218,WW.Debt Interest Rate as pct[SludgeToHTL],numeric,model_factors,0.0138838629227465,1.0,True,9954,786,True,retained_by_at_least_one_output,12.649488258006853,hc3_wald_95_percent_drop_if_zero_compatible_for_all_outputs,0.05,0.007147187196709134,0.007147187196709134,198,True,False
219,CHC.Mature Industry Rate of Return as PCT[Brownfield]:CHC.progress ratios commercial[Thermochem],interaction,dynamic_discovery,0.0138304701089255,0.98,True,9954,990,True,retained_by_at_least_one_output,7.906590273270401,hc3_wald_95_percent_drop_if_zero_compatible_for_all_outputs,0.05,0.004926702919265488,0.004926702919265488,174,True,False
220,"SE.Policy Duration[Price,Jet]",numeric,model_factors,0.0137878186563892,1.0,True,9954,692,True,retained_by_at_least_one_output,6.061759857311429,hc3_wald_95_percent_drop_if_zero_compatible_for_all_outputs,0.05,0.009012614722946649,0.009012614722946649,208,True,False
221,WW.PY sensi multiplier[ManureToHTL]:AHC.FCI  sensi multiplier[HEFA],interaction,dynamic_discovery,0.0131815393891023,1.0,True,9954,218,True,retained_by_at_least_one_output,3.212689801483523,hc3_wald_95_percent_drop_if_zero_compatible_for_all_outputs,0.05,0.0021505950454044076,0.0021505950454044076,122,True,False
222,OHC.ORNOOC sensi multiplier[HEFA]:AHC.ORNOOC sensi multiplier[HTL],interaction,dynamic_discovery,0.0131706623732848,1.0,True,9954,675,True,retained_by_at_least_one_output,3.677654556399648,hc3_wald_95_percent_drop_if_zero_compatible_for_all_outputs,0.05,0.003957536514062762,0.003957536514062762,159,True,False
223,"OHC.progress ratios commercial[HEFA]:CHC.Policy Duration[Price,Thermochem]",interaction,dynamic_discovery,0.0123766351211047,0.94,True,9954,197,True,retained_by_at_least_one_output,3.5389222155685673,hc3_wald_95_percent_drop_if_zero_compatible_for_all_outputs,0.05,0.0051952410195630905,0.0051952410195630905,181,True,False
224,"AHC.PY sensi multiplier[HTL]:OHC.Policy Duration[Price,HEFABrownfield]",interaction,dynamic_discovery,0.0120392073717161,1.0,True,9954,1263,True,retained_by_at_least_one_output,4.2401567990124445,hc3_wald_95_percent_drop_if_zero_compatible_for_all_outputs,0.05,0.0031152518309890964,0.0031152518309890964,142,True,False
225,"CHC.FCI  sensi multiplier[Brownfield]:OHC.Policy Duration[Price,HEFA]",interaction,dynamic_discovery,0.0118769007509721,1.0,True,9954,1894,True,retained_by_at_least_one_output,3.2995879493441853,hc3_wald_95_percent_drop_if_zero_compatible_for_all_outputs,0.05,0.0037441307381043953,0.0037441307381043953,154,True,False
226,"AHC.ORNOOC sensi multiplier[HTL]:OHC.Policy Duration[Price,HEFABrownfield]",interaction,dynamic_discovery,0.0112508637536487,0.86,True,9954,798,True,retained_by_at_least_one_output,3.758243283707247,hc3_wald_95_percent_drop_if_zero_compatible_for_all_outputs,0.05,0.0020065072737584094,0.0020065072737584094,116,True,False
227,OHC.progress ratios commercial[HEFA]:CHC.progress ratios commercial[Brownfield],interaction,dynamic_discovery,0.0093712558080255,1.0,True,9954,525,True,retained_by_at_least_one_output,3.208136354854926,hc3_wald_95_percent_drop_if_zero_compatible_for_all_outputs,0.05,0.05516927328724083,0.05516927328724083,321,False,False
228,WW.PY sensi multiplier[ManureToHTL]:OHC.progress ratios commercial[HEFA],interaction,dynamic_discovery,0.0086442638671796,1.0,True,9954,261,True,retained_by_at_least_one_output,3.678949852893265,hc3_wald_95_percent_drop_if_zero_compatible_for_all_outputs,0.05,0.010037028916200175,0.010037028916200175,215,True,False
229,WW.PY sensi multiplier[ManureToHTL]:CHC.FCI  sensi multiplier[Thermochem],interaction,dynamic_discovery,0.0080239435765293,1.0,True,9954,362,True,retained_by_at_least_one_output,3.633235446131746,hc3_wald_95_percent_drop_if_zero_compatible_for_all_outputs,0.05,0.003868297766649889,0.003868297766649889,156,True,False
230,WW.FCI  sensi multiplier[ManureToHTL]:OHC.progress ratios commercial[HEFA],interaction,dynamic_discovery,0.0080079663205293,1.0,True,9954,218,True,retained_by_at_least_one_output,2.9738307554978696,hc3_wald_95_percent_drop_if_zero_compatible_for_all_outputs,0.05,0.008255526928196186,0.008255526928196186,203,True,False
231,CHC.FCI  sensi multiplier[Thermochem]:SE.FCI  sensi multiplier[Jet],interaction,dynamic_discovery,0.0079417098194566,0.92,True,9954,169,True,retained_by_at_least_one_output,3.2446076198664957,hc3_wald_95_percent_drop_if_zero_compatible_for_all_outputs,0.05,0.002227057130351359,0.002227057130351359,123,True,False
232,"CHC.Policy Duration[Price,Thermochem]",numeric,model_factors,0.0067264985295193,0.98,True,9954,222,True,retained_by_at_least_one_output,4.5646333564015755,hc3_wald_95_percent_drop_if_zero_compatible_for_all_outputs,0.05,0.01683217316501706,0.01683217316501706,259,False,False
233,OHC.PY sensi multiplier[HEFA]:CHC.PY sensi multiplier[Biochem],interaction,dynamic_discovery,0.0067064304051923,1.0,True,9954,354,True,retained_by_at_least_one_output,3.278801565963653,hc3_wald_95_percent_drop_if_zero_compatible_for_all_outputs,0.05,0.0027232780406905716,0.0027232780406905716,132,True,False
234,WW.PY sensi multiplier[ManureToHTL]:OHC.ORNOOC sensi multiplier[HEFABrownfield],interaction,dynamic_discovery,0.0064102411528872,1.0,True,9954,506,True,retained_by_at_least_one_output,3.067876068580523,hc3_wald_95_percent_drop_if_zero_compatible_for_all_outputs,0.05,0.0046010967365603395,0.0046010967365603395,166,True,False
235,SE.FCI  sensi multiplier[Jet],numeric,model_factors,0.0058086865653535,0.98,True,9954,654,True,retained_by_at_least_one_output,4.788658445473357,hc3_wald_95_percent_drop_if_zero_compatible_for_all_outputs,0.05,0.009297775699101937,0.009297775699101937,210,True,False
236,CHC.FCI  sensi multiplier[Thermochem]:OHC.progress ratios commercial[HEFABrownfield],interaction,dynamic_discovery,0.0051318886924812,0.98,True,9954,79,True,retained_by_at_least_one_output,3.1906280094877113,hc3_wald_95_percent_drop_if_zero_compatible_for_all_outputs,0.05,0.006148378063165802,0.006148378063165802,189,True,False
237,WW.progress ratios commercial[SludgeToHTL]:SE.Alt Price Sensi multiplier[EtOH],interaction,dynamic_discovery,0.0047138194241082,1.0,True,9954,722,True,retained_by_at_least_one_output,3.1645246868060233,hc3_wald_95_percent_drop_if_zero_compatible_for_all_outputs,0.05,0.0020376972378712,0.0020376972378712,117,True,False
238,OHC.progress ratios commercial[HEFA]:AHC.ORNOOC sensi multiplier[HTL],interaction,dynamic_discovery,0.0042347098416834,1.0,True,9954,505,True,retained_by_at_least_one_output,3.4670764881435963,hc3_wald_95_percent_drop_if_zero_compatible_for_all_outputs,0.05,0.016335505497424352,0.016335505497424352,255,False,False
239,"WW.progress ratios commercial[SludgeToHTL]:CHC.Policy Duration[Price,Thermochem]",interaction,dynamic_discovery,0.0037600067189967,0.98,True,9954,274,True,retained_by_at_least_one_output,3.579350226339456,hc3_wald_95_percent_drop_if_zero_compatible_for_all_outputs,0.05,0.00986315742957182,0.00986315742957182,212,True,False
240,OHC.progress ratios commercial[HEFA]:WW.progress ratios commercial[ManureToHTL],interaction,dynamic_discovery,0.0030377066184339,0.94,True,9954,227,True,retained_by_at_least_one_output,2.8589595506529952,hc3_wald_95_percent_drop_if_zero_compatible_for_all_outputs,0.05,0.04474796816308341,0.04474796816308341,312,False,False
241,OHC.Debt Interest Rate as pct[HEFA],numeric,model_factors,0.0024290627225114,0.96,True,9954,1129,True,retained_by_at_least_one_output,22.736383974492718,hc3_wald_95_percent_drop_if_zero_compatible_for_all_outputs,0.05,0.007264595009072727,0.007264595009072727,200,True,False
242,SE.Alt Price Sensi multiplier[EtOH],numeric,model_factors,0.0023785802353166,0.94,True,9954,381,True,retained_by_at_least_one_output,3.5222868586435525,hc3_wald_95_percent_drop_if_zero_compatible_for_all_outputs,0.05,0.004225961265225314,0.004225961265225314,162,True,False
243,CHC.Mature Industry Rate of Return as PCT[Biochem]:OHC.progress ratios commercial[HEFA],interaction,dynamic_discovery,0.0020660396300057,0.94,True,9954,511,True,retained_by_at_least_one_output,3.3189864067081376,hc3_wald_95_percent_drop_if_zero_compatible_for_all_outputs,0.05,0.0028312304781377834,0.0028312304781377834,138,True,False
244,WW.progress ratios commercial[SludgeToHTL]:OHC.Mature Industry Rate of Return as PCT[HEFA],interaction,dynamic_discovery,0.0016961101551122,0.82,True,9954,338,True,retained_by_at_least_one_output,4.313597714426694,hc3_wald_95_percent_drop_if_zero_compatible_for_all_outputs,0.05,0.002506091816722303,0.002506091816722303,130,True,False
