feature_name,n_outputs,n_outputs_excluding_zero,hc3_retained_after_filter,hc3_drop_reason,max_abs_hc3_t_statistic,interval_method,alpha
WW.PY sensi multiplier[SludgeToHTL],9954,3802,True,retained_by_at_least_one_output,169.66569227745526,hc3_wald_95_percent_drop_if_zero_compatible_for_all_outputs,0.05
WW.PY sensi multiplier[SludgeToHTL]_sqrt,9954,3275,True,retained_by_at_least_one_output,265.38856084398515,hc3_wald_95_percent_drop_if_zero_compatible_for_all_outputs,0.05
WW.PY sensi multiplier[SludgeToHTL]:WW.progress ratios commercial[SludgeToHTL],9954,2600,True,retained_by_at_least_one_output,124.49799397582554,hc3_wald_95_percent_drop_if_zero_compatible_for_all_outputs,0.05
WW.progress ratios commercial[SludgeToHTL]:WW.Mature Industry Rate of Return as PCT[SludgeToHTL],9954,3108,True,retained_by_at_least_one_output,137.31460685548907,hc3_wald_95_percent_drop_if_zero_compatible_for_all_outputs,0.05
AHC.PY sensi multiplier[HEFA],9954,456,True,retained_by_at_least_one_output,318.72227223101413,hc3_wald_95_percent_drop_if_zero_compatible_for_all_outputs,0.05
CHC.Mature Industry Rate of Return as PCT[Thermochem],9954,4103,True,retained_by_at_least_one_output,107.67469493763934,hc3_wald_95_percent_drop_if_zero_compatible_for_all_outputs,0.05
WW.PY sensi multiplier[ManureToHTL]_sq,9954,1426,True,retained_by_at_least_one_output,318.9444831291415,hc3_wald_95_percent_drop_if_zero_compatible_for_all_outputs,0.05
OHC.PY sensi multiplier[HEFA],9954,3715,True,retained_by_at_least_one_output,211.87534290364374,hc3_wald_95_percent_drop_if_zero_compatible_for_all_outputs,0.05
CHC.PY sensi multiplier[Thermochem]_sq,9954,4776,True,retained_by_at_least_one_output,163.61498051569956,hc3_wald_95_percent_drop_if_zero_compatible_for_all_outputs,0.05
CHC.initial indices of Commercial Maturity[Thermochem],9954,4306,True,retained_by_at_least_one_output,140.2201879748487,hc3_wald_95_percent_drop_if_zero_compatible_for_all_outputs,0.05
CHC.PY sensi multiplier[Thermochem]:CHC.Mature Industry Rate of Return as PCT[Thermochem],9954,6152,True,retained_by_at_least_one_output,203.82211059265575,hc3_wald_95_percent_drop_if_zero_compatible_for_all_outputs,0.05
WW.progress ratios commercial[SludgeToHTL],9954,3778,True,retained_by_at_least_one_output,150.50625348358153,hc3_wald_95_percent_drop_if_zero_compatible_for_all_outputs,0.05
WW.PY sensi multiplier[SludgeToHTL]:WW.Mature Industry Rate of Return as PCT[SludgeToHTL],9954,4015,True,retained_by_at_least_one_output,235.2925128205119,hc3_wald_95_percent_drop_if_zero_compatible_for_all_outputs,0.05
WW.Mature Industry Rate of Return as PCT[SludgeToHTL]_sqrt,9954,3189,True,retained_by_at_least_one_output,172.76431151285692,hc3_wald_95_percent_drop_if_zero_compatible_for_all_outputs,0.05
CHC.initial indices of Commercial Maturity[Brownfield]:CHC.PY sensi multiplier[Brownfield],9954,5059,True,retained_by_at_least_one_output,81.17544732611228,hc3_wald_95_percent_drop_if_zero_compatible_for_all_outputs,0.05
AHC.PY sensi multiplier[HTL],9954,563,True,retained_by_at_least_one_output,152.89892771910436,hc3_wald_95_percent_drop_if_zero_compatible_for_all_outputs,0.05
AHC.PY sensi multiplier[HEFA]_sq,9954,447,True,retained_by_at_least_one_output,218.47492042427365,hc3_wald_95_percent_drop_if_zero_compatible_for_all_outputs,0.05
WW.PY sensi multiplier[ManureToHTL]:WW.Mature Industry Rate of Return as PCT[ManureToHTL],9954,3052,True,retained_by_at_least_one_output,321.89713684561275,hc3_wald_95_percent_drop_if_zero_compatible_for_all_outputs,0.05
WW.progress ratios commercial[SludgeToHTL]_sq,9954,3486,True,retained_by_at_least_one_output,193.5700665845088,hc3_wald_95_percent_drop_if_zero_compatible_for_all_outputs,0.05
CHC.initial indices of Commercial Maturity[Brownfield]:CHC.Mature Industry Rate of Return as PCT[Brownfield],9954,5669,True,retained_by_at_least_one_output,179.148033397475,hc3_wald_95_percent_drop_if_zero_compatible_for_all_outputs,0.05
CHC.Mature Industry Rate of Return as PCT[Thermochem]_sqrt,9954,4913,True,retained_by_at_least_one_output,89.07122628275414,hc3_wald_95_percent_drop_if_zero_compatible_for_all_outputs,0.05
CHC.PY sensi multiplier[Thermochem]:CHC.initial indices of Commercial Maturity[Thermochem],9954,5396,True,retained_by_at_least_one_output,210.93912896836662,hc3_wald_95_percent_drop_if_zero_compatible_for_all_outputs,0.05
AHC.PY sensi multiplier[HTL]_sq,9954,641,True,retained_by_at_least_one_output,233.26343471876262,hc3_wald_95_percent_drop_if_zero_compatible_for_all_outputs,0.05
CHC.Mature Industry Rate of Return as PCT[Brownfield],9954,1734,True,retained_by_at_least_one_output,36.3510748280313,hc3_wald_95_percent_drop_if_zero_compatible_for_all_outputs,0.05
CHC.PY sensi multiplier[Thermochem]:CHC.FCI  sensi multiplier[Thermochem],9954,5303,True,retained_by_at_least_one_output,109.59502026703497,hc3_wald_95_percent_drop_if_zero_compatible_for_all_outputs,0.05
CHC.initial indices of Commercial Maturity[Thermochem]_log1p,9954,3576,True,retained_by_at_least_one_output,195.80709884068787,hc3_wald_95_percent_drop_if_zero_compatible_for_all_outputs,0.05
WW.initial indices of Commercial Maturity[SludgeToHTL],9954,2467,True,retained_by_at_least_one_output,74.79676773114612,hc3_wald_95_percent_drop_if_zero_compatible_for_all_outputs,0.05
WW.progress ratios commercial[SludgeToHTL]:WW.FCI  sensi multiplier[SludgeToHTL],9954,2323,True,retained_by_at_least_one_output,62.21003771533722,hc3_wald_95_percent_drop_if_zero_compatible_for_all_outputs,0.05
SE.Max Jet Investment Hit Rate_log1p,9954,4232,True,retained_by_at_least_one_output,254.33171483353487,hc3_wald_95_percent_drop_if_zero_compatible_for_all_outputs,0.05
CHC.initial indices of Commercial Maturity[Brownfield],9954,3215,True,retained_by_at_least_one_output,36.70970213676018,hc3_wald_95_percent_drop_if_zero_compatible_for_all_outputs,0.05
OHC.Retirement Frac[TransEster],9954,1714,True,retained_by_at_least_one_output,190.53335262462969,hc3_wald_95_percent_drop_if_zero_compatible_for_all_outputs,0.05
CHC.Mature Industry Rate of Return as PCT[Biochem],9954,916,True,retained_by_at_least_one_output,139.16663156332146,hc3_wald_95_percent_drop_if_zero_compatible_for_all_outputs,0.05
CHC.PY sensi multiplier[Thermochem]:CHC.progress ratios commercial[Thermochem],9954,4496,True,retained_by_at_least_one_output,61.172911321129114,hc3_wald_95_percent_drop_if_zero_compatible_for_all_outputs,0.05
CHC.initial indices of Commercial Maturity[Brownfield]:CHC.FCI  sensi multiplier[Brownfield],9954,3876,True,retained_by_at_least_one_output,48.30559327216057,hc3_wald_95_percent_drop_if_zero_compatible_for_all_outputs,0.05
CHC.Mature Industry Rate of Return as PCT[Brownfield]_sqrt,9954,3437,True,retained_by_at_least_one_output,57.14374059123868,hc3_wald_95_percent_drop_if_zero_compatible_for_all_outputs,0.05
SE.Max Jet Investment Hit Rate,9954,4212,True,retained_by_at_least_one_output,195.32513834081112,hc3_wald_95_percent_drop_if_zero_compatible_for_all_outputs,0.05
CHC.FCI  sensi multiplier[Thermochem],9954,3478,True,retained_by_at_least_one_output,33.59779551141561,hc3_wald_95_percent_drop_if_zero_compatible_for_all_outputs,0.05
CHC.Mature Industry Rate of Return as PCT[Thermochem]:CHC.FCI  sensi multiplier[Thermochem],9954,4421,True,retained_by_at_least_one_output,169.03497845895365,hc3_wald_95_percent_drop_if_zero_compatible_for_all_outputs,0.05
CHC.Mature Industry Rate of Return as PCT[Brownfield]:CHC.PY sensi multiplier[Brownfield],9954,3643,True,retained_by_at_least_one_output,46.399530987504264,hc3_wald_95_percent_drop_if_zero_compatible_for_all_outputs,0.05
CHC.Mature Industry Rate of Return as PCT[Thermochem]:CHC.progress ratios commercial[Thermochem],9954,4026,True,retained_by_at_least_one_output,61.08961398768138,hc3_wald_95_percent_drop_if_zero_compatible_for_all_outputs,0.05
WW.PY sensi multiplier[ManureToHTL],9954,1018,True,retained_by_at_least_one_output,123.49073638441945,hc3_wald_95_percent_drop_if_zero_compatible_for_all_outputs,0.05
WW.PY sensi multiplier[ManureToHTL]:WW.ORNOOC sensi multiplier[ManureToHTL],9954,975,True,retained_by_at_least_one_output,80.27451105862265,hc3_wald_95_percent_drop_if_zero_compatible_for_all_outputs,0.05
WW.progress ratios commercial[SludgeToHTL]:WW.ORNOOC sensi multiplier[SludgeToHTL],9954,2041,True,retained_by_at_least_one_output,33.70982900058459,hc3_wald_95_percent_drop_if_zero_compatible_for_all_outputs,0.05
WW.PY sensi multiplier[SludgeToHTL]:WW.ORNOOC sensi multiplier[SludgeToHTL],9954,3517,True,retained_by_at_least_one_output,252.33181072845375,hc3_wald_95_percent_drop_if_zero_compatible_for_all_outputs,0.05
WW.PY sensi multiplier[SludgeToHTL]:WW.FCI  sensi multiplier[SludgeToHTL],9954,2377,True,retained_by_at_least_one_output,87.02341323359909,hc3_wald_95_percent_drop_if_zero_compatible_for_all_outputs,0.05
CHC.Mature Industry Rate of Return as PCT[Thermochem]:CHC.initial indices of Commercial Maturity[Thermochem],9954,5715,True,retained_by_at_least_one_output,417.65113051174677,hc3_wald_95_percent_drop_if_zero_compatible_for_all_outputs,0.05
WW.PY sensi multiplier[ManureToHTL]:WW.progress ratios commercial[ManureToHTL],9954,958,True,retained_by_at_least_one_output,17.967265623563566,hc3_wald_95_percent_drop_if_zero_compatible_for_all_outputs,0.05
OHC.PY sensi multiplier[HEFABrownfield]:OHC.PY sensi multiplier[HEFA],9954,4473,True,retained_by_at_least_one_output,158.9607458726081,hc3_wald_95_percent_drop_if_zero_compatible_for_all_outputs,0.05
AHC.initial indices of Commercial Maturity[HTL],9954,2008,True,retained_by_at_least_one_output,46.348351443968824,hc3_wald_95_percent_drop_if_zero_compatible_for_all_outputs,0.05
OHC.PY sensi multiplier[HEFABrownfield]_log1p,9954,3012,True,retained_by_at_least_one_output,359.64936058497295,hc3_wald_95_percent_drop_if_zero_compatible_for_all_outputs,0.05
WW.FCI  sensi multiplier[SludgeToHTL],9954,1721,True,retained_by_at_least_one_output,36.57452368979698,hc3_wald_95_percent_drop_if_zero_compatible_for_all_outputs,0.05
WW.progress ratios commercial[SludgeToHTL]:AHC.initial indices of Commercial Maturity[HTL],9954,1819,True,retained_by_at_least_one_output,36.70094870876934,hc3_wald_95_percent_drop_if_zero_compatible_for_all_outputs,0.05
CHC.initial indices of Commercial Maturity[Thermochem]:CHC.FCI  sensi multiplier[Thermochem],9954,3721,True,retained_by_at_least_one_output,180.1517029758834,hc3_wald_95_percent_drop_if_zero_compatible_for_all_outputs,0.05
WW.initial indices of Commercial Maturity[SludgeToHTL]_log1p,9954,2272,True,retained_by_at_least_one_output,70.02268372270215,hc3_wald_95_percent_drop_if_zero_compatible_for_all_outputs,0.05
CHC.PY sensi multiplier[Brownfield],9954,2560,True,retained_by_at_least_one_output,29.549807336178127,hc3_wald_95_percent_drop_if_zero_compatible_for_all_outputs,0.05
CHC.Mature Industry Rate of Return as PCT[Biochem]:CHC.FCI  sensi multiplier[Biochem],9954,965,True,retained_by_at_least_one_output,233.5389654177953,hc3_wald_95_percent_drop_if_zero_compatible_for_all_outputs,0.05
CHC.Mature Industry Rate of Return as PCT[Biochem]:CHC.PY sensi multiplier[Biochem],9954,449,True,retained_by_at_least_one_output,233.39862791683333,hc3_wald_95_percent_drop_if_zero_compatible_for_all_outputs,0.05
WW.Mature Industry Rate of Return as PCT[SludgeToHTL],9954,2440,True,retained_by_at_least_one_output,121.00823993371641,hc3_wald_95_percent_drop_if_zero_compatible_for_all_outputs,0.05
CHC.PY sensi multiplier[Thermochem]:WW.progress ratios commercial[SludgeToHTL],9954,2262,True,retained_by_at_least_one_output,47.07580745423695,hc3_wald_95_percent_drop_if_zero_compatible_for_all_outputs,0.05
WW.Mature Industry Rate of Return as PCT[SludgeToHTL]:WW.FCI  sensi multiplier[SludgeToHTL],9954,4159,True,retained_by_at_least_one_output,192.0048972151083,hc3_wald_95_percent_drop_if_zero_compatible_for_all_outputs,0.05
WW.PY sensi multiplier[ManureToHTL]:WW.initial indices of Commercial Maturity[ManureToHTL],9954,997,True,retained_by_at_least_one_output,128.92685362439263,hc3_wald_95_percent_drop_if_zero_compatible_for_all_outputs,0.05
CHC.PY sensi multiplier[Thermochem],9954,5285,True,retained_by_at_least_one_output,89.97695964780789,hc3_wald_95_percent_drop_if_zero_compatible_for_all_outputs,0.05
WW.PY sensi multiplier[SludgeToHTL]:CHC.PY sensi multiplier[Thermochem],9954,4985,True,retained_by_at_least_one_output,49.5175195676458,hc3_wald_95_percent_drop_if_zero_compatible_for_all_outputs,0.05
CHC.FCI  sensi multiplier[Thermochem]_log1p,9954,3106,True,retained_by_at_least_one_output,22.53075942743691,hc3_wald_95_percent_drop_if_zero_compatible_for_all_outputs,0.05
CHC.Mature Industry Rate of Return as PCT[Brownfield]:CHC.FCI  sensi multiplier[Brownfield],9954,2282,True,retained_by_at_least_one_output,35.96784996529565,hc3_wald_95_percent_drop_if_zero_compatible_for_all_outputs,0.05
CHC.initial indices of Commercial Maturity[Thermochem]:CHC.progress ratios commercial[Thermochem],9954,3273,True,retained_by_at_least_one_output,49.21960922424543,hc3_wald_95_percent_drop_if_zero_compatible_for_all_outputs,0.05
OHC.PY sensi multiplier[HEFA]_inv,9954,4561,True,retained_by_at_least_one_output,372.8941888327153,hc3_wald_95_percent_drop_if_zero_compatible_for_all_outputs,0.05
CHC.initial indices of Commercial Maturity[Brownfield]:CHC.progress ratios commercial[Brownfield],9954,2722,True,retained_by_at_least_one_output,43.458043538783144,hc3_wald_95_percent_drop_if_zero_compatible_for_all_outputs,0.05
WW.PY sensi multiplier[ManureToHTL]:WW.FCI  sensi multiplier[ManureToHTL],9954,1168,True,retained_by_at_least_one_output,86.85219743348891,hc3_wald_95_percent_drop_if_zero_compatible_for_all_outputs,0.05
WW.progress ratios commercial[SludgeToHTL]:WW.initial indices of Commercial Maturity[SludgeToHTL],9954,1990,True,retained_by_at_least_one_output,26.342459911842077,hc3_wald_95_percent_drop_if_zero_compatible_for_all_outputs,0.05
WW.progress ratios commercial[SludgeToHTL]:AHC.Mature Industry Rate of Return as PCT[HTL],9954,908,True,retained_by_at_least_one_output,155.97936591059917,hc3_wald_95_percent_drop_if_zero_compatible_for_all_outputs,0.05
CHC.PY sensi multiplier[Thermochem]:WW.Mature Industry Rate of Return as PCT[SludgeToHTL],9954,4980,True,retained_by_at_least_one_output,48.8378868741395,hc3_wald_95_percent_drop_if_zero_compatible_for_all_outputs,0.05
CHC.Mature Industry Rate of Return as PCT[Thermochem]:WW.progress ratios commercial[SludgeToHTL],9954,2219,True,retained_by_at_least_one_output,36.15507203314875,hc3_wald_95_percent_drop_if_zero_compatible_for_all_outputs,0.05
WW.Mature Industry Rate of Return as PCT[ManureToHTL]:WW.ORNOOC sensi multiplier[ManureToHTL],9954,1521,True,retained_by_at_least_one_output,71.19498095741673,hc3_wald_95_percent_drop_if_zero_compatible_for_all_outputs,0.05
WW.Mature Industry Rate of Return as PCT[ManureToHTL]:WW.FCI  sensi multiplier[ManureToHTL],9954,856,True,retained_by_at_least_one_output,266.58425003629566,hc3_wald_95_percent_drop_if_zero_compatible_for_all_outputs,0.05
CHC.Mature Industry Rate of Return as PCT[Biochem]:CHC.initial indices of Commercial Maturity[Biochem],9954,556,True,retained_by_at_least_one_output,285.9887573306573,hc3_wald_95_percent_drop_if_zero_compatible_for_all_outputs,0.05
WW.Mature Industry Rate of Return as PCT[ManureToHTL]_sq,9954,986,True,retained_by_at_least_one_output,135.89760269738,hc3_wald_95_percent_drop_if_zero_compatible_for_all_outputs,0.05
WW.Mature Industry Rate of Return as PCT[SludgeToHTL]:WW.ORNOOC sensi multiplier[SludgeToHTL],9954,2861,True,retained_by_at_least_one_output,69.96200709084745,hc3_wald_95_percent_drop_if_zero_compatible_for_all_outputs,0.05
WW.PY sensi multiplier[SludgeToHTL]:AHC.initial indices of Commercial Maturity[HTL],9954,2271,True,retained_by_at_least_one_output,51.29987507036208,hc3_wald_95_percent_drop_if_zero_compatible_for_all_outputs,0.05
OHC.PY sensi multiplier[HEFA]:OHC.progress ratios commercial[HEFA],9954,2570,True,retained_by_at_least_one_output,86.7490629647882,hc3_wald_95_percent_drop_if_zero_compatible_for_all_outputs,0.05
WW.Mature Industry Rate of Return as PCT[ManureToHTL]:WW.progress ratios commercial[ManureToHTL],9954,850,True,retained_by_at_least_one_output,17.039264428327975,hc3_wald_95_percent_drop_if_zero_compatible_for_all_outputs,0.05
CHC.PY sensi multiplier[Biochem],9954,846,True,retained_by_at_least_one_output,85.1525734440042,hc3_wald_95_percent_drop_if_zero_compatible_for_all_outputs,0.05
WW.ORNOOC sensi multiplier[ManureToHTL]:WW.progress ratios commercial[ManureToHTL],9954,613,True,retained_by_at_least_one_output,7.754794694530421,hc3_wald_95_percent_drop_if_zero_compatible_for_all_outputs,0.05
CHC.progress ratios commercial[Thermochem]_sq,9954,2512,True,retained_by_at_least_one_output,30.378303391265874,hc3_wald_95_percent_drop_if_zero_compatible_for_all_outputs,0.05
OHC.Retirement Frac[TransEster]_sq,9954,3196,True,retained_by_at_least_one_output,341.5128580013225,hc3_wald_95_percent_drop_if_zero_compatible_for_all_outputs,0.05
WW.Mature Industry Rate of Return as PCT[ManureToHTL]:WW.initial indices of Commercial Maturity[ManureToHTL],9954,1012,True,retained_by_at_least_one_output,308.24219987217583,hc3_wald_95_percent_drop_if_zero_compatible_for_all_outputs,0.05
CHC.initial indices of Commercial Maturity[Brownfield]:CHC.PY sensi multiplier[Thermochem],9954,3546,True,retained_by_at_least_one_output,46.227668799513516,hc3_wald_95_percent_drop_if_zero_compatible_for_all_outputs,0.05
AHC.PY sensi multiplier[HTL]:WW.progress ratios commercial[SludgeToHTL],9954,758,True,retained_by_at_least_one_output,80.85818903958703,hc3_wald_95_percent_drop_if_zero_compatible_for_all_outputs,0.05
WW.PY sensi multiplier[SludgeToHTL]:CHC.Mature Industry Rate of Return as PCT[Thermochem],9954,4570,True,retained_by_at_least_one_output,31.143607703160118,hc3_wald_95_percent_drop_if_zero_compatible_for_all_outputs,0.05
OHC.PY sensi multiplier[HEFABrownfield],9954,2844,True,retained_by_at_least_one_output,331.51916209928436,hc3_wald_95_percent_drop_if_zero_compatible_for_all_outputs,0.05
OHC.Retirement Frac[TransEster]:OHC.PY sensi multiplier[HEFABrownfield],9954,2161,True,retained_by_at_least_one_output,152.335416693148,hc3_wald_95_percent_drop_if_zero_compatible_for_all_outputs,0.05
WW.Mature Industry Rate of Return as PCT[ManureToHTL],9954,850,True,retained_by_at_least_one_output,59.008530801905664,hc3_wald_95_percent_drop_if_zero_compatible_for_all_outputs,0.05
SE.Max Jet Investment Hit Rate:SE.PY sensi multiplier[Jet],9954,3191,True,retained_by_at_least_one_output,164.15859846856418,hc3_wald_95_percent_drop_if_zero_compatible_for_all_outputs,0.05
CHC.PY sensi multiplier[Brownfield]:CHC.FCI  sensi multiplier[Brownfield],9954,1746,True,retained_by_at_least_one_output,20.21125592017146,hc3_wald_95_percent_drop_if_zero_compatible_for_all_outputs,0.05
CHC.PY sensi multiplier[Biochem]:CHC.FCI  sensi multiplier[Biochem],9954,842,True,retained_by_at_least_one_output,77.23966487148817,hc3_wald_95_percent_drop_if_zero_compatible_for_all_outputs,0.05
CHC.initial indices of Commercial Maturity[Biochem]:CHC.PY sensi multiplier[Biochem],9954,744,True,retained_by_at_least_one_output,80.62640467721677,hc3_wald_95_percent_drop_if_zero_compatible_for_all_outputs,0.05
CHC.Mature Industry Rate of Return as PCT[Brownfield]:CHC.progress ratios commercial[Brownfield],9954,1849,True,retained_by_at_least_one_output,23.29611906060741,hc3_wald_95_percent_drop_if_zero_compatible_for_all_outputs,0.05
WW.ORNOOC sensi multiplier[SludgeToHTL],9954,2705,True,retained_by_at_least_one_output,170.29019309795933,hc3_wald_95_percent_drop_if_zero_compatible_for_all_outputs,0.05
CHC.PY sensi multiplier[Thermochem]:CHC.Debt Interest Rate as pct[Thermochem],9954,3127,True,retained_by_at_least_one_output,29.05935757607215,hc3_wald_95_percent_drop_if_zero_compatible_for_all_outputs,0.05
CHC.initial indices of Commercial Maturity[Biochem]:CHC.FCI  sensi multiplier[Biochem],9954,1136,True,retained_by_at_least_one_output,81.39218924968091,hc3_wald_95_percent_drop_if_zero_compatible_for_all_outputs,0.05
SE.Mature Industry Rate of Return as PCT[Jet],9954,848,True,retained_by_at_least_one_output,119.18838833049747,hc3_wald_95_percent_drop_if_zero_compatible_for_all_outputs,0.05
CHC.Mature Industry Rate of Return as PCT[Thermochem]:WW.Mature Industry Rate of Return as PCT[SludgeToHTL],9954,4682,True,retained_by_at_least_one_output,59.25471479621668,hc3_wald_95_percent_drop_if_zero_compatible_for_all_outputs,0.05
CHC.PY sensi multiplier[Thermochem]:CHC.Mature Industry Rate of Return as PCT[Brownfield],9954,2453,True,retained_by_at_least_one_output,26.786948650705344,hc3_wald_95_percent_drop_if_zero_compatible_for_all_outputs,0.05
WW.PY sensi multiplier[SludgeToHTL]:CHC.FCI  sensi multiplier[Thermochem],9954,3032,True,retained_by_at_least_one_output,16.245340152166644,hc3_wald_95_percent_drop_if_zero_compatible_for_all_outputs,0.05
WW.PY sensi multiplier[SludgeToHTL]:WW.PY sensi multiplier[ManureToHTL],9954,803,True,retained_by_at_least_one_output,8.488068593636466,hc3_wald_95_percent_drop_if_zero_compatible_for_all_outputs,0.05
WW.Mature Industry Rate of Return as PCT[SludgeToHTL]:AHC.initial indices of Commercial Maturity[HTL],9954,2743,True,retained_by_at_least_one_output,87.69197273430875,hc3_wald_95_percent_drop_if_zero_compatible_for_all_outputs,0.05
SE.ORNOOC sensi multiplier[Jet],9954,1158,True,retained_by_at_least_one_output,100.07820878736868,hc3_wald_95_percent_drop_if_zero_compatible_for_all_outputs,0.05
CHC.FCI  sensi multiplier[Biochem],9954,840,True,retained_by_at_least_one_output,67.12866397208448,hc3_wald_95_percent_drop_if_zero_compatible_for_all_outputs,0.05
CHC.PY sensi multiplier[Biochem]_inv,9954,686,True,retained_by_at_least_one_output,85.3999660939668,hc3_wald_95_percent_drop_if_zero_compatible_for_all_outputs,0.05
SE.PY sensi multiplier[Jet]:SE.Mature Industry Rate of Return as PCT[Jet],9954,1236,True,retained_by_at_least_one_output,111.02834062522264,hc3_wald_95_percent_drop_if_zero_compatible_for_all_outputs,0.05
SE.Mature Industry Rate of Return as PCT[Jet]:SE.FCI  sensi multiplier[Jet],9954,1108,True,retained_by_at_least_one_output,110.86249636061174,hc3_wald_95_percent_drop_if_zero_compatible_for_all_outputs,0.05
WW.PY sensi multiplier[SludgeToHTL]:WW.initial indices of Commercial Maturity[SludgeToHTL],9954,1639,True,retained_by_at_least_one_output,60.340065559913654,hc3_wald_95_percent_drop_if_zero_compatible_for_all_outputs,0.05
WW.initial indices of Commercial Maturity[ManureToHTL]:WW.ORNOOC sensi multiplier[ManureToHTL],9954,807,True,retained_by_at_least_one_output,34.28276691754561,hc3_wald_95_percent_drop_if_zero_compatible_for_all_outputs,0.05
SE.PY sensi multiplier[Jet]_inv,9954,1470,True,retained_by_at_least_one_output,111.45473716193102,hc3_wald_95_percent_drop_if_zero_compatible_for_all_outputs,0.05
"WW.PY sensi multiplier[ManureToHTL]:WW.Policy Duration[Price,ManureToHTL]",9954,2091,True,retained_by_at_least_one_output,10.704986990149578,hc3_wald_95_percent_drop_if_zero_compatible_for_all_outputs,0.05
WW.PY sensi multiplier[SludgeToHTL]:CHC.initial indices of Commercial Maturity[Thermochem],9954,3589,True,retained_by_at_least_one_output,26.83633214840541,hc3_wald_95_percent_drop_if_zero_compatible_for_all_outputs,0.05
CHC.PY sensi multiplier[Thermochem]:CHC.ORNOOC sensi multiplier[Thermochem],9954,3001,True,retained_by_at_least_one_output,17.475207026498563,hc3_wald_95_percent_drop_if_zero_compatible_for_all_outputs,0.05
OHC.PY sensi multiplier[HEFA]:OHC.Mature Industry Rate of Return as PCT[HEFA],9954,2671,True,retained_by_at_least_one_output,183.93255343681597,hc3_wald_95_percent_drop_if_zero_compatible_for_all_outputs,0.05
AHC.Mature Industry Rate of Return as PCT[HTL]:AHC.FCI  sensi multiplier[HTL],9954,674,True,retained_by_at_least_one_output,154.51538590083587,hc3_wald_95_percent_drop_if_zero_compatible_for_all_outputs,0.05
OHC.Retirement Frac[TransEster]:OHC.PY sensi multiplier[HEFA],9954,2179,True,retained_by_at_least_one_output,71.1996694565495,hc3_wald_95_percent_drop_if_zero_compatible_for_all_outputs,0.05
CHC.PY sensi multiplier[Brownfield]_inv,9954,1622,True,retained_by_at_least_one_output,19.10614037226288,hc3_wald_95_percent_drop_if_zero_compatible_for_all_outputs,0.05
CHC.initial indices of Commercial Maturity[Brownfield]:CHC.FCI  sensi multiplier[Thermochem],9954,2390,True,retained_by_at_least_one_output,22.516827381331986,hc3_wald_95_percent_drop_if_zero_compatible_for_all_outputs,0.05
WW.progress ratios commercial[SludgeToHTL]:AHC.FCI  sensi multiplier[HTL],9954,1726,True,retained_by_at_least_one_output,73.19478600598394,hc3_wald_95_percent_drop_if_zero_compatible_for_all_outputs,0.05
CHC.initial indices of Commercial Maturity[Brownfield]:CHC.Mature Industry Rate of Return as PCT[Thermochem],9954,2748,True,retained_by_at_least_one_output,43.89670672680197,hc3_wald_95_percent_drop_if_zero_compatible_for_all_outputs,0.05
SE.Max Jet Investment Hit Rate:WW.PY sensi multiplier[ManureToHTL],9954,622,True,retained_by_at_least_one_output,11.271807532702486,hc3_wald_95_percent_drop_if_zero_compatible_for_all_outputs,0.05
WW.FCI  sensi multiplier[ManureToHTL],9954,909,True,retained_by_at_least_one_output,27.01326833210536,hc3_wald_95_percent_drop_if_zero_compatible_for_all_outputs,0.05
OHC.PY sensi multiplier[HEFA]:OHC.ORNOOC sensi multiplier[HEFA],9954,2498,True,retained_by_at_least_one_output,104.671700937299,hc3_wald_95_percent_drop_if_zero_compatible_for_all_outputs,0.05
AHC.PY sensi multiplier[HTL]:AHC.Mature Industry Rate of Return as PCT[HTL],9954,430,True,retained_by_at_least_one_output,155.17848476026103,hc3_wald_95_percent_drop_if_zero_compatible_for_all_outputs,0.05
OHC.PY sensi multiplier[HEFA]:CHC.PY sensi multiplier[Thermochem],9954,3276,True,retained_by_at_least_one_output,55.72101085310382,hc3_wald_95_percent_drop_if_zero_compatible_for_all_outputs,0.05
WW.PY sensi multiplier[ManureToHTL]:CHC.Mature Industry Rate of Return as PCT[Thermochem],9954,1009,True,retained_by_at_least_one_output,8.7179237173528,hc3_wald_95_percent_drop_if_zero_compatible_for_all_outputs,0.05
AHC.Mature Industry Rate of Return as PCT[HTL],9954,829,True,retained_by_at_least_one_output,72.19182794696606,hc3_wald_95_percent_drop_if_zero_compatible_for_all_outputs,0.05
WW.Mature Industry Rate of Return as PCT[SludgeToHTL]:WW.initial indices of Commercial Maturity[SludgeToHTL],9954,2016,True,retained_by_at_least_one_output,128.5000524131061,hc3_wald_95_percent_drop_if_zero_compatible_for_all_outputs,0.05
CHC.FCI  sensi multiplier[Brownfield],9954,706,True,retained_by_at_least_one_output,10.083055029191657,hc3_wald_95_percent_drop_if_zero_compatible_for_all_outputs,0.05
CHC.PY sensi multiplier[Thermochem]:WW.PY sensi multiplier[ManureToHTL],9954,1050,True,retained_by_at_least_one_output,8.583006948358356,hc3_wald_95_percent_drop_if_zero_compatible_for_all_outputs,0.05
OHC.PY sensi multiplier[HEFA]:OHC.FCI  sensi multiplier[HEFA],9954,2891,True,retained_by_at_least_one_output,116.91982696487122,hc3_wald_95_percent_drop_if_zero_compatible_for_all_outputs,0.05
WW.PY sensi multiplier[SludgeToHTL]:WW.ORNOOC sensi multiplier[ManureToHTL],9954,1149,True,retained_by_at_least_one_output,5.740828723541772,hc3_wald_95_percent_drop_if_zero_compatible_for_all_outputs,0.05
WW.PY sensi multiplier[SludgeToHTL]:WW.Mature Industry Rate of Return as PCT[ManureToHTL],9954,1132,True,retained_by_at_least_one_output,8.273880527906332,hc3_wald_95_percent_drop_if_zero_compatible_for_all_outputs,0.05
SE.PY sensi multiplier[Jet]:SE.ORNOOC sensi multiplier[Jet],9954,1378,True,retained_by_at_least_one_output,66.67632777386888,hc3_wald_95_percent_drop_if_zero_compatible_for_all_outputs,0.05
CHC.PY sensi multiplier[Brownfield]:CHC.progress ratios commercial[Brownfield],9954,1602,True,retained_by_at_least_one_output,22.09986064217534,hc3_wald_95_percent_drop_if_zero_compatible_for_all_outputs,0.05
OHC.PY sensi multiplier[HEFABrownfield]:OHC.progress ratios commercial[HEFA],9954,2535,True,retained_by_at_least_one_output,42.13036339513232,hc3_wald_95_percent_drop_if_zero_compatible_for_all_outputs,0.05
OHC.PY sensi multiplier[HEFA]:CHC.Mature Industry Rate of Return as PCT[Thermochem],9954,3432,True,retained_by_at_least_one_output,55.28520248768755,hc3_wald_95_percent_drop_if_zero_compatible_for_all_outputs,0.05
AHC.initial indices of Commercial Maturity[HTL]:WW.initial indices of Commercial Maturity[SludgeToHTL],9954,4682,True,retained_by_at_least_one_output,175.92822479230435,hc3_wald_95_percent_drop_if_zero_compatible_for_all_outputs,0.05
AHC.PY sensi multiplier[HTL]:AHC.FCI  sensi multiplier[HTL],9954,428,True,retained_by_at_least_one_output,78.73346926679952,hc3_wald_95_percent_drop_if_zero_compatible_for_all_outputs,0.05
SE.Max Jet Investment Hit Rate:WW.Mature Industry Rate of Return as PCT[ManureToHTL],9954,467,True,retained_by_at_least_one_output,11.23244920067426,hc3_wald_95_percent_drop_if_zero_compatible_for_all_outputs,0.05
WW.Mature Industry Rate of Return as PCT[ManureToHTL]:CHC.Mature Industry Rate of Return as PCT[Thermochem],9954,845,True,retained_by_at_least_one_output,9.096830262301212,hc3_wald_95_percent_drop_if_zero_compatible_for_all_outputs,0.05
AHC.Mature Industry Rate of Return as PCT[HEFA],9954,1086,True,retained_by_at_least_one_output,453.04827861579975,hc3_wald_95_percent_drop_if_zero_compatible_for_all_outputs,0.05
CHC.initial indices of Commercial Maturity[Thermochem]:CHC.ORNOOC sensi multiplier[Thermochem],9954,1708,True,retained_by_at_least_one_output,15.451498994262291,hc3_wald_95_percent_drop_if_zero_compatible_for_all_outputs,0.05
CHC.Debt Interest Rate as pct[Thermochem],9954,1279,True,retained_by_at_least_one_output,19.687179559722438,hc3_wald_95_percent_drop_if_zero_compatible_for_all_outputs,0.05
WW.PY sensi multiplier[SludgeToHTL]:AHC.Mature Industry Rate of Return as PCT[HTL],9954,715,True,retained_by_at_least_one_output,82.00369526610858,hc3_wald_95_percent_drop_if_zero_compatible_for_all_outputs,0.05
SE.Mature Industry Rate of Return as PCT[Jet]:SE.initial indices of Commercial Maturity[Jet],9954,1160,True,retained_by_at_least_one_output,155.27345080205538,hc3_wald_95_percent_drop_if_zero_compatible_for_all_outputs,0.05
WW.Mature Industry Rate of Return as PCT[ManureToHTL]:WW.ORNOOC sensi multiplier[SludgeToHTL],9954,858,True,retained_by_at_least_one_output,4.131407487046167,hc3_wald_95_percent_drop_if_zero_compatible_for_all_outputs,0.05
CHC.PY sensi multiplier[Thermochem]:CHC.PY sensi multiplier[Brownfield],9954,1972,True,retained_by_at_least_one_output,21.635918567513663,hc3_wald_95_percent_drop_if_zero_compatible_for_all_outputs,0.05
CHC.FCI  sensi multiplier[Thermochem]:CHC.Debt Interest Rate as pct[Thermochem],9954,2355,True,retained_by_at_least_one_output,25.459664743662273,hc3_wald_95_percent_drop_if_zero_compatible_for_all_outputs,0.05
SE.Max Jet Investment Hit Rate:CHC.PY sensi multiplier[Thermochem],9954,3934,True,retained_by_at_least_one_output,44.94756754848574,hc3_wald_95_percent_drop_if_zero_compatible_for_all_outputs,0.05
CHC.ORNOOC sensi multiplier[Thermochem],9954,2000,True,retained_by_at_least_one_output,25.252075676470813,hc3_wald_95_percent_drop_if_zero_compatible_for_all_outputs,0.05
OHC.progress ratios commercial[HEFA]:OHC.progress ratios commercial[HEFABrownfield],9954,2684,True,retained_by_at_least_one_output,49.93826293238252,hc3_wald_95_percent_drop_if_zero_compatible_for_all_outputs,0.05
CHC.FCI  sensi multiplier[Brownfield]:CHC.progress ratios commercial[Brownfield],9954,1360,True,retained_by_at_least_one_output,10.044509116277371,hc3_wald_95_percent_drop_if_zero_compatible_for_all_outputs,0.05
"WW.ORNOOC sensi multiplier[ManureToHTL]:WW.Policy Duration[Price,ManureToHTL]",9954,462,True,retained_by_at_least_one_output,5.1589329114943,hc3_wald_95_percent_drop_if_zero_compatible_for_all_outputs,0.05
CHC.initial indices of Commercial Maturity[Brownfield]:CHC.initial indices of Commercial Maturity[Thermochem],9954,2604,True,retained_by_at_least_one_output,41.609732212808154,hc3_wald_95_percent_drop_if_zero_compatible_for_all_outputs,0.05
CHC.PY sensi multiplier[Thermochem]:WW.Mature Industry Rate of Return as PCT[ManureToHTL],9954,889,True,retained_by_at_least_one_output,7.627619047565569,hc3_wald_95_percent_drop_if_zero_compatible_for_all_outputs,0.05
"OHC.PY sensi multiplier[HEFA]:OHC.Policy Duration[Price,HEFA]",9954,1141,True,retained_by_at_least_one_output,46.43028037514974,hc3_wald_95_percent_drop_if_zero_compatible_for_all_outputs,0.05
CHC.Mature Industry Rate of Return as PCT[Thermochem]:CHC.Mature Industry Rate of Return as PCT[Brownfield],9954,2294,True,retained_by_at_least_one_output,24.61141960730666,hc3_wald_95_percent_drop_if_zero_compatible_for_all_outputs,0.05
OHC.PY sensi multiplier[HEFA]:SE.Max Jet Investment Hit Rate,9954,2228,True,retained_by_at_least_one_output,80.39445786511143,hc3_wald_95_percent_drop_if_zero_compatible_for_all_outputs,0.05
CHC.Mature Industry Rate of Return as PCT[Biochem]_inv,9954,607,True,retained_by_at_least_one_output,264.39012677021304,hc3_wald_95_percent_drop_if_zero_compatible_for_all_outputs,0.05
CHC.FCI  sensi multiplier[Thermochem]:CHC.ORNOOC sensi multiplier[Thermochem],9954,2042,True,retained_by_at_least_one_output,7.441648687720316,hc3_wald_95_percent_drop_if_zero_compatible_for_all_outputs,0.05
AHC.initial indices of Commercial Maturity[HTL]_sqrt,9954,2080,True,retained_by_at_least_one_output,55.029690270095514,hc3_wald_95_percent_drop_if_zero_compatible_for_all_outputs,0.05
AHC.PY sensi multiplier[HTL]:WW.PY sensi multiplier[SludgeToHTL],9954,2954,True,retained_by_at_least_one_output,36.705634616744746,hc3_wald_95_percent_drop_if_zero_compatible_for_all_outputs,0.05
OHC.Mature Industry Rate of Return as PCT[HEFA],9954,1663,True,retained_by_at_least_one_output,41.27286129793219,hc3_wald_95_percent_drop_if_zero_compatible_for_all_outputs,0.05
OHC.PY sensi multiplier[HEFA]:WW.PY sensi multiplier[SludgeToHTL],9954,3138,True,retained_by_at_least_one_output,31.875839382869696,hc3_wald_95_percent_drop_if_zero_compatible_for_all_outputs,0.05
AHC.FCI  sensi multiplier[HEFA],9954,306,True,retained_by_at_least_one_output,23.290372789838774,hc3_wald_95_percent_drop_if_zero_compatible_for_all_outputs,0.05
OHC.PY sensi multiplier[HEFA]:CHC.FCI  sensi multiplier[Thermochem],9954,2404,True,retained_by_at_least_one_output,23.84399870882817,hc3_wald_95_percent_drop_if_zero_compatible_for_all_outputs,0.05
WW.Mature Industry Rate of Return as PCT[SludgeToHTL]:AHC.Mature Industry Rate of Return as PCT[HTL],9954,581,True,retained_by_at_least_one_output,119.257958931038,hc3_wald_95_percent_drop_if_zero_compatible_for_all_outputs,0.05
SE.Max Jet Investment Hit Rate:WW.progress ratios commercial[SludgeToHTL],9954,1904,True,retained_by_at_least_one_output,70.08086341476012,hc3_wald_95_percent_drop_if_zero_compatible_for_all_outputs,0.05
AHC.PY sensi multiplier[HTL]:WW.Mature Industry Rate of Return as PCT[SludgeToHTL],9954,1724,True,retained_by_at_least_one_output,51.80308126352581,hc3_wald_95_percent_drop_if_zero_compatible_for_all_outputs,0.05
OHC.progress ratios commercial[HEFA],9954,1518,True,retained_by_at_least_one_output,14.07824030846534,hc3_wald_95_percent_drop_if_zero_compatible_for_all_outputs,0.05
CHC.initial indices of Commercial Maturity[Thermochem]:CHC.Mature Industry Rate of Return as PCT[Brownfield],9954,1893,True,retained_by_at_least_one_output,25.02634555900243,hc3_wald_95_percent_drop_if_zero_compatible_for_all_outputs,0.05
OHC.PY sensi multiplier[HEFA]:CHC.initial indices of Commercial Maturity[Thermochem],9954,2982,True,retained_by_at_least_one_output,53.138721018370354,hc3_wald_95_percent_drop_if_zero_compatible_for_all_outputs,0.05
WW.Mature Industry Rate of Return as PCT[ManureToHTL]:CHC.progress ratios commercial[Thermochem],9954,328,True,retained_by_at_least_one_output,3.9619757910165134,hc3_wald_95_percent_drop_if_zero_compatible_for_all_outputs,0.05
SE.PY sensi multiplier[Jet],9954,1249,True,retained_by_at_least_one_output,47.09280283167844,hc3_wald_95_percent_drop_if_zero_compatible_for_all_outputs,0.05
OHC.Retirement Frac[TransEster]:OHC.progress ratios commercial[HEFA],9954,1228,True,retained_by_at_least_one_output,15.617397476184763,hc3_wald_95_percent_drop_if_zero_compatible_for_all_outputs,0.05
WW.PY sensi multiplier[ManureToHTL]:WW.ORNOOC sensi multiplier[SludgeToHTL],9954,440,True,retained_by_at_least_one_output,4.078313604731585,hc3_wald_95_percent_drop_if_zero_compatible_for_all_outputs,0.05
OHC.PY sensi multiplier[HEFABrownfield]:SE.Max Jet Investment Hit Rate,9954,2314,True,retained_by_at_least_one_output,68.7907383696215,hc3_wald_95_percent_drop_if_zero_compatible_for_all_outputs,0.05
OHC.PY sensi multiplier[HEFA]:WW.Mature Industry Rate of Return as PCT[SludgeToHTL],9954,2557,True,retained_by_at_least_one_output,49.469159884612566,hc3_wald_95_percent_drop_if_zero_compatible_for_all_outputs,0.05
OHC.progress ratios commercial[HEFABrownfield],9954,2215,True,retained_by_at_least_one_output,36.673188225682665,hc3_wald_95_percent_drop_if_zero_compatible_for_all_outputs,0.05
"OHC.Policy Duration[Price,HEFA]",9954,864,True,retained_by_at_least_one_output,19.63468104983379,hc3_wald_95_percent_drop_if_zero_compatible_for_all_outputs,0.05
WW.PY sensi multiplier[SludgeToHTL]:AHC.FCI  sensi multiplier[HTL],9954,382,True,retained_by_at_least_one_output,34.00137744299247,hc3_wald_95_percent_drop_if_zero_compatible_for_all_outputs,0.05
CHC.PY sensi multiplier[Thermochem]:OHC.progress ratios commercial[HEFA],9954,1247,True,retained_by_at_least_one_output,8.652363055665411,hc3_wald_95_percent_drop_if_zero_compatible_for_all_outputs,0.05
OHC.ORNOOC sensi multiplier[HEFA],9954,2213,True,retained_by_at_least_one_output,59.161634305845446,hc3_wald_95_percent_drop_if_zero_compatible_for_all_outputs,0.05
"WW.Policy Duration[Price,ManureToHTL]",9954,429,True,retained_by_at_least_one_output,5.920796169057038,hc3_wald_95_percent_drop_if_zero_compatible_for_all_outputs,0.05
OHC.FCI  sensi multiplier[HEFA],9954,2876,True,retained_by_at_least_one_output,100.38003109521023,hc3_wald_95_percent_drop_if_zero_compatible_for_all_outputs,0.05
WW.Mature Industry Rate of Return as PCT[SludgeToHTL]:AHC.FCI  sensi multiplier[HTL],9954,793,True,retained_by_at_least_one_output,47.111934909616046,hc3_wald_95_percent_drop_if_zero_compatible_for_all_outputs,0.05
CHC.initial indices of Commercial Maturity[Biochem],9954,511,True,retained_by_at_least_one_output,48.05702717211717,hc3_wald_95_percent_drop_if_zero_compatible_for_all_outputs,0.05
AHC.ORNOOC sensi multiplier[HTL],9954,520,True,retained_by_at_least_one_output,20.202113241656665,hc3_wald_95_percent_drop_if_zero_compatible_for_all_outputs,0.05
CHC.FCI  sensi multiplier[Thermochem]:CHC.progress ratios commercial[Brownfield],9954,692,True,retained_by_at_least_one_output,5.222353558838198,hc3_wald_95_percent_drop_if_zero_compatible_for_all_outputs,0.05
WW.PY sensi multiplier[ManureToHTL]:CHC.Mature Industry Rate of Return as PCT[Brownfield],9954,286,True,retained_by_at_least_one_output,3.4298667974368824,hc3_wald_95_percent_drop_if_zero_compatible_for_all_outputs,0.05
SE.Max Jet Investment Hit Rate:SE.progress ratios commercial[Jet],9954,1531,True,retained_by_at_least_one_output,24.73519258727291,hc3_wald_95_percent_drop_if_zero_compatible_for_all_outputs,0.05
OHC.PY sensi multiplier[HEFABrownfield]:CHC.progress ratios commercial[Thermochem],9954,2611,True,retained_by_at_least_one_output,13.98717250466028,hc3_wald_95_percent_drop_if_zero_compatible_for_all_outputs,0.05
WW.Mature Industry Rate of Return as PCT[ManureToHTL]:OHC.progress ratios commercial[HEFABrownfield],9954,908,True,retained_by_at_least_one_output,3.8931417961490355,hc3_wald_95_percent_drop_if_zero_compatible_for_all_outputs,0.05
AHC.Mature Industry Rate of Return as PCT[HTL]:AHC.initial indices of Commercial Maturity[HTL],9954,621,True,retained_by_at_least_one_output,82.19108426397824,hc3_wald_95_percent_drop_if_zero_compatible_for_all_outputs,0.05
OHC.PY sensi multiplier[HEFA]:WW.ORNOOC sensi multiplier[SludgeToHTL],9954,1536,True,retained_by_at_least_one_output,16.103730257433057,hc3_wald_95_percent_drop_if_zero_compatible_for_all_outputs,0.05
"OHC.PY sensi multiplier[HEFABrownfield]:OHC.Policy Duration[Price,HEFABrownfield]",9954,1089,True,retained_by_at_least_one_output,61.29125337836813,hc3_wald_95_percent_drop_if_zero_compatible_for_all_outputs,0.05
WW.initial indices of Commercial Maturity[ManureToHTL],9954,949,True,retained_by_at_least_one_output,47.699144349567874,hc3_wald_95_percent_drop_if_zero_compatible_for_all_outputs,0.05
AHC.Debt Interest Rate as pct[HEFA],9954,667,True,retained_by_at_least_one_output,40.68250159330571,hc3_wald_95_percent_drop_if_zero_compatible_for_all_outputs,0.05
SE.progress ratios commercial[Jet],9954,892,True,retained_by_at_least_one_output,29.40109671869247,hc3_wald_95_percent_drop_if_zero_compatible_for_all_outputs,0.05
AHC.FCI  sensi multiplier[HTL],9954,2736,True,retained_by_at_least_one_output,34.165502374308666,hc3_wald_95_percent_drop_if_zero_compatible_for_all_outputs,0.05
SE.Max Jet Investment Hit Rate:WW.ORNOOC sensi multiplier[SludgeToHTL],9954,1689,True,retained_by_at_least_one_output,16.913793201044438,hc3_wald_95_percent_drop_if_zero_compatible_for_all_outputs,0.05
WW.PY sensi multiplier[ManureToHTL]:SE.progress ratios commercial[Jet],9954,278,True,retained_by_at_least_one_output,3.1998430066381123,hc3_wald_95_percent_drop_if_zero_compatible_for_all_outputs,0.05
OHC.ORNOOC sensi multiplier[HEFABrownfield],9954,654,True,retained_by_at_least_one_output,23.142524045961473,hc3_wald_95_percent_drop_if_zero_compatible_for_all_outputs,0.05
OHC.PY sensi multiplier[HEFA]:OHC.Debt Interest Rate as pct[HEFA],9954,1697,True,retained_by_at_least_one_output,44.09356278503139,hc3_wald_95_percent_drop_if_zero_compatible_for_all_outputs,0.05
WW.PY sensi multiplier[ManureToHTL]:OHC.ORNOOC sensi multiplier[HEFA],9954,1824,True,retained_by_at_least_one_output,3.7987034864178337,hc3_wald_95_percent_drop_if_zero_compatible_for_all_outputs,0.05
"WW.PY sensi multiplier[ManureToHTL]:OHC.Policy Duration[FCI,HEFABrownfield]",9954,1376,True,retained_by_at_least_one_output,3.3666576049924988,hc3_wald_95_percent_drop_if_zero_compatible_for_all_outputs,0.05
"AHC.FCI  sensi multiplier[HEFA]:SE.Policy Duration[Price,Jet]",9954,786,True,retained_by_at_least_one_output,4.3046959379026735,hc3_wald_95_percent_drop_if_zero_compatible_for_all_outputs,0.05
OHC.PY sensi multiplier[HEFA]:CHC.Mature Industry Rate of Return as PCT[Biochem],9954,620,True,retained_by_at_least_one_output,3.475427231564572,hc3_wald_95_percent_drop_if_zero_compatible_for_all_outputs,0.05
OHC.progress ratios commercial[HEFA]:WW.Debt Interest Rate as pct[SludgeToHTL],9954,349,True,retained_by_at_least_one_output,3.252543857043604,hc3_wald_95_percent_drop_if_zero_compatible_for_all_outputs,0.05
CHC.Mature Industry Rate of Return as PCT[Thermochem]:CHC.Debt Interest Rate as pct[Biochem],9954,2536,True,retained_by_at_least_one_output,4.5762890860059375,hc3_wald_95_percent_drop_if_zero_compatible_for_all_outputs,0.05
SE.Debt Interest Rate as pct[Jet],9954,1089,True,retained_by_at_least_one_output,99.3343645926268,hc3_wald_95_percent_drop_if_zero_compatible_for_all_outputs,0.05
AHC.FCI  sensi multiplier[HTL]:AHC.Debt Interest Rate as pct[HTL],9954,500,True,retained_by_at_least_one_output,35.64762426462249,hc3_wald_95_percent_drop_if_zero_compatible_for_all_outputs,0.05
"WW.Mature Industry Rate of Return as PCT[ManureToHTL]:OHC.Policy Duration[FCI,HEFABrownfield]",9954,306,True,retained_by_at_least_one_output,4.071970014369386,hc3_wald_95_percent_drop_if_zero_compatible_for_all_outputs,0.05
"OHC.Policy Duration[Price,TransEster]",9954,471,True,retained_by_at_least_one_output,7.363293433129056,hc3_wald_95_percent_drop_if_zero_compatible_for_all_outputs,0.05
WW.initial indices of Commercial Maturity[ManureToHTL]:AHC.FCI  sensi multiplier[HEFA],9954,611,True,retained_by_at_least_one_output,3.7232271826064447,hc3_wald_95_percent_drop_if_zero_compatible_for_all_outputs,0.05
OHC.Mature Industry Rate of Return as PCT[HEFA]:OHC.progress ratios commercial[HEFA],9954,1130,True,retained_by_at_least_one_output,39.62429973801289,hc3_wald_95_percent_drop_if_zero_compatible_for_all_outputs,0.05
OHC.progress ratios commercial[HEFA]:OHC.ORNOOC sensi multiplier[HEFABrownfield],9954,274,True,retained_by_at_least_one_output,3.695741566942759,hc3_wald_95_percent_drop_if_zero_compatible_for_all_outputs,0.05
"CHC.progress ratios commercial[Thermochem]:SE.Policy Duration[Price,Jet]",9954,537,True,retained_by_at_least_one_output,5.261146253563979,hc3_wald_95_percent_drop_if_zero_compatible_for_all_outputs,0.05
CHC.initial indices of Commercial Maturity[Brownfield]_inv,9954,493,True,retained_by_at_least_one_output,7.431089089866352,hc3_wald_95_percent_drop_if_zero_compatible_for_all_outputs,0.05
AHC.Mature Industry Rate of Return as PCT[HTL]:AHC.Debt Interest Rate as pct[HTL],9954,699,True,retained_by_at_least_one_output,43.32242586444334,hc3_wald_95_percent_drop_if_zero_compatible_for_all_outputs,0.05
SE.Mature Industry Rate of Return as PCT[Jet]:OHC.Mature Industry Rate of Return as PCT[HEFA],9954,691,True,retained_by_at_least_one_output,3.496346697041592,hc3_wald_95_percent_drop_if_zero_compatible_for_all_outputs,0.05
CHC.progress ratios commercial[Brownfield],9954,1018,True,retained_by_at_least_one_output,4.429694149358032,hc3_wald_95_percent_drop_if_zero_compatible_for_all_outputs,0.05
WW.ORNOOC sensi multiplier[ManureToHTL],9954,774,True,retained_by_at_least_one_output,66.23394140384202,hc3_wald_95_percent_drop_if_zero_compatible_for_all_outputs,0.05
CHC.Mature Industry Rate of Return as PCT[Thermochem]:WW.initial indices of Commercial Maturity[SludgeToHTL],9954,728,True,retained_by_at_least_one_output,9.852117858541606,hc3_wald_95_percent_drop_if_zero_compatible_for_all_outputs,0.05
AHC.Debt Interest Rate as pct[HTL],9954,438,True,retained_by_at_least_one_output,14.29694922698401,hc3_wald_95_percent_drop_if_zero_compatible_for_all_outputs,0.05
"SE.Max Jet Investment Hit Rate:OHC.Policy Duration[Price,HEFABrownfield]",9954,655,True,retained_by_at_least_one_output,13.876752456937416,hc3_wald_95_percent_drop_if_zero_compatible_for_all_outputs,0.05
OHC.Retirement Frac[TransEster]:CHC.Mature Industry Rate of Return as PCT[Brownfield],9954,454,True,retained_by_at_least_one_output,7.441953478416362,hc3_wald_95_percent_drop_if_zero_compatible_for_all_outputs,0.05
WW.ORNOOC sensi multiplier[ManureToHTL]:CHC.Debt Interest Rate as pct[Biochem],9954,489,True,retained_by_at_least_one_output,3.6486464998996855,hc3_wald_95_percent_drop_if_zero_compatible_for_all_outputs,0.05
"CHC.PY sensi multiplier[Thermochem]:CHC.Policy Duration[Price,Thermochem]",9954,2176,True,retained_by_at_least_one_output,21.088185869592884,hc3_wald_95_percent_drop_if_zero_compatible_for_all_outputs,0.05
WW.PY sensi multiplier[ManureToHTL]:CHC.progress ratios commercial[Thermochem],9954,2073,True,retained_by_at_least_one_output,8.747735940906114,hc3_wald_95_percent_drop_if_zero_compatible_for_all_outputs,0.05
WW.PY sensi multiplier[ManureToHTL]:CHC.PY sensi multiplier[Brownfield],9954,568,True,retained_by_at_least_one_output,3.7132750704212687,hc3_wald_95_percent_drop_if_zero_compatible_for_all_outputs,0.05
WW.PY sensi multiplier[ManureToHTL]:CHC.Debt Interest Rate as pct[Biochem],9954,996,True,retained_by_at_least_one_output,3.5128804057549754,hc3_wald_95_percent_drop_if_zero_compatible_for_all_outputs,0.05
CHC.Mature Industry Rate of Return as PCT[Biochem]:WW.PY sensi multiplier[SludgeToHTL],9954,402,True,retained_by_at_least_one_output,3.675145442983784,hc3_wald_95_percent_drop_if_zero_compatible_for_all_outputs,0.05
WW.ORNOOC sensi multiplier[SludgeToHTL]:OHC.Mature Industry Rate of Return as PCT[HEFA],9954,825,True,retained_by_at_least_one_output,4.602804606654073,hc3_wald_95_percent_drop_if_zero_compatible_for_all_outputs,0.05
"OHC.progress ratios commercial[HEFA]:OHC.Policy Duration[Price,TransEster]",9954,252,True,retained_by_at_least_one_output,3.3118257628496375,hc3_wald_95_percent_drop_if_zero_compatible_for_all_outputs,0.05
AHC.Mature Industry Rate of Return as PCT[HTL]:WW.initial indices of Commercial Maturity[SludgeToHTL],9954,629,True,retained_by_at_least_one_output,79.0955208494531,hc3_wald_95_percent_drop_if_zero_compatible_for_all_outputs,0.05
"WW.initial indices of Commercial Maturity[ManureToHTL]:CHC.Policy Duration[Price,Thermochem]",9954,910,True,retained_by_at_least_one_output,3.6612130897734327,hc3_wald_95_percent_drop_if_zero_compatible_for_all_outputs,0.05
"WW.PY sensi multiplier[SludgeToHTL]:OHC.Policy Duration[FCI,HEFABrownfield]",9954,1034,True,retained_by_at_least_one_output,3.9798190985482638,hc3_wald_95_percent_drop_if_zero_compatible_for_all_outputs,0.05
OHC.PY sensi multiplier[HEFABrownfield]:WW.Mature Industry Rate of Return as PCT[ManureToHTL],9954,848,True,retained_by_at_least_one_output,4.138506385591303,hc3_wald_95_percent_drop_if_zero_compatible_for_all_outputs,0.05
SE.PY sensi multiplier[Jet]:WW.progress ratios commercial[ManureToHTL],9954,312,True,retained_by_at_least_one_output,3.597695154744374,hc3_wald_95_percent_drop_if_zero_compatible_for_all_outputs,0.05
"CHC.Mature Industry Rate of Return as PCT[Brownfield]:OHC.Policy Duration[Price,HEFABrownfield]",9954,426,True,retained_by_at_least_one_output,3.9117172284208137,hc3_wald_95_percent_drop_if_zero_compatible_for_all_outputs,0.05
"AHC.FCI  sensi multiplier[HEFA]:CHC.Policy Duration[Price,Thermochem]",9954,176,True,retained_by_at_least_one_output,3.279929103509587,hc3_wald_95_percent_drop_if_zero_compatible_for_all_outputs,0.05
OHC.PY sensi multiplier[HEFA]:WW.PY sensi multiplier[ManureToHTL],9954,1434,True,retained_by_at_least_one_output,3.378680690999098,hc3_wald_95_percent_drop_if_zero_compatible_for_all_outputs,0.05
CHC.initial indices of Commercial Maturity[Biochem]:WW.ORNOOC sensi multiplier[ManureToHTL],9954,2422,True,retained_by_at_least_one_output,4.385534763372034,hc3_wald_95_percent_drop_if_zero_compatible_for_all_outputs,0.05
"WW.PY sensi multiplier[ManureToHTL]:WW.Policy Duration[Price,SludgeToHTL]",9954,934,True,retained_by_at_least_one_output,4.494897185741417,hc3_wald_95_percent_drop_if_zero_compatible_for_all_outputs,0.05
OHC.Retirement Frac[TransEster]:WW.PY sensi multiplier[ManureToHTL],9954,300,True,retained_by_at_least_one_output,3.5745625368925453,hc3_wald_95_percent_drop_if_zero_compatible_for_all_outputs,0.05
"AHC.FCI  sensi multiplier[HEFA]:OHC.Policy Duration[FCI,HEFABrownfield]",9954,469,True,retained_by_at_least_one_output,3.3830496494028184,hc3_wald_95_percent_drop_if_zero_compatible_for_all_outputs,0.05
WW.progress ratios commercial[SludgeToHTL]:OHC.progress ratios commercial[HEFA],9954,1253,True,retained_by_at_least_one_output,8.202006879244053,hc3_wald_95_percent_drop_if_zero_compatible_for_all_outputs,0.05
"WW.ORNOOC sensi multiplier[SludgeToHTL]:OHC.Policy Duration[FCI,HEFABrownfield]",9954,260,True,retained_by_at_least_one_output,3.782002262350548,hc3_wald_95_percent_drop_if_zero_compatible_for_all_outputs,0.05
OHC.Mature Industry Rate of Return as PCT[HEFABrownfield],9954,2271,True,retained_by_at_least_one_output,17.30433029295681,hc3_wald_95_percent_drop_if_zero_compatible_for_all_outputs,0.05
"OHC.PY sensi multiplier[HEFA]:SE.Policy Duration[Price,Jet]",9954,579,True,retained_by_at_least_one_output,5.932960779910178,hc3_wald_95_percent_drop_if_zero_compatible_for_all_outputs,0.05
CHC.Mature Industry Rate of Return as PCT[Biochem]:WW.ORNOOC sensi multiplier[ManureToHTL],9954,644,True,retained_by_at_least_one_output,4.382149314414563,hc3_wald_95_percent_drop_if_zero_compatible_for_all_outputs,0.05
WW.PY sensi multiplier[ManureToHTL]:OHC.Mature Industry Rate of Return as PCT[HEFA],9954,333,True,retained_by_at_least_one_output,3.6869830648656876,hc3_wald_95_percent_drop_if_zero_compatible_for_all_outputs,0.05
"OHC.PY sensi multiplier[HEFA]:OHC.Policy Duration[FCI,HEFABrownfield]",9954,793,True,retained_by_at_least_one_output,3.7475960247914837,hc3_wald_95_percent_drop_if_zero_compatible_for_all_outputs,0.05
"AHC.FCI  sensi multiplier[HEFA]:WW.Policy Duration[Price,SludgeToHTL]",9954,251,True,retained_by_at_least_one_output,3.255662061442147,hc3_wald_95_percent_drop_if_zero_compatible_for_all_outputs,0.05
WW.Mature Industry Rate of Return as PCT[SludgeToHTL]:CHC.Debt Interest Rate as pct[Biochem],9954,2765,True,retained_by_at_least_one_output,4.205323180941507,hc3_wald_95_percent_drop_if_zero_compatible_for_all_outputs,0.05
CHC.Debt Interest Rate as pct[Brownfield],9954,1377,True,retained_by_at_least_one_output,15.40810879186418,hc3_wald_95_percent_drop_if_zero_compatible_for_all_outputs,0.05
CHC.FCI  sensi multiplier[Thermochem]:OHC.Debt Interest Rate as pct[HEFA],9954,181,True,retained_by_at_least_one_output,3.0709695126711547,hc3_wald_95_percent_drop_if_zero_compatible_for_all_outputs,0.05
"CHC.Policy Duration[Price,Brownfield]",9954,846,True,retained_by_at_least_one_output,10.827321844397238,hc3_wald_95_percent_drop_if_zero_compatible_for_all_outputs,0.05
"OHC.progress ratios commercial[HEFA]:OHC.Policy Duration[Price,HEFABrownfield]",9954,507,True,retained_by_at_least_one_output,3.278167164136339,hc3_wald_95_percent_drop_if_zero_compatible_for_all_outputs,0.05
WW.PY sensi multiplier[ManureToHTL]:CHC.Debt Interest Rate as pct[Thermochem],9954,263,True,retained_by_at_least_one_output,3.757875658890218,hc3_wald_95_percent_drop_if_zero_compatible_for_all_outputs,0.05
CHC.FCI  sensi multiplier[Brownfield]:OHC.progress ratios commercial[HEFA],9954,147,True,retained_by_at_least_one_output,3.3762581449218683,hc3_wald_95_percent_drop_if_zero_compatible_for_all_outputs,0.05
AHC.PY sensi multiplier[HTL]:AHC.FCI  sensi multiplier[HEFA],9954,150,True,retained_by_at_least_one_output,3.5438797721570046,hc3_wald_95_percent_drop_if_zero_compatible_for_all_outputs,0.05
CHC.Debt Interest Rate as pct[Biochem],9954,411,True,retained_by_at_least_one_output,3.3197255512180925,hc3_wald_95_percent_drop_if_zero_compatible_for_all_outputs,0.05
OHC.Retirement Frac[TransEster]:AHC.Mature Industry Rate of Return as PCT[HTL],9954,653,True,retained_by_at_least_one_output,3.2241999294205548,hc3_wald_95_percent_drop_if_zero_compatible_for_all_outputs,0.05
OHC.Mature Industry Rate of Return as PCT[HEFA]:AHC.FCI  sensi multiplier[HEFA],9954,289,True,retained_by_at_least_one_output,3.753643383102167,hc3_wald_95_percent_drop_if_zero_compatible_for_all_outputs,0.05
AHC.ORNOOC sensi multiplier[HTL]:CHC.Debt Interest Rate as pct[Biochem],9954,192,True,retained_by_at_least_one_output,3.062769557681136,hc3_wald_95_percent_drop_if_zero_compatible_for_all_outputs,0.05
WW.ORNOOC sensi multiplier[SludgeToHTL]:AHC.ORNOOC sensi multiplier[HTL],9954,1270,True,retained_by_at_least_one_output,3.741761197265364,hc3_wald_95_percent_drop_if_zero_compatible_for_all_outputs,0.05
WW.PY sensi multiplier[ManureToHTL]:SE.initial indices of Commercial Maturity[Jet],9954,193,True,retained_by_at_least_one_output,3.082871752051627,hc3_wald_95_percent_drop_if_zero_compatible_for_all_outputs,0.05
"CHC.Mature Industry Rate of Return as PCT[Brownfield]:CHC.Policy Duration[Price,Brownfield]",9954,913,True,retained_by_at_least_one_output,10.08218512738793,hc3_wald_95_percent_drop_if_zero_compatible_for_all_outputs,0.05
"CHC.FCI  sensi multiplier[Thermochem]:OHC.Policy Duration[Price,HEFA]",9954,504,True,retained_by_at_least_one_output,3.9977587127084977,hc3_wald_95_percent_drop_if_zero_compatible_for_all_outputs,0.05
SE.initial indices of Commercial Maturity[Jet],9954,474,True,retained_by_at_least_one_output,6.76068855022149,hc3_wald_95_percent_drop_if_zero_compatible_for_all_outputs,0.05
CHC.PY sensi multiplier[Brownfield]:OHC.progress ratios commercial[HEFA],9954,232,True,retained_by_at_least_one_output,3.5382507599142388,hc3_wald_95_percent_drop_if_zero_compatible_for_all_outputs,0.05
WW.Mature Industry Rate of Return as PCT[ManureToHTL]:OHC.progress ratios commercial[HEFA],9954,213,True,retained_by_at_least_one_output,2.9875836778532197,hc3_wald_95_percent_drop_if_zero_compatible_for_all_outputs,0.05
WW.progress ratios commercial[ManureToHTL],9954,246,True,retained_by_at_least_one_output,3.4222868213832616,hc3_wald_95_percent_drop_if_zero_compatible_for_all_outputs,0.05
WW.PY sensi multiplier[ManureToHTL]:OHC.Debt Interest Rate as pct[HEFA],9954,453,True,retained_by_at_least_one_output,3.25840733428216,hc3_wald_95_percent_drop_if_zero_compatible_for_all_outputs,0.05
"OHC.Policy Duration[Price,HEFABrownfield]",9954,694,True,retained_by_at_least_one_output,18.878906932767595,hc3_wald_95_percent_drop_if_zero_compatible_for_all_outputs,0.05
SE.Max Jet Investment Hit Rate:SE.ORNOOC sensi multiplier[Jet],9954,2291,True,retained_by_at_least_one_output,13.848752894363544,hc3_wald_95_percent_drop_if_zero_compatible_for_all_outputs,0.05
SE.initial indices of Commercial Maturity[Jet]:OHC.progress ratios commercial[HEFA],9954,398,True,retained_by_at_least_one_output,3.028060046750334,hc3_wald_95_percent_drop_if_zero_compatible_for_all_outputs,0.05
SE.FCI  sensi multiplier[Jet]:WW.Debt Interest Rate as pct[SludgeToHTL],9954,247,True,retained_by_at_least_one_output,3.0837711518823396,hc3_wald_95_percent_drop_if_zero_compatible_for_all_outputs,0.05
WW.ORNOOC sensi multiplier[SludgeToHTL]:WW.FCI  sensi multiplier[ManureToHTL],9954,345,True,retained_by_at_least_one_output,3.981514191625541,hc3_wald_95_percent_drop_if_zero_compatible_for_all_outputs,0.05
CHC.initial indices of Commercial Maturity[Thermochem]:OHC.Mature Industry Rate of Return as PCT[HEFA],9954,1247,True,retained_by_at_least_one_output,7.895359042803704,hc3_wald_95_percent_drop_if_zero_compatible_for_all_outputs,0.05
"WW.Policy Duration[Price,SludgeToHTL]",9954,766,True,retained_by_at_least_one_output,7.067574297345225,hc3_wald_95_percent_drop_if_zero_compatible_for_all_outputs,0.05
CHC.PY sensi multiplier[Thermochem]:AHC.Debt Interest Rate as pct[HTL],9954,1116,True,retained_by_at_least_one_output,3.707566201053595,hc3_wald_95_percent_drop_if_zero_compatible_for_all_outputs,0.05
SE.ORNOOC sensi multiplier[Jet]:CHC.FCI  sensi multiplier[Brownfield],9954,317,True,retained_by_at_least_one_output,3.2159891984193334,hc3_wald_95_percent_drop_if_zero_compatible_for_all_outputs,0.05
CHC.initial indices of Commercial Maturity[Biochem]:CHC.FCI  sensi multiplier[Thermochem],9954,236,True,retained_by_at_least_one_output,3.3231640982234723,hc3_wald_95_percent_drop_if_zero_compatible_for_all_outputs,0.05
AHC.Mature Industry Rate of Return as PCT[HTL]:CHC.FCI  sensi multiplier[Biochem],9954,386,True,retained_by_at_least_one_output,3.581262369274272,hc3_wald_95_percent_drop_if_zero_compatible_for_all_outputs,0.05
WW.Mature Industry Rate of Return as PCT[ManureToHTL]:OHC.Debt Interest Rate as pct[HEFA],9954,334,True,retained_by_at_least_one_output,3.2861638040032592,hc3_wald_95_percent_drop_if_zero_compatible_for_all_outputs,0.05
SE.FCI  sensi multiplier[Jet]:CHC.Debt Interest Rate as pct[Biochem],9954,648,True,retained_by_at_least_one_output,4.046489445512804,hc3_wald_95_percent_drop_if_zero_compatible_for_all_outputs,0.05
WW.Debt Interest Rate as pct[SludgeToHTL],9954,786,True,retained_by_at_least_one_output,12.649488258006853,hc3_wald_95_percent_drop_if_zero_compatible_for_all_outputs,0.05
CHC.Mature Industry Rate of Return as PCT[Brownfield]:CHC.progress ratios commercial[Thermochem],9954,990,True,retained_by_at_least_one_output,7.906590273270401,hc3_wald_95_percent_drop_if_zero_compatible_for_all_outputs,0.05
"AHC.Mature Industry Rate of Return as PCT[HTL]:OHC.Policy Duration[Price,HEFA]",9954,339,True,retained_by_at_least_one_output,3.6660251220048004,hc3_wald_95_percent_drop_if_zero_compatible_for_all_outputs,0.05
"SE.Policy Duration[Price,Jet]",9954,692,True,retained_by_at_least_one_output,6.061759857311429,hc3_wald_95_percent_drop_if_zero_compatible_for_all_outputs,0.05
CHC.initial indices of Commercial Maturity[Biochem]:WW.initial indices of Commercial Maturity[ManureToHTL],9954,463,True,retained_by_at_least_one_output,3.4682663674982996,hc3_wald_95_percent_drop_if_zero_compatible_for_all_outputs,0.05
"SE.Mature Industry Rate of Return as PCT[Jet]:OHC.Policy Duration[FCI,HEFABrownfield]",9954,228,True,retained_by_at_least_one_output,3.4788281617262404,hc3_wald_95_percent_drop_if_zero_compatible_for_all_outputs,0.05
WW.PY sensi multiplier[ManureToHTL]:AHC.FCI  sensi multiplier[HEFA],9954,218,True,retained_by_at_least_one_output,3.212689801483523,hc3_wald_95_percent_drop_if_zero_compatible_for_all_outputs,0.05
OHC.ORNOOC sensi multiplier[HEFA]:AHC.ORNOOC sensi multiplier[HTL],9954,675,True,retained_by_at_least_one_output,3.677654556399648,hc3_wald_95_percent_drop_if_zero_compatible_for_all_outputs,0.05
OHC.Retirement Frac[TransEster]:AHC.FCI  sensi multiplier[HEFA],9954,187,True,retained_by_at_least_one_output,2.9514776908787543,hc3_wald_95_percent_drop_if_zero_compatible_for_all_outputs,0.05
CHC.Mature Industry Rate of Return as PCT[Thermochem]:AHC.FCI  sensi multiplier[HEFA],9954,298,True,retained_by_at_least_one_output,3.454705196483576,hc3_wald_95_percent_drop_if_zero_compatible_for_all_outputs,0.05
CHC.Mature Industry Rate of Return as PCT[Biochem]:AHC.Mature Industry Rate of Return as PCT[HTL],9954,412,True,retained_by_at_least_one_output,3.6895835509857084,hc3_wald_95_percent_drop_if_zero_compatible_for_all_outputs,0.05
WW.PY sensi multiplier[SludgeToHTL]:CHC.initial indices of Commercial Maturity[Biochem],9954,279,True,retained_by_at_least_one_output,3.749654679624217,hc3_wald_95_percent_drop_if_zero_compatible_for_all_outputs,0.05
"OHC.progress ratios commercial[HEFA]:CHC.Policy Duration[Price,Thermochem]",9954,197,True,retained_by_at_least_one_output,3.5389222155685673,hc3_wald_95_percent_drop_if_zero_compatible_for_all_outputs,0.05
CHC.initial indices of Commercial Maturity[Biochem]:CHC.Debt Interest Rate as pct[Biochem],9954,832,True,retained_by_at_least_one_output,9.570561013116205,hc3_wald_95_percent_drop_if_zero_compatible_for_all_outputs,0.05
"AHC.PY sensi multiplier[HTL]:OHC.Policy Duration[Price,HEFABrownfield]",9954,1263,True,retained_by_at_least_one_output,4.2401567990124445,hc3_wald_95_percent_drop_if_zero_compatible_for_all_outputs,0.05
CHC.initial indices of Commercial Maturity[Biochem]:CHC.progress ratios commercial[Brownfield],9954,161,True,retained_by_at_least_one_output,2.7588980197308017,hc3_wald_95_percent_drop_if_zero_compatible_for_all_outputs,0.05
"CHC.FCI  sensi multiplier[Brownfield]:OHC.Policy Duration[Price,HEFA]",9954,1894,True,retained_by_at_least_one_output,3.2995879493441853,hc3_wald_95_percent_drop_if_zero_compatible_for_all_outputs,0.05
OHC.PY sensi multiplier[HEFA]:OHC.Mature Industry Rate of Return as PCT[HEFABrownfield],9954,2209,True,retained_by_at_least_one_output,7.040003827403855,hc3_wald_95_percent_drop_if_zero_compatible_for_all_outputs,0.05
"AHC.ORNOOC sensi multiplier[HTL]:OHC.Policy Duration[Price,HEFABrownfield]",9954,798,True,retained_by_at_least_one_output,3.758243283707247,hc3_wald_95_percent_drop_if_zero_compatible_for_all_outputs,0.05
"SE.FCI  sensi multiplier[Jet]:WW.Policy Duration[Price,ManureToHTL]",9954,266,True,retained_by_at_least_one_output,3.957402732318331,hc3_wald_95_percent_drop_if_zero_compatible_for_all_outputs,0.05
"CHC.Mature Industry Rate of Return as PCT[Thermochem]:OHC.Policy Duration[Price,HEFA]",9954,481,True,retained_by_at_least_one_output,5.373724673027168,hc3_wald_95_percent_drop_if_zero_compatible_for_all_outputs,0.05
"CHC.Policy Duration[Price,Brownfield]:OHC.Policy Duration[FCI,HEFABrownfield]",9954,309,True,retained_by_at_least_one_output,3.323086998074927,hc3_wald_95_percent_drop_if_zero_compatible_for_all_outputs,0.05
WW.Mature Industry Rate of Return as PCT[ManureToHTL]:SE.initial indices of Commercial Maturity[Jet],9954,374,True,retained_by_at_least_one_output,3.4409708466695355,hc3_wald_95_percent_drop_if_zero_compatible_for_all_outputs,0.05
OHC.progress ratios commercial[HEFA]:CHC.progress ratios commercial[Brownfield],9954,525,True,retained_by_at_least_one_output,3.208136354854926,hc3_wald_95_percent_drop_if_zero_compatible_for_all_outputs,0.05
SE.FCI  sensi multiplier[Jet]:OHC.Mature Industry Rate of Return as PCT[HEFA],9954,471,True,retained_by_at_least_one_output,3.6265263267769456,hc3_wald_95_percent_drop_if_zero_compatible_for_all_outputs,0.05
WW.PY sensi multiplier[ManureToHTL]:OHC.progress ratios commercial[HEFA],9954,261,True,retained_by_at_least_one_output,3.678949852893265,hc3_wald_95_percent_drop_if_zero_compatible_for_all_outputs,0.05
WW.PY sensi multiplier[ManureToHTL]:OHC.Mature Industry Rate of Return as PCT[HEFABrownfield],9954,250,True,retained_by_at_least_one_output,3.0358260588862707,hc3_wald_95_percent_drop_if_zero_compatible_for_all_outputs,0.05
WW.PY sensi multiplier[ManureToHTL]:CHC.FCI  sensi multiplier[Thermochem],9954,362,True,retained_by_at_least_one_output,3.633235446131746,hc3_wald_95_percent_drop_if_zero_compatible_for_all_outputs,0.05
WW.FCI  sensi multiplier[ManureToHTL]:OHC.progress ratios commercial[HEFA],9954,218,True,retained_by_at_least_one_output,2.9738307554978696,hc3_wald_95_percent_drop_if_zero_compatible_for_all_outputs,0.05
CHC.FCI  sensi multiplier[Thermochem]:SE.FCI  sensi multiplier[Jet],9954,169,True,retained_by_at_least_one_output,3.2446076198664957,hc3_wald_95_percent_drop_if_zero_compatible_for_all_outputs,0.05
"WW.Mature Industry Rate of Return as PCT[ManureToHTL]:SE.Policy Duration[Price,Jet]",9954,225,True,retained_by_at_least_one_output,3.2550187030667534,hc3_wald_95_percent_drop_if_zero_compatible_for_all_outputs,0.05
OHC.Mature Industry Rate of Return as PCT[HEFABrownfield]:AHC.Debt Interest Rate as pct[HEFA],9954,364,True,retained_by_at_least_one_output,3.214976789085172,hc3_wald_95_percent_drop_if_zero_compatible_for_all_outputs,0.05
"SE.Policy Duration[Price,Jet]:OHC.Policy Duration[FCI,HEFABrownfield]",9954,245,True,retained_by_at_least_one_output,3.2452256064504352,hc3_wald_95_percent_drop_if_zero_compatible_for_all_outputs,0.05
"WW.PY sensi multiplier[ManureToHTL]:OHC.Policy Duration[Price,HEFABrownfield]",9954,457,True,retained_by_at_least_one_output,3.956061736243031,hc3_wald_95_percent_drop_if_zero_compatible_for_all_outputs,0.05
AHC.Mature Industry Rate of Return as PCT[HTL]:SE.FCI  sensi multiplier[Jet],9954,523,True,retained_by_at_least_one_output,3.7288452844105797,hc3_wald_95_percent_drop_if_zero_compatible_for_all_outputs,0.05
SE.Mature Industry Rate of Return as PCT[Jet]:WW.FCI  sensi multiplier[ManureToHTL],9954,293,True,retained_by_at_least_one_output,3.182084131129043,hc3_wald_95_percent_drop_if_zero_compatible_for_all_outputs,0.05
OHC.progress ratios commercial[HEFA]:SE.Alt Price Sensi multiplier[EtOH],9954,435,True,retained_by_at_least_one_output,3.5119366600018997,hc3_wald_95_percent_drop_if_zero_compatible_for_all_outputs,0.05
"CHC.Policy Duration[Price,Thermochem]",9954,222,True,retained_by_at_least_one_output,4.5646333564015755,hc3_wald_95_percent_drop_if_zero_compatible_for_all_outputs,0.05
OHC.PY sensi multiplier[HEFA]:CHC.PY sensi multiplier[Biochem],9954,354,True,retained_by_at_least_one_output,3.278801565963653,hc3_wald_95_percent_drop_if_zero_compatible_for_all_outputs,0.05
OHC.Mature Industry Rate of Return as PCT[HEFA]:CHC.Debt Interest Rate as pct[Biochem],9954,248,True,retained_by_at_least_one_output,2.9244929919679157,hc3_wald_95_percent_drop_if_zero_compatible_for_all_outputs,0.05
"OHC.Mature Industry Rate of Return as PCT[HEFA]:OHC.Policy Duration[FCI,HEFABrownfield]",9954,279,True,retained_by_at_least_one_output,3.400615713735328,hc3_wald_95_percent_drop_if_zero_compatible_for_all_outputs,0.05
WW.PY sensi multiplier[ManureToHTL]:OHC.ORNOOC sensi multiplier[HEFABrownfield],9954,506,True,retained_by_at_least_one_output,3.067876068580523,hc3_wald_95_percent_drop_if_zero_compatible_for_all_outputs,0.05
"AHC.ORNOOC sensi multiplier[HTL]:CHC.Policy Duration[Price,Thermochem]",9954,95,True,retained_by_at_least_one_output,2.983629750765952,hc3_wald_95_percent_drop_if_zero_compatible_for_all_outputs,0.05
"SE.Max Jet Investment Hit Rate:OHC.Policy Duration[FCI,HEFABrownfield]",9954,224,True,retained_by_at_least_one_output,4.247649104043548,hc3_wald_95_percent_drop_if_zero_compatible_for_all_outputs,0.05
OHC.Mature Industry Rate of Return as PCT[HEFA]:AHC.ORNOOC sensi multiplier[HTL],9954,219,True,retained_by_at_least_one_output,3.407124808583732,hc3_wald_95_percent_drop_if_zero_compatible_for_all_outputs,0.05
SE.FCI  sensi multiplier[Jet],9954,654,True,retained_by_at_least_one_output,4.788658445473357,hc3_wald_95_percent_drop_if_zero_compatible_for_all_outputs,0.05
CHC.initial indices of Commercial Maturity[Biochem]:WW.FCI  sensi multiplier[ManureToHTL],9954,482,True,retained_by_at_least_one_output,3.1241083032489034,hc3_wald_95_percent_drop_if_zero_compatible_for_all_outputs,0.05
OHC.PY sensi multiplier[HEFA]:WW.Mature Industry Rate of Return as PCT[ManureToHTL],9954,259,True,retained_by_at_least_one_output,3.7654070120355065,hc3_wald_95_percent_drop_if_zero_compatible_for_all_outputs,0.05
CHC.FCI  sensi multiplier[Thermochem]:OHC.progress ratios commercial[HEFABrownfield],9954,79,True,retained_by_at_least_one_output,3.1906280094877113,hc3_wald_95_percent_drop_if_zero_compatible_for_all_outputs,0.05
WW.progress ratios commercial[SludgeToHTL]:SE.Alt Price Sensi multiplier[EtOH],9954,722,True,retained_by_at_least_one_output,3.1645246868060233,hc3_wald_95_percent_drop_if_zero_compatible_for_all_outputs,0.05
CHC.initial indices of Commercial Maturity[Biochem]_inv,9954,2084,True,retained_by_at_least_one_output,8.993046100784445,hc3_wald_95_percent_drop_if_zero_compatible_for_all_outputs,0.05
CHC.PY sensi multiplier[Thermochem]:AHC.Mature Industry Rate of Return as PCT[HTL],9954,293,True,retained_by_at_least_one_output,6.984541039690097,hc3_wald_95_percent_drop_if_zero_compatible_for_all_outputs,0.05
OHC.progress ratios commercial[HEFA]:AHC.ORNOOC sensi multiplier[HTL],9954,505,True,retained_by_at_least_one_output,3.4670764881435963,hc3_wald_95_percent_drop_if_zero_compatible_for_all_outputs,0.05
"WW.progress ratios commercial[SludgeToHTL]:CHC.Policy Duration[Price,Thermochem]",9954,274,True,retained_by_at_least_one_output,3.579350226339456,hc3_wald_95_percent_drop_if_zero_compatible_for_all_outputs,0.05
"SE.FCI  sensi multiplier[Jet]:OHC.Policy Duration[Price,TransEster]",9954,178,True,retained_by_at_least_one_output,3.578741232342396,hc3_wald_95_percent_drop_if_zero_compatible_for_all_outputs,0.05
"WW.PY sensi multiplier[SludgeToHTL]:OHC.Policy Duration[Price,TransEster]",9954,396,True,retained_by_at_least_one_output,8.692088195221004,hc3_wald_95_percent_drop_if_zero_compatible_for_all_outputs,0.05
OHC.progress ratios commercial[HEFA]:WW.progress ratios commercial[ManureToHTL],9954,227,True,retained_by_at_least_one_output,2.8589595506529952,hc3_wald_95_percent_drop_if_zero_compatible_for_all_outputs,0.05
"CHC.FCI  sensi multiplier[Biochem]:OHC.Policy Duration[FCI,HEFABrownfield]",9954,356,True,retained_by_at_least_one_output,3.304554850948624,hc3_wald_95_percent_drop_if_zero_compatible_for_all_outputs,0.05
"WW.FCI  sensi multiplier[ManureToHTL]:OHC.Policy Duration[Price,HEFA]",9954,337,True,retained_by_at_least_one_output,3.3420454247949856,hc3_wald_95_percent_drop_if_zero_compatible_for_all_outputs,0.05
"SE.initial indices of Commercial Maturity[Jet]:CHC.Policy Duration[Price,Thermochem]",9954,430,True,retained_by_at_least_one_output,3.8856918903151185,hc3_wald_95_percent_drop_if_zero_compatible_for_all_outputs,0.05
OHC.Debt Interest Rate as pct[HEFA],9954,1129,True,retained_by_at_least_one_output,22.736383974492718,hc3_wald_95_percent_drop_if_zero_compatible_for_all_outputs,0.05
SE.Alt Price Sensi multiplier[EtOH],9954,381,True,retained_by_at_least_one_output,3.5222868586435525,hc3_wald_95_percent_drop_if_zero_compatible_for_all_outputs,0.05
CHC.Mature Industry Rate of Return as PCT[Biochem]:OHC.progress ratios commercial[HEFA],9954,511,True,retained_by_at_least_one_output,3.3189864067081376,hc3_wald_95_percent_drop_if_zero_compatible_for_all_outputs,0.05
WW.progress ratios commercial[SludgeToHTL]:OHC.Mature Industry Rate of Return as PCT[HEFA],9954,338,True,retained_by_at_least_one_output,4.313597714426694,hc3_wald_95_percent_drop_if_zero_compatible_for_all_outputs,0.05
WW.PY sensi multiplier[ManureToHTL]:AHC.Debt Interest Rate as pct[HTL],9954,130,True,retained_by_at_least_one_output,3.4235970102942654,hc3_wald_95_percent_drop_if_zero_compatible_for_all_outputs,0.05
"WW.Policy Duration[Price,ManureToHTL]:OHC.Policy Duration[FCI,HEFABrownfield]",9954,210,True,retained_by_at_least_one_output,3.0129915986838505,hc3_wald_95_percent_drop_if_zero_compatible_for_all_outputs,0.05
