final_support_position,feature_name,feature_type,origin,full_support_importance,stability_selection_frequency,final_stable_support
0,WW.PY sensi multiplier[SludgeToHTL],numeric,model_factors,9.364616524636965,1.0,True
1,WW.PY sensi multiplier[SludgeToHTL]_sqrt,transformation,dynamic_discovery,3.947353987153548,1.0,True
2,WW.PY sensi multiplier[SludgeToHTL]:WW.progress ratios commercial[SludgeToHTL],interaction,dynamic_discovery,3.779502127573151,1.0,True
3,WW.progress ratios commercial[SludgeToHTL]:WW.Mature Industry Rate of Return as PCT[SludgeToHTL],interaction,dynamic_discovery,3.526761263244923,1.0,True
4,AHC.PY sensi multiplier[HEFA],numeric,model_factors,2.8318931811620613,1.0,True
5,CHC.Mature Industry Rate of Return as PCT[Thermochem],numeric,model_factors,2.603501151352887,1.0,True
6,WW.PY sensi multiplier[ManureToHTL]_sq,transformation,dynamic_discovery,2.4947949889883563,1.0,True
7,OHC.PY sensi multiplier[HEFA],numeric,model_factors,2.483169486529264,1.0,True
8,CHC.PY sensi multiplier[Thermochem]_sq,transformation,dynamic_discovery,2.4138973391565783,1.0,True
9,CHC.initial indices of Commercial Maturity[Thermochem],numeric,model_factors,2.3672881284141005,1.0,True
10,CHC.PY sensi multiplier[Thermochem]:CHC.Mature Industry Rate of Return as PCT[Thermochem],interaction,dynamic_discovery,2.26620176472792,1.0,True
11,WW.progress ratios commercial[SludgeToHTL],numeric,model_factors,2.168555853598104,1.0,True
12,WW.PY sensi multiplier[SludgeToHTL]:WW.Mature Industry Rate of Return as PCT[SludgeToHTL],interaction,dynamic_discovery,2.1458015168321047,1.0,True
13,WW.Mature Industry Rate of Return as PCT[SludgeToHTL]_sqrt,transformation,dynamic_discovery,2.072492769611098,1.0,True
14,CHC.initial indices of Commercial Maturity[Brownfield]:CHC.PY sensi multiplier[Brownfield],interaction,dynamic_discovery,1.9510292394817248,1.0,True
15,AHC.PY sensi multiplier[HTL],numeric,model_factors,1.94265037910851,1.0,True
16,AHC.PY sensi multiplier[HEFA]_sq,transformation,dynamic_discovery,1.868183470499672,1.0,True
17,WW.PY sensi multiplier[ManureToHTL]:WW.Mature Industry Rate of Return as PCT[ManureToHTL],interaction,dynamic_discovery,1.8597819499628787,1.0,True
18,WW.progress ratios commercial[SludgeToHTL]_sq,transformation,dynamic_discovery,1.7303369312128642,1.0,True
19,CHC.initial indices of Commercial Maturity[Brownfield]:CHC.Mature Industry Rate of Return as PCT[Brownfield],interaction,dynamic_discovery,1.7049685054132766,1.0,True
20,CHC.Mature Industry Rate of Return as PCT[Thermochem]_sqrt,transformation,dynamic_discovery,1.635617263836689,1.0,True
21,CHC.PY sensi multiplier[Thermochem]:CHC.initial indices of Commercial Maturity[Thermochem],interaction,dynamic_discovery,1.6227389214681898,1.0,True
22,AHC.PY sensi multiplier[HTL]_sq,transformation,dynamic_discovery,1.622106202157749,1.0,True
23,CHC.Mature Industry Rate of Return as PCT[Brownfield],numeric,model_factors,1.5861782942424385,1.0,True
24,CHC.PY sensi multiplier[Thermochem]:CHC.FCI  sensi multiplier[Thermochem],interaction,dynamic_discovery,1.4284878066790985,1.0,True
25,CHC.initial indices of Commercial Maturity[Thermochem]_log1p,transformation,dynamic_discovery,1.3960975134087126,1.0,True
26,WW.initial indices of Commercial Maturity[SludgeToHTL],numeric,model_factors,1.3538614069420911,1.0,True
27,WW.progress ratios commercial[SludgeToHTL]:WW.FCI  sensi multiplier[SludgeToHTL],interaction,dynamic_discovery,1.298869974854773,1.0,True
28,SE.Max Jet Investment Hit Rate_log1p,transformation,dynamic_discovery,1.2380226861244932,1.0,True
29,CHC.initial indices of Commercial Maturity[Brownfield],numeric,model_factors,1.1427890727444625,1.0,True
30,OHC.Retirement Frac[TransEster],numeric,model_factors,1.1219505579763025,1.0,True
31,CHC.Mature Industry Rate of Return as PCT[Biochem],numeric,model_factors,1.1183442439267328,1.0,True
32,CHC.PY sensi multiplier[Thermochem]:CHC.progress ratios commercial[Thermochem],interaction,dynamic_discovery,1.1163098332434744,1.0,True
33,CHC.initial indices of Commercial Maturity[Brownfield]:CHC.FCI  sensi multiplier[Brownfield],interaction,dynamic_discovery,1.07554795938996,1.0,True
34,CHC.Mature Industry Rate of Return as PCT[Brownfield]_sqrt,transformation,dynamic_discovery,1.0615434539572195,1.0,True
35,SE.Max Jet Investment Hit Rate,numeric,model_factors,1.0476789269141715,1.0,True
36,CHC.FCI  sensi multiplier[Thermochem],numeric,model_factors,1.036278833210044,1.0,True
37,CHC.Mature Industry Rate of Return as PCT[Thermochem]:CHC.FCI  sensi multiplier[Thermochem],interaction,dynamic_discovery,1.0244100236628977,1.0,True
38,CHC.Mature Industry Rate of Return as PCT[Brownfield]:CHC.PY sensi multiplier[Brownfield],interaction,dynamic_discovery,0.973579657882759,1.0,True
39,CHC.Mature Industry Rate of Return as PCT[Thermochem]:CHC.progress ratios commercial[Thermochem],interaction,dynamic_discovery,0.96742915311009,1.0,True
40,WW.PY sensi multiplier[ManureToHTL],numeric,model_factors,0.963848188609978,1.0,True
41,WW.PY sensi multiplier[ManureToHTL]:WW.ORNOOC sensi multiplier[ManureToHTL],interaction,dynamic_discovery,0.953478947372822,1.0,True
42,WW.progress ratios commercial[SludgeToHTL]:WW.ORNOOC sensi multiplier[SludgeToHTL],interaction,dynamic_discovery,0.9254017288875096,1.0,True
43,WW.PY sensi multiplier[SludgeToHTL]:WW.ORNOOC sensi multiplier[SludgeToHTL],interaction,dynamic_discovery,0.9128096358296798,1.0,True
44,WW.PY sensi multiplier[SludgeToHTL]:WW.FCI  sensi multiplier[SludgeToHTL],interaction,dynamic_discovery,0.9080843994392483,1.0,True
45,CHC.Mature Industry Rate of Return as PCT[Thermochem]:CHC.initial indices of Commercial Maturity[Thermochem],interaction,dynamic_discovery,0.904100041533999,1.0,True
46,WW.PY sensi multiplier[ManureToHTL]:WW.progress ratios commercial[ManureToHTL],interaction,dynamic_discovery,0.874398292299046,1.0,True
47,OHC.PY sensi multiplier[HEFABrownfield]:OHC.PY sensi multiplier[HEFA],interaction,dynamic_discovery,0.8692832194499974,1.0,True
48,AHC.initial indices of Commercial Maturity[HTL],numeric,model_factors,0.8513622393260553,1.0,True
49,OHC.PY sensi multiplier[HEFABrownfield]_log1p,transformation,dynamic_discovery,0.832284975029336,1.0,True
50,WW.FCI  sensi multiplier[SludgeToHTL],numeric,model_factors,0.8162204161520836,1.0,True
51,WW.progress ratios commercial[SludgeToHTL]:AHC.initial indices of Commercial Maturity[HTL],interaction,dynamic_discovery,0.8108414117820517,1.0,True
52,CHC.initial indices of Commercial Maturity[Thermochem]:CHC.FCI  sensi multiplier[Thermochem],interaction,dynamic_discovery,0.7824390818367153,1.0,True
53,WW.initial indices of Commercial Maturity[SludgeToHTL]_log1p,transformation,dynamic_discovery,0.7724796682139593,0.98,True
54,CHC.PY sensi multiplier[Brownfield],numeric,model_factors,0.7607547557634927,1.0,True
55,CHC.Mature Industry Rate of Return as PCT[Biochem]:CHC.FCI  sensi multiplier[Biochem],interaction,dynamic_discovery,0.7577079794041917,1.0,True
56,CHC.Mature Industry Rate of Return as PCT[Biochem]:CHC.PY sensi multiplier[Biochem],interaction,dynamic_discovery,0.7553413316450055,1.0,True
57,WW.Mature Industry Rate of Return as PCT[SludgeToHTL],numeric,model_factors,0.7472924084414075,1.0,True
58,CHC.PY sensi multiplier[Thermochem]:WW.progress ratios commercial[SludgeToHTL],interaction,dynamic_discovery,0.7339960363028905,1.0,True
59,WW.Mature Industry Rate of Return as PCT[SludgeToHTL]:WW.FCI  sensi multiplier[SludgeToHTL],interaction,dynamic_discovery,0.7117229215014665,1.0,True
60,WW.PY sensi multiplier[ManureToHTL]:WW.initial indices of Commercial Maturity[ManureToHTL],interaction,dynamic_discovery,0.7101216383155285,1.0,True
61,CHC.PY sensi multiplier[Thermochem],numeric,model_factors,0.6841655485383219,1.0,True
62,WW.PY sensi multiplier[SludgeToHTL]:CHC.PY sensi multiplier[Thermochem],interaction,dynamic_discovery,0.6673439206709646,1.0,True
63,CHC.FCI  sensi multiplier[Thermochem]_log1p,transformation,dynamic_discovery,0.6487988574619515,1.0,True
64,CHC.Mature Industry Rate of Return as PCT[Brownfield]:CHC.FCI  sensi multiplier[Brownfield],interaction,dynamic_discovery,0.6436905160142471,1.0,True
65,CHC.initial indices of Commercial Maturity[Thermochem]:CHC.progress ratios commercial[Thermochem],interaction,dynamic_discovery,0.6355898644525471,1.0,True
66,OHC.PY sensi multiplier[HEFA]_inv,transformation,dynamic_discovery,0.6103367123238507,1.0,True
67,CHC.initial indices of Commercial Maturity[Brownfield]:CHC.progress ratios commercial[Brownfield],interaction,dynamic_discovery,0.5996159611897429,1.0,True
68,WW.PY sensi multiplier[ManureToHTL]:WW.FCI  sensi multiplier[ManureToHTL],interaction,dynamic_discovery,0.5984338680145638,1.0,True
69,WW.progress ratios commercial[SludgeToHTL]:WW.initial indices of Commercial Maturity[SludgeToHTL],interaction,dynamic_discovery,0.577588287929658,1.0,True
70,WW.progress ratios commercial[SludgeToHTL]:AHC.Mature Industry Rate of Return as PCT[HTL],interaction,dynamic_discovery,0.5664131136293618,1.0,True
71,CHC.PY sensi multiplier[Thermochem]:WW.Mature Industry Rate of Return as PCT[SludgeToHTL],interaction,dynamic_discovery,0.5607512307404946,1.0,True
72,CHC.Mature Industry Rate of Return as PCT[Thermochem]:WW.progress ratios commercial[SludgeToHTL],interaction,dynamic_discovery,0.5584766027683801,1.0,True
73,WW.Mature Industry Rate of Return as PCT[ManureToHTL]:WW.ORNOOC sensi multiplier[ManureToHTL],interaction,dynamic_discovery,0.5537300319886557,1.0,True
74,WW.Mature Industry Rate of Return as PCT[ManureToHTL]:WW.FCI  sensi multiplier[ManureToHTL],interaction,dynamic_discovery,0.5528803904129905,1.0,True
75,CHC.Mature Industry Rate of Return as PCT[Biochem]:CHC.initial indices of Commercial Maturity[Biochem],interaction,dynamic_discovery,0.5463455829310492,1.0,True
76,WW.Mature Industry Rate of Return as PCT[ManureToHTL]_sq,transformation,dynamic_discovery,0.5375242140279106,1.0,True
77,WW.Mature Industry Rate of Return as PCT[SludgeToHTL]:WW.ORNOOC sensi multiplier[SludgeToHTL],interaction,dynamic_discovery,0.5321658269228394,1.0,True
78,WW.PY sensi multiplier[SludgeToHTL]:AHC.initial indices of Commercial Maturity[HTL],interaction,dynamic_discovery,0.5063098524883748,1.0,True
79,OHC.PY sensi multiplier[HEFA]:OHC.progress ratios commercial[HEFA],interaction,dynamic_discovery,0.4968956022938193,1.0,True
80,WW.Mature Industry Rate of Return as PCT[ManureToHTL]:WW.progress ratios commercial[ManureToHTL],interaction,dynamic_discovery,0.4842466362702128,1.0,True
81,CHC.PY sensi multiplier[Biochem],numeric,model_factors,0.4760775124436491,1.0,True
82,WW.ORNOOC sensi multiplier[ManureToHTL]:WW.progress ratios commercial[ManureToHTL],interaction,dynamic_discovery,0.4694228994059541,1.0,True
83,CHC.progress ratios commercial[Thermochem]_sq,transformation,dynamic_discovery,0.4680742841766826,1.0,True
84,OHC.Retirement Frac[TransEster]_sq,transformation,dynamic_discovery,0.4644953111876809,1.0,True
85,WW.Mature Industry Rate of Return as PCT[ManureToHTL]:WW.initial indices of Commercial Maturity[ManureToHTL],interaction,dynamic_discovery,0.461841504711133,1.0,True
86,CHC.initial indices of Commercial Maturity[Brownfield]:CHC.PY sensi multiplier[Thermochem],interaction,dynamic_discovery,0.4401743443624012,1.0,True
87,AHC.PY sensi multiplier[HTL]:WW.progress ratios commercial[SludgeToHTL],interaction,dynamic_discovery,0.4354871047459846,1.0,True
88,WW.PY sensi multiplier[SludgeToHTL]:CHC.Mature Industry Rate of Return as PCT[Thermochem],interaction,dynamic_discovery,0.4348253296470709,1.0,True
89,OHC.PY sensi multiplier[HEFABrownfield],numeric,model_factors,0.4288039443532168,1.0,True
90,OHC.Retirement Frac[TransEster]:OHC.PY sensi multiplier[HEFABrownfield],interaction,dynamic_discovery,0.4268833468336512,1.0,True
91,WW.Mature Industry Rate of Return as PCT[ManureToHTL],numeric,model_factors,0.4228119776126238,0.94,True
92,SE.Max Jet Investment Hit Rate:SE.PY sensi multiplier[Jet],interaction,dynamic_discovery,0.3870876673560973,1.0,True
93,CHC.PY sensi multiplier[Brownfield]:CHC.FCI  sensi multiplier[Brownfield],interaction,dynamic_discovery,0.371920486606176,1.0,True
94,CHC.PY sensi multiplier[Biochem]:CHC.FCI  sensi multiplier[Biochem],interaction,dynamic_discovery,0.359262071764306,1.0,True
95,CHC.initial indices of Commercial Maturity[Biochem]:CHC.PY sensi multiplier[Biochem],interaction,dynamic_discovery,0.3456549733209671,1.0,True
96,CHC.Mature Industry Rate of Return as PCT[Brownfield]:CHC.progress ratios commercial[Brownfield],interaction,dynamic_discovery,0.3452625607312655,1.0,True
97,WW.ORNOOC sensi multiplier[SludgeToHTL],numeric,model_factors,0.3394888912777109,1.0,True
98,CHC.PY sensi multiplier[Thermochem]:CHC.Debt Interest Rate as pct[Thermochem],interaction,dynamic_discovery,0.338520717057249,1.0,True
99,CHC.initial indices of Commercial Maturity[Biochem]:CHC.FCI  sensi multiplier[Biochem],interaction,dynamic_discovery,0.3292861124446664,1.0,True
100,SE.Mature Industry Rate of Return as PCT[Jet],numeric,model_factors,0.3266894200670255,1.0,True
101,CHC.Mature Industry Rate of Return as PCT[Thermochem]:WW.Mature Industry Rate of Return as PCT[SludgeToHTL],interaction,dynamic_discovery,0.3205811561123405,1.0,True
102,CHC.PY sensi multiplier[Thermochem]:CHC.Mature Industry Rate of Return as PCT[Brownfield],interaction,dynamic_discovery,0.316625691406827,1.0,True
103,WW.PY sensi multiplier[SludgeToHTL]:CHC.FCI  sensi multiplier[Thermochem],interaction,dynamic_discovery,0.3083761752108533,1.0,True
104,WW.PY sensi multiplier[SludgeToHTL]:WW.PY sensi multiplier[ManureToHTL],interaction,dynamic_discovery,0.3049810248284945,1.0,True
105,WW.Mature Industry Rate of Return as PCT[SludgeToHTL]:AHC.initial indices of Commercial Maturity[HTL],interaction,dynamic_discovery,0.3005185310480781,1.0,True
106,SE.ORNOOC sensi multiplier[Jet],numeric,model_factors,0.2911074044901656,1.0,True
107,CHC.FCI  sensi multiplier[Biochem],numeric,model_factors,0.2887399551179956,1.0,True
108,CHC.PY sensi multiplier[Biochem]_inv,transformation,dynamic_discovery,0.2795788460355418,1.0,True
109,SE.PY sensi multiplier[Jet]:SE.Mature Industry Rate of Return as PCT[Jet],interaction,dynamic_discovery,0.2793092761285976,1.0,True
110,SE.Mature Industry Rate of Return as PCT[Jet]:SE.FCI  sensi multiplier[Jet],interaction,dynamic_discovery,0.2773376216016759,1.0,True
111,WW.PY sensi multiplier[SludgeToHTL]:WW.initial indices of Commercial Maturity[SludgeToHTL],interaction,dynamic_discovery,0.2736416206387162,1.0,True
112,WW.initial indices of Commercial Maturity[ManureToHTL]:WW.ORNOOC sensi multiplier[ManureToHTL],interaction,dynamic_discovery,0.2704532068007621,1.0,True
113,SE.PY sensi multiplier[Jet]_inv,transformation,dynamic_discovery,0.267333934337735,1.0,True
114,"WW.PY sensi multiplier[ManureToHTL]:WW.Policy Duration[Price,ManureToHTL]",interaction,dynamic_discovery,0.2637548286032036,1.0,True
115,WW.PY sensi multiplier[SludgeToHTL]:CHC.initial indices of Commercial Maturity[Thermochem],interaction,dynamic_discovery,0.2594732381987266,1.0,True
116,CHC.PY sensi multiplier[Thermochem]:CHC.ORNOOC sensi multiplier[Thermochem],interaction,dynamic_discovery,0.2581571736189046,1.0,True
117,OHC.PY sensi multiplier[HEFA]:OHC.Mature Industry Rate of Return as PCT[HEFA],interaction,dynamic_discovery,0.2510147476586285,1.0,True
118,AHC.Mature Industry Rate of Return as PCT[HTL]:AHC.FCI  sensi multiplier[HTL],interaction,dynamic_discovery,0.2500006062005331,1.0,True
119,OHC.Retirement Frac[TransEster]:OHC.PY sensi multiplier[HEFA],interaction,dynamic_discovery,0.2478040172770531,1.0,True
120,CHC.PY sensi multiplier[Brownfield]_inv,transformation,dynamic_discovery,0.2458199164555978,1.0,True
121,CHC.initial indices of Commercial Maturity[Brownfield]:CHC.FCI  sensi multiplier[Thermochem],interaction,dynamic_discovery,0.2429174396113139,1.0,True
122,WW.progress ratios commercial[SludgeToHTL]:AHC.FCI  sensi multiplier[HTL],interaction,dynamic_discovery,0.240868392946087,1.0,True
123,CHC.initial indices of Commercial Maturity[Brownfield]:CHC.Mature Industry Rate of Return as PCT[Thermochem],interaction,dynamic_discovery,0.2311416347227977,1.0,True
124,SE.Max Jet Investment Hit Rate:WW.PY sensi multiplier[ManureToHTL],interaction,dynamic_discovery,0.2266808526761505,1.0,True
125,WW.FCI  sensi multiplier[ManureToHTL],numeric,model_factors,0.2239572349719523,1.0,True
126,OHC.PY sensi multiplier[HEFA]:OHC.ORNOOC sensi multiplier[HEFA],interaction,dynamic_discovery,0.2197001234164229,1.0,True
127,AHC.PY sensi multiplier[HTL]:AHC.Mature Industry Rate of Return as PCT[HTL],interaction,dynamic_discovery,0.2186163789365668,1.0,True
128,OHC.PY sensi multiplier[HEFA]:CHC.PY sensi multiplier[Thermochem],interaction,dynamic_discovery,0.2168397174670692,1.0,True
129,WW.PY sensi multiplier[ManureToHTL]:CHC.Mature Industry Rate of Return as PCT[Thermochem],interaction,dynamic_discovery,0.2167105534154157,1.0,True
130,AHC.Mature Industry Rate of Return as PCT[HTL],numeric,model_factors,0.206774128251247,1.0,True
131,WW.Mature Industry Rate of Return as PCT[SludgeToHTL]:WW.initial indices of Commercial Maturity[SludgeToHTL],interaction,dynamic_discovery,0.2051419229069224,1.0,True
132,CHC.FCI  sensi multiplier[Brownfield],numeric,model_factors,0.2019911240041232,1.0,True
133,CHC.PY sensi multiplier[Thermochem]:WW.PY sensi multiplier[ManureToHTL],interaction,dynamic_discovery,0.1968691137251621,1.0,True
134,OHC.PY sensi multiplier[HEFA]:OHC.FCI  sensi multiplier[HEFA],interaction,dynamic_discovery,0.1962156014119725,1.0,True
135,WW.PY sensi multiplier[SludgeToHTL]:WW.ORNOOC sensi multiplier[ManureToHTL],interaction,dynamic_discovery,0.1937218014659739,1.0,True
136,WW.PY sensi multiplier[SludgeToHTL]:WW.Mature Industry Rate of Return as PCT[ManureToHTL],interaction,dynamic_discovery,0.1806926991820175,1.0,True
137,SE.PY sensi multiplier[Jet]:SE.ORNOOC sensi multiplier[Jet],interaction,dynamic_discovery,0.167786269558746,1.0,True
138,CHC.PY sensi multiplier[Brownfield]:CHC.progress ratios commercial[Brownfield],interaction,dynamic_discovery,0.1666396775659508,1.0,True
139,OHC.PY sensi multiplier[HEFABrownfield]:OHC.progress ratios commercial[HEFA],interaction,dynamic_discovery,0.1651241108621337,1.0,True
140,OHC.PY sensi multiplier[HEFA]:CHC.Mature Industry Rate of Return as PCT[Thermochem],interaction,dynamic_discovery,0.1648494116366884,1.0,True
141,AHC.initial indices of Commercial Maturity[HTL]:WW.initial indices of Commercial Maturity[SludgeToHTL],interaction,dynamic_discovery,0.1646309504680099,1.0,True
142,AHC.PY sensi multiplier[HTL]:AHC.FCI  sensi multiplier[HTL],interaction,dynamic_discovery,0.1636414227282024,1.0,True
143,SE.Max Jet Investment Hit Rate:WW.Mature Industry Rate of Return as PCT[ManureToHTL],interaction,dynamic_discovery,0.1633339952444595,1.0,True
144,WW.Mature Industry Rate of Return as PCT[ManureToHTL]:CHC.Mature Industry Rate of Return as PCT[Thermochem],interaction,dynamic_discovery,0.1625740494524795,1.0,True
145,AHC.Mature Industry Rate of Return as PCT[HEFA],numeric,model_factors,0.1620632902904,1.0,True
146,CHC.initial indices of Commercial Maturity[Thermochem]:CHC.ORNOOC sensi multiplier[Thermochem],interaction,dynamic_discovery,0.1612067782754555,1.0,True
147,CHC.Debt Interest Rate as pct[Thermochem],numeric,model_factors,0.1604437533541846,1.0,True
148,WW.PY sensi multiplier[SludgeToHTL]:AHC.Mature Industry Rate of Return as PCT[HTL],interaction,dynamic_discovery,0.155206030512806,1.0,True
149,SE.Mature Industry Rate of Return as PCT[Jet]:SE.initial indices of Commercial Maturity[Jet],interaction,dynamic_discovery,0.1538676554590957,1.0,True
150,WW.Mature Industry Rate of Return as PCT[ManureToHTL]:WW.ORNOOC sensi multiplier[SludgeToHTL],interaction,dynamic_discovery,0.1503279085497474,1.0,True
151,CHC.PY sensi multiplier[Thermochem]:CHC.PY sensi multiplier[Brownfield],interaction,dynamic_discovery,0.1491359462021345,1.0,True
152,CHC.FCI  sensi multiplier[Thermochem]:CHC.Debt Interest Rate as pct[Thermochem],interaction,dynamic_discovery,0.1458968342620759,1.0,True
153,SE.Max Jet Investment Hit Rate:CHC.PY sensi multiplier[Thermochem],interaction,dynamic_discovery,0.1458455766032334,1.0,True
154,CHC.ORNOOC sensi multiplier[Thermochem],numeric,model_factors,0.1423544117837335,1.0,True
155,OHC.progress ratios commercial[HEFA]:OHC.progress ratios commercial[HEFABrownfield],interaction,dynamic_discovery,0.1352642752121073,1.0,True
156,CHC.FCI  sensi multiplier[Brownfield]:CHC.progress ratios commercial[Brownfield],interaction,dynamic_discovery,0.1313707795818943,1.0,True
157,"WW.ORNOOC sensi multiplier[ManureToHTL]:WW.Policy Duration[Price,ManureToHTL]",interaction,dynamic_discovery,0.1294617381630961,1.0,True
158,CHC.initial indices of Commercial Maturity[Brownfield]:CHC.initial indices of Commercial Maturity[Thermochem],interaction,dynamic_discovery,0.127845935362022,1.0,True
159,CHC.PY sensi multiplier[Thermochem]:WW.Mature Industry Rate of Return as PCT[ManureToHTL],interaction,dynamic_discovery,0.1276251269623475,1.0,True
160,"OHC.PY sensi multiplier[HEFA]:OHC.Policy Duration[Price,HEFA]",interaction,dynamic_discovery,0.1245699611545834,1.0,True
161,CHC.Mature Industry Rate of Return as PCT[Thermochem]:CHC.Mature Industry Rate of Return as PCT[Brownfield],interaction,dynamic_discovery,0.1233401011677588,1.0,True
162,OHC.PY sensi multiplier[HEFA]:SE.Max Jet Investment Hit Rate,interaction,dynamic_discovery,0.1216947104710048,1.0,True
163,CHC.Mature Industry Rate of Return as PCT[Biochem]_inv,transformation,dynamic_discovery,0.1173536551763617,1.0,True
164,CHC.FCI  sensi multiplier[Thermochem]:CHC.ORNOOC sensi multiplier[Thermochem],interaction,dynamic_discovery,0.1165814730028621,1.0,True
165,AHC.initial indices of Commercial Maturity[HTL]_sqrt,transformation,dynamic_discovery,0.1164904491511819,1.0,True
166,AHC.PY sensi multiplier[HTL]:WW.PY sensi multiplier[SludgeToHTL],interaction,dynamic_discovery,0.1129796073529721,1.0,True
167,OHC.Mature Industry Rate of Return as PCT[HEFA],numeric,model_factors,0.1111087401737151,1.0,True
168,OHC.PY sensi multiplier[HEFA]:WW.PY sensi multiplier[SludgeToHTL],interaction,dynamic_discovery,0.1102253640687252,1.0,True
169,AHC.FCI  sensi multiplier[HEFA],numeric,model_factors,0.1080135403643947,1.0,True
170,OHC.PY sensi multiplier[HEFA]:CHC.FCI  sensi multiplier[Thermochem],interaction,dynamic_discovery,0.1067297569985111,1.0,True
171,WW.Mature Industry Rate of Return as PCT[SludgeToHTL]:AHC.Mature Industry Rate of Return as PCT[HTL],interaction,dynamic_discovery,0.1061564904067104,1.0,True
172,SE.Max Jet Investment Hit Rate:WW.progress ratios commercial[SludgeToHTL],interaction,dynamic_discovery,0.100370798993887,1.0,True
173,AHC.PY sensi multiplier[HTL]:WW.Mature Industry Rate of Return as PCT[SludgeToHTL],interaction,dynamic_discovery,0.0968255591280602,1.0,True
174,OHC.progress ratios commercial[HEFA],numeric,model_factors,0.0926304054079089,1.0,True
175,CHC.initial indices of Commercial Maturity[Thermochem]:CHC.Mature Industry Rate of Return as PCT[Brownfield],interaction,dynamic_discovery,0.0919803750617498,1.0,True
176,OHC.PY sensi multiplier[HEFA]:CHC.initial indices of Commercial Maturity[Thermochem],interaction,dynamic_discovery,0.0867243399866423,1.0,True
177,WW.Mature Industry Rate of Return as PCT[ManureToHTL]:CHC.progress ratios commercial[Thermochem],interaction,dynamic_discovery,0.0854824999466116,0.96,True
178,SE.PY sensi multiplier[Jet],numeric,model_factors,0.0836536298490479,1.0,True
179,OHC.Retirement Frac[TransEster]:OHC.progress ratios commercial[HEFA],interaction,dynamic_discovery,0.0810175014281951,1.0,True
180,WW.PY sensi multiplier[ManureToHTL]:WW.ORNOOC sensi multiplier[SludgeToHTL],interaction,dynamic_discovery,0.0786037415707089,1.0,True
181,OHC.PY sensi multiplier[HEFABrownfield]:SE.Max Jet Investment Hit Rate,interaction,dynamic_discovery,0.0761039952858708,1.0,True
182,OHC.PY sensi multiplier[HEFA]:WW.Mature Industry Rate of Return as PCT[SludgeToHTL],interaction,dynamic_discovery,0.0753165788591465,1.0,True
183,OHC.progress ratios commercial[HEFABrownfield],numeric,model_factors,0.0708981760015019,1.0,True
184,"OHC.Policy Duration[Price,HEFA]",numeric,model_factors,0.0708657767641662,1.0,True
185,WW.PY sensi multiplier[SludgeToHTL]:AHC.FCI  sensi multiplier[HTL],interaction,dynamic_discovery,0.0700728045311852,1.0,True
186,CHC.PY sensi multiplier[Thermochem]:OHC.progress ratios commercial[HEFA],interaction,dynamic_discovery,0.0684119694025092,1.0,True
187,OHC.ORNOOC sensi multiplier[HEFA],numeric,model_factors,0.0661861013690968,1.0,True
188,"WW.Policy Duration[Price,ManureToHTL]",numeric,model_factors,0.0640642650441643,0.88,True
189,OHC.FCI  sensi multiplier[HEFA],numeric,model_factors,0.0639338057030164,1.0,True
190,WW.Mature Industry Rate of Return as PCT[SludgeToHTL]:AHC.FCI  sensi multiplier[HTL],interaction,dynamic_discovery,0.0606731721393337,1.0,True
191,CHC.initial indices of Commercial Maturity[Biochem],numeric,model_factors,0.0583663991580396,1.0,True
192,AHC.ORNOOC sensi multiplier[HTL],numeric,model_factors,0.057882863522,1.0,True
193,CHC.FCI  sensi multiplier[Thermochem]:CHC.progress ratios commercial[Brownfield],interaction,dynamic_discovery,0.0570683704150562,1.0,True
194,WW.PY sensi multiplier[ManureToHTL]:CHC.Mature Industry Rate of Return as PCT[Brownfield],interaction,dynamic_discovery,0.0559050728378738,1.0,True
195,SE.Max Jet Investment Hit Rate:SE.progress ratios commercial[Jet],interaction,dynamic_discovery,0.0535745887850865,0.94,True
196,OHC.PY sensi multiplier[HEFABrownfield]:CHC.progress ratios commercial[Thermochem],interaction,dynamic_discovery,0.0494273797302593,1.0,True
197,WW.Mature Industry Rate of Return as PCT[ManureToHTL]:OHC.progress ratios commercial[HEFABrownfield],interaction,dynamic_discovery,0.0486561026583156,1.0,True
198,AHC.Mature Industry Rate of Return as PCT[HTL]:AHC.initial indices of Commercial Maturity[HTL],interaction,dynamic_discovery,0.0482684605002596,1.0,True
199,OHC.PY sensi multiplier[HEFA]:WW.ORNOOC sensi multiplier[SludgeToHTL],interaction,dynamic_discovery,0.0474752512505301,1.0,True
200,"OHC.PY sensi multiplier[HEFABrownfield]:OHC.Policy Duration[Price,HEFABrownfield]",interaction,dynamic_discovery,0.0473812483714488,1.0,True
201,WW.initial indices of Commercial Maturity[ManureToHTL],numeric,model_factors,0.04728668392093,1.0,True
202,AHC.Debt Interest Rate as pct[HEFA],numeric,model_factors,0.044780307010553,1.0,True
203,SE.progress ratios commercial[Jet],numeric,model_factors,0.0443159471147322,1.0,True
204,AHC.FCI  sensi multiplier[HTL],numeric,model_factors,0.0439977521958752,1.0,True
205,SE.Max Jet Investment Hit Rate:WW.ORNOOC sensi multiplier[SludgeToHTL],interaction,dynamic_discovery,0.0439491454996988,1.0,True
206,WW.PY sensi multiplier[ManureToHTL]:SE.progress ratios commercial[Jet],interaction,dynamic_discovery,0.0423324087083354,1.0,True
207,OHC.ORNOOC sensi multiplier[HEFABrownfield],numeric,model_factors,0.0421849223487514,1.0,True
208,OHC.PY sensi multiplier[HEFA]:OHC.Debt Interest Rate as pct[HEFA],interaction,dynamic_discovery,0.0408496203357508,1.0,True
209,WW.PY sensi multiplier[ManureToHTL]:OHC.ORNOOC sensi multiplier[HEFA],interaction,dynamic_discovery,0.0385639632542834,1.0,True
210,"WW.PY sensi multiplier[ManureToHTL]:OHC.Policy Duration[FCI,HEFABrownfield]",interaction,dynamic_discovery,0.0365359169994095,1.0,True
211,"AHC.FCI  sensi multiplier[HEFA]:SE.Policy Duration[Price,Jet]",interaction,dynamic_discovery,0.0354461842242151,1.0,True
212,OHC.PY sensi multiplier[HEFA]:CHC.Mature Industry Rate of Return as PCT[Biochem],interaction,dynamic_discovery,0.0351150186689729,1.0,True
213,OHC.progress ratios commercial[HEFA]:WW.Debt Interest Rate as pct[SludgeToHTL],interaction,dynamic_discovery,0.0350937746683902,1.0,True
214,CHC.Mature Industry Rate of Return as PCT[Thermochem]:CHC.Debt Interest Rate as pct[Biochem],interaction,dynamic_discovery,0.0347701570717405,1.0,True
215,SE.Debt Interest Rate as pct[Jet],numeric,model_factors,0.0347354566966642,1.0,True
216,AHC.FCI  sensi multiplier[HTL]:AHC.Debt Interest Rate as pct[HTL],interaction,dynamic_discovery,0.034613245273044,1.0,True
217,"WW.Mature Industry Rate of Return as PCT[ManureToHTL]:OHC.Policy Duration[FCI,HEFABrownfield]",interaction,dynamic_discovery,0.0340872375275245,1.0,True
218,"OHC.Policy Duration[Price,TransEster]",numeric,model_factors,0.0331428186753608,1.0,True
219,WW.initial indices of Commercial Maturity[ManureToHTL]:AHC.FCI  sensi multiplier[HEFA],interaction,dynamic_discovery,0.0330673993969464,1.0,True
220,OHC.Mature Industry Rate of Return as PCT[HEFA]:OHC.progress ratios commercial[HEFA],interaction,dynamic_discovery,0.0327941616249473,1.0,True
221,OHC.progress ratios commercial[HEFA]:OHC.ORNOOC sensi multiplier[HEFABrownfield],interaction,dynamic_discovery,0.032602520572038,1.0,True
222,"CHC.progress ratios commercial[Thermochem]:SE.Policy Duration[Price,Jet]",interaction,dynamic_discovery,0.0314998441834924,1.0,True
223,CHC.initial indices of Commercial Maturity[Brownfield]_inv,transformation,dynamic_discovery,0.0310746452458941,1.0,True
224,AHC.Mature Industry Rate of Return as PCT[HTL]:AHC.Debt Interest Rate as pct[HTL],interaction,dynamic_discovery,0.030721979077208,1.0,True
225,SE.Mature Industry Rate of Return as PCT[Jet]:OHC.Mature Industry Rate of Return as PCT[HEFA],interaction,dynamic_discovery,0.030464428712184,1.0,True
226,CHC.progress ratios commercial[Brownfield],numeric,model_factors,0.0302778508038161,1.0,True
227,WW.ORNOOC sensi multiplier[ManureToHTL],numeric,model_factors,0.0301940193789268,1.0,True
228,CHC.Mature Industry Rate of Return as PCT[Thermochem]:WW.initial indices of Commercial Maturity[SludgeToHTL],interaction,dynamic_discovery,0.0301737670930369,1.0,True
229,AHC.Debt Interest Rate as pct[HTL],numeric,model_factors,0.0300949823848901,0.92,True
230,"SE.Max Jet Investment Hit Rate:OHC.Policy Duration[Price,HEFABrownfield]",interaction,dynamic_discovery,0.0285717408072769,1.0,True
231,OHC.Retirement Frac[TransEster]:CHC.Mature Industry Rate of Return as PCT[Brownfield],interaction,dynamic_discovery,0.0284017969440421,1.0,True
232,WW.ORNOOC sensi multiplier[ManureToHTL]:CHC.Debt Interest Rate as pct[Biochem],interaction,dynamic_discovery,0.0283250546543779,1.0,True
233,"CHC.PY sensi multiplier[Thermochem]:CHC.Policy Duration[Price,Thermochem]",interaction,dynamic_discovery,0.0278141317760125,1.0,True
234,WW.PY sensi multiplier[ManureToHTL]:CHC.progress ratios commercial[Thermochem],interaction,dynamic_discovery,0.0277523343781574,1.0,True
235,WW.PY sensi multiplier[ManureToHTL]:CHC.PY sensi multiplier[Brownfield],interaction,dynamic_discovery,0.0274682665073868,1.0,True
236,WW.PY sensi multiplier[ManureToHTL]:CHC.Debt Interest Rate as pct[Biochem],interaction,dynamic_discovery,0.0272986944434749,1.0,True
237,CHC.Mature Industry Rate of Return as PCT[Biochem]:WW.PY sensi multiplier[SludgeToHTL],interaction,dynamic_discovery,0.0266501759387734,1.0,True
238,WW.ORNOOC sensi multiplier[SludgeToHTL]:OHC.Mature Industry Rate of Return as PCT[HEFA],interaction,dynamic_discovery,0.0263329258533046,1.0,True
239,"OHC.progress ratios commercial[HEFA]:OHC.Policy Duration[Price,TransEster]",interaction,dynamic_discovery,0.0260498997027191,1.0,True
240,AHC.Mature Industry Rate of Return as PCT[HTL]:WW.initial indices of Commercial Maturity[SludgeToHTL],interaction,dynamic_discovery,0.0259248440711331,1.0,True
241,"WW.initial indices of Commercial Maturity[ManureToHTL]:CHC.Policy Duration[Price,Thermochem]",interaction,dynamic_discovery,0.0233609579586731,1.0,True
242,"WW.PY sensi multiplier[SludgeToHTL]:OHC.Policy Duration[FCI,HEFABrownfield]",interaction,dynamic_discovery,0.0232994412197676,1.0,True
243,OHC.PY sensi multiplier[HEFABrownfield]:WW.Mature Industry Rate of Return as PCT[ManureToHTL],interaction,dynamic_discovery,0.0232307592960149,1.0,True
244,SE.PY sensi multiplier[Jet]:WW.progress ratios commercial[ManureToHTL],interaction,dynamic_discovery,0.0230589829719743,0.96,True
245,"CHC.Mature Industry Rate of Return as PCT[Brownfield]:OHC.Policy Duration[Price,HEFABrownfield]",interaction,dynamic_discovery,0.0228679428625783,1.0,True
246,"AHC.FCI  sensi multiplier[HEFA]:CHC.Policy Duration[Price,Thermochem]",interaction,dynamic_discovery,0.0228138170427003,0.98,True
247,OHC.PY sensi multiplier[HEFA]:WW.PY sensi multiplier[ManureToHTL],interaction,dynamic_discovery,0.0222789359182713,1.0,True
248,CHC.initial indices of Commercial Maturity[Biochem]:WW.ORNOOC sensi multiplier[ManureToHTL],interaction,dynamic_discovery,0.0222100200828949,1.0,True
249,"WW.PY sensi multiplier[ManureToHTL]:WW.Policy Duration[Price,SludgeToHTL]",interaction,dynamic_discovery,0.0222022097463212,1.0,True
250,OHC.Retirement Frac[TransEster]:WW.PY sensi multiplier[ManureToHTL],interaction,dynamic_discovery,0.0219628676338733,1.0,True
251,"AHC.FCI  sensi multiplier[HEFA]:OHC.Policy Duration[FCI,HEFABrownfield]",interaction,dynamic_discovery,0.0218185909280745,0.98,True
252,WW.progress ratios commercial[SludgeToHTL]:OHC.progress ratios commercial[HEFA],interaction,dynamic_discovery,0.0216000931999189,0.98,True
253,"WW.ORNOOC sensi multiplier[SludgeToHTL]:OHC.Policy Duration[FCI,HEFABrownfield]",interaction,dynamic_discovery,0.02084156266071,0.92,True
254,OHC.Mature Industry Rate of Return as PCT[HEFABrownfield],numeric,model_factors,0.0203682660940086,1.0,True
255,"OHC.PY sensi multiplier[HEFA]:SE.Policy Duration[Price,Jet]",interaction,dynamic_discovery,0.0202955687864253,1.0,True
256,CHC.Mature Industry Rate of Return as PCT[Biochem]:WW.ORNOOC sensi multiplier[ManureToHTL],interaction,dynamic_discovery,0.0202780307625747,1.0,True
257,WW.PY sensi multiplier[ManureToHTL]:OHC.Mature Industry Rate of Return as PCT[HEFA],interaction,dynamic_discovery,0.0202166718304414,0.98,True
258,"OHC.PY sensi multiplier[HEFA]:OHC.Policy Duration[FCI,HEFABrownfield]",interaction,dynamic_discovery,0.0197892287711172,1.0,True
259,"AHC.FCI  sensi multiplier[HEFA]:WW.Policy Duration[Price,SludgeToHTL]",interaction,dynamic_discovery,0.0196317748807972,1.0,True
260,WW.Mature Industry Rate of Return as PCT[SludgeToHTL]:CHC.Debt Interest Rate as pct[Biochem],interaction,dynamic_discovery,0.0195175319922999,1.0,True
261,CHC.Debt Interest Rate as pct[Brownfield],numeric,model_factors,0.0194782295578606,1.0,True
262,CHC.FCI  sensi multiplier[Thermochem]:OHC.Debt Interest Rate as pct[HEFA],interaction,dynamic_discovery,0.019020785522681,1.0,True
263,"CHC.Policy Duration[Price,Brownfield]",numeric,model_factors,0.0188667868567438,1.0,True
264,"OHC.progress ratios commercial[HEFA]:OHC.Policy Duration[Price,HEFABrownfield]",interaction,dynamic_discovery,0.0188311322591168,0.98,True
265,WW.PY sensi multiplier[ManureToHTL]:CHC.Debt Interest Rate as pct[Thermochem],interaction,dynamic_discovery,0.0185360177495872,1.0,True
266,CHC.FCI  sensi multiplier[Brownfield]:OHC.progress ratios commercial[HEFA],interaction,dynamic_discovery,0.0185067659044582,1.0,True
267,AHC.PY sensi multiplier[HTL]:AHC.FCI  sensi multiplier[HEFA],interaction,dynamic_discovery,0.01833644658066,1.0,True
268,CHC.Debt Interest Rate as pct[Biochem],numeric,model_factors,0.0182180117332188,0.78,True
269,OHC.Retirement Frac[TransEster]:AHC.Mature Industry Rate of Return as PCT[HTL],interaction,dynamic_discovery,0.0181836505518758,1.0,True
270,OHC.Mature Industry Rate of Return as PCT[HEFA]:AHC.FCI  sensi multiplier[HEFA],interaction,dynamic_discovery,0.018175097693283,1.0,True
271,AHC.ORNOOC sensi multiplier[HTL]:CHC.Debt Interest Rate as pct[Biochem],interaction,dynamic_discovery,0.0181538192781219,0.98,True
272,WW.ORNOOC sensi multiplier[SludgeToHTL]:AHC.ORNOOC sensi multiplier[HTL],interaction,dynamic_discovery,0.0181346103931015,1.0,True
273,WW.PY sensi multiplier[ManureToHTL]:SE.initial indices of Commercial Maturity[Jet],interaction,dynamic_discovery,0.0180121153296806,1.0,True
274,"CHC.Mature Industry Rate of Return as PCT[Brownfield]:CHC.Policy Duration[Price,Brownfield]",interaction,dynamic_discovery,0.017717022275428,1.0,True
275,"CHC.FCI  sensi multiplier[Thermochem]:OHC.Policy Duration[Price,HEFA]",interaction,dynamic_discovery,0.0176049782268048,0.98,True
276,SE.initial indices of Commercial Maturity[Jet],numeric,model_factors,0.0176040223427418,1.0,True
277,CHC.PY sensi multiplier[Brownfield]:OHC.progress ratios commercial[HEFA],interaction,dynamic_discovery,0.0169477626324984,0.92,True
278,WW.Mature Industry Rate of Return as PCT[ManureToHTL]:OHC.progress ratios commercial[HEFA],interaction,dynamic_discovery,0.0168134185068154,0.92,True
279,WW.progress ratios commercial[ManureToHTL],numeric,model_factors,0.01639276926318,1.0,True
280,WW.PY sensi multiplier[ManureToHTL]:OHC.Debt Interest Rate as pct[HEFA],interaction,dynamic_discovery,0.0162857569484814,1.0,True
281,"OHC.Policy Duration[Price,HEFABrownfield]",numeric,model_factors,0.0162386211982987,0.88,True
282,SE.Max Jet Investment Hit Rate:SE.ORNOOC sensi multiplier[Jet],interaction,dynamic_discovery,0.01614386502569,1.0,True
283,SE.initial indices of Commercial Maturity[Jet]:OHC.progress ratios commercial[HEFA],interaction,dynamic_discovery,0.0161008211981264,1.0,True
284,SE.FCI  sensi multiplier[Jet]:WW.Debt Interest Rate as pct[SludgeToHTL],interaction,dynamic_discovery,0.0159855325095528,1.0,True
285,WW.ORNOOC sensi multiplier[SludgeToHTL]:WW.FCI  sensi multiplier[ManureToHTL],interaction,dynamic_discovery,0.0159198936068158,1.0,True
286,CHC.initial indices of Commercial Maturity[Thermochem]:OHC.Mature Industry Rate of Return as PCT[HEFA],interaction,dynamic_discovery,0.0157704493886152,1.0,True
287,"WW.Policy Duration[Price,SludgeToHTL]",numeric,model_factors,0.0156498419471644,1.0,True
288,CHC.PY sensi multiplier[Thermochem]:AHC.Debt Interest Rate as pct[HTL],interaction,dynamic_discovery,0.0152852387275693,0.98,True
289,SE.ORNOOC sensi multiplier[Jet]:CHC.FCI  sensi multiplier[Brownfield],interaction,dynamic_discovery,0.0148692082658697,1.0,True
290,CHC.initial indices of Commercial Maturity[Biochem]:CHC.FCI  sensi multiplier[Thermochem],interaction,dynamic_discovery,0.0147968745946366,0.98,True
291,AHC.Mature Industry Rate of Return as PCT[HTL]:CHC.FCI  sensi multiplier[Biochem],interaction,dynamic_discovery,0.014670801170523,1.0,True
292,WW.Mature Industry Rate of Return as PCT[ManureToHTL]:OHC.Debt Interest Rate as pct[HEFA],interaction,dynamic_discovery,0.0140969549645587,1.0,True
293,SE.FCI  sensi multiplier[Jet]:CHC.Debt Interest Rate as pct[Biochem],interaction,dynamic_discovery,0.0139413212622635,0.92,True
294,WW.Debt Interest Rate as pct[SludgeToHTL],numeric,model_factors,0.0138838629227465,1.0,True
295,CHC.Mature Industry Rate of Return as PCT[Brownfield]:CHC.progress ratios commercial[Thermochem],interaction,dynamic_discovery,0.0138304701089255,0.98,True
296,"AHC.Mature Industry Rate of Return as PCT[HTL]:OHC.Policy Duration[Price,HEFA]",interaction,dynamic_discovery,0.0138001100059922,1.0,True
297,"SE.Policy Duration[Price,Jet]",numeric,model_factors,0.0137878186563892,1.0,True
298,CHC.initial indices of Commercial Maturity[Biochem]:WW.initial indices of Commercial Maturity[ManureToHTL],interaction,dynamic_discovery,0.0137596570609641,1.0,True
299,"SE.Mature Industry Rate of Return as PCT[Jet]:OHC.Policy Duration[FCI,HEFABrownfield]",interaction,dynamic_discovery,0.0132828476193724,1.0,True
300,WW.PY sensi multiplier[ManureToHTL]:AHC.FCI  sensi multiplier[HEFA],interaction,dynamic_discovery,0.0131815393891023,1.0,True
301,OHC.ORNOOC sensi multiplier[HEFA]:AHC.ORNOOC sensi multiplier[HTL],interaction,dynamic_discovery,0.0131706623732848,1.0,True
302,OHC.Retirement Frac[TransEster]:AHC.FCI  sensi multiplier[HEFA],interaction,dynamic_discovery,0.0131420279608572,1.0,True
303,CHC.Mature Industry Rate of Return as PCT[Thermochem]:AHC.FCI  sensi multiplier[HEFA],interaction,dynamic_discovery,0.0130339502062171,1.0,True
304,CHC.Mature Industry Rate of Return as PCT[Biochem]:AHC.Mature Industry Rate of Return as PCT[HTL],interaction,dynamic_discovery,0.0129963605764886,1.0,True
305,WW.PY sensi multiplier[SludgeToHTL]:CHC.initial indices of Commercial Maturity[Biochem],interaction,dynamic_discovery,0.0127494074634588,1.0,True
306,"OHC.progress ratios commercial[HEFA]:CHC.Policy Duration[Price,Thermochem]",interaction,dynamic_discovery,0.0123766351211047,0.94,True
307,CHC.initial indices of Commercial Maturity[Biochem]:CHC.Debt Interest Rate as pct[Biochem],interaction,dynamic_discovery,0.0122268643447119,1.0,True
308,"AHC.PY sensi multiplier[HTL]:OHC.Policy Duration[Price,HEFABrownfield]",interaction,dynamic_discovery,0.0120392073717161,1.0,True
309,CHC.initial indices of Commercial Maturity[Biochem]:CHC.progress ratios commercial[Brownfield],interaction,dynamic_discovery,0.0120237314218413,0.78,True
310,"CHC.FCI  sensi multiplier[Brownfield]:OHC.Policy Duration[Price,HEFA]",interaction,dynamic_discovery,0.0118769007509721,1.0,True
311,OHC.PY sensi multiplier[HEFA]:OHC.Mature Industry Rate of Return as PCT[HEFABrownfield],interaction,dynamic_discovery,0.0115834916839572,1.0,True
312,"AHC.ORNOOC sensi multiplier[HTL]:OHC.Policy Duration[Price,HEFABrownfield]",interaction,dynamic_discovery,0.0112508637536487,0.86,True
313,"SE.FCI  sensi multiplier[Jet]:WW.Policy Duration[Price,ManureToHTL]",interaction,dynamic_discovery,0.0105574631516913,0.94,True
314,"CHC.Mature Industry Rate of Return as PCT[Thermochem]:OHC.Policy Duration[Price,HEFA]",interaction,dynamic_discovery,0.0096633967263447,0.98,True
315,"CHC.Policy Duration[Price,Brownfield]:OHC.Policy Duration[FCI,HEFABrownfield]",interaction,dynamic_discovery,0.0094530410152991,1.0,True
316,WW.Mature Industry Rate of Return as PCT[ManureToHTL]:SE.initial indices of Commercial Maturity[Jet],interaction,dynamic_discovery,0.0094054637438544,1.0,True
317,OHC.progress ratios commercial[HEFA]:CHC.progress ratios commercial[Brownfield],interaction,dynamic_discovery,0.0093712558080255,1.0,True
318,SE.FCI  sensi multiplier[Jet]:OHC.Mature Industry Rate of Return as PCT[HEFA],interaction,dynamic_discovery,0.0090704612905193,0.98,True
319,WW.PY sensi multiplier[ManureToHTL]:OHC.progress ratios commercial[HEFA],interaction,dynamic_discovery,0.0086442638671796,1.0,True
320,WW.PY sensi multiplier[ManureToHTL]:OHC.Mature Industry Rate of Return as PCT[HEFABrownfield],interaction,dynamic_discovery,0.0084070355174821,1.0,True
321,WW.PY sensi multiplier[ManureToHTL]:CHC.FCI  sensi multiplier[Thermochem],interaction,dynamic_discovery,0.0080239435765293,1.0,True
322,WW.FCI  sensi multiplier[ManureToHTL]:OHC.progress ratios commercial[HEFA],interaction,dynamic_discovery,0.0080079663205293,1.0,True
323,CHC.FCI  sensi multiplier[Thermochem]:SE.FCI  sensi multiplier[Jet],interaction,dynamic_discovery,0.0079417098194566,0.92,True
324,"WW.Mature Industry Rate of Return as PCT[ManureToHTL]:SE.Policy Duration[Price,Jet]",interaction,dynamic_discovery,0.0078102198475961,1.0,True
325,OHC.Mature Industry Rate of Return as PCT[HEFABrownfield]:AHC.Debt Interest Rate as pct[HEFA],interaction,dynamic_discovery,0.0077888706583436,1.0,True
326,"SE.Policy Duration[Price,Jet]:OHC.Policy Duration[FCI,HEFABrownfield]",interaction,dynamic_discovery,0.0077397530429519,0.94,True
327,"WW.PY sensi multiplier[ManureToHTL]:OHC.Policy Duration[Price,HEFABrownfield]",interaction,dynamic_discovery,0.0076864935416903,0.98,True
328,AHC.Mature Industry Rate of Return as PCT[HTL]:SE.FCI  sensi multiplier[Jet],interaction,dynamic_discovery,0.0074934592651238,0.9,True
329,SE.Mature Industry Rate of Return as PCT[Jet]:WW.FCI  sensi multiplier[ManureToHTL],interaction,dynamic_discovery,0.0073713240104178,1.0,True
330,OHC.progress ratios commercial[HEFA]:SE.Alt Price Sensi multiplier[EtOH],interaction,dynamic_discovery,0.006839643023487,1.0,True
331,"CHC.Policy Duration[Price,Thermochem]",numeric,model_factors,0.0067264985295193,0.98,True
332,OHC.PY sensi multiplier[HEFA]:CHC.PY sensi multiplier[Biochem],interaction,dynamic_discovery,0.0067064304051923,1.0,True
333,OHC.Mature Industry Rate of Return as PCT[HEFA]:CHC.Debt Interest Rate as pct[Biochem],interaction,dynamic_discovery,0.0064721076120499,1.0,True
334,"OHC.Mature Industry Rate of Return as PCT[HEFA]:OHC.Policy Duration[FCI,HEFABrownfield]",interaction,dynamic_discovery,0.0064111801458988,1.0,True
335,WW.PY sensi multiplier[ManureToHTL]:OHC.ORNOOC sensi multiplier[HEFABrownfield],interaction,dynamic_discovery,0.0064102411528872,1.0,True
336,"AHC.ORNOOC sensi multiplier[HTL]:CHC.Policy Duration[Price,Thermochem]",interaction,dynamic_discovery,0.0060706440950594,0.94,True
337,"SE.Max Jet Investment Hit Rate:OHC.Policy Duration[FCI,HEFABrownfield]",interaction,dynamic_discovery,0.006020371896789,1.0,True
338,OHC.Mature Industry Rate of Return as PCT[HEFA]:AHC.ORNOOC sensi multiplier[HTL],interaction,dynamic_discovery,0.0058691256445382,1.0,True
339,SE.FCI  sensi multiplier[Jet],numeric,model_factors,0.0058086865653535,0.98,True
340,CHC.initial indices of Commercial Maturity[Biochem]:WW.FCI  sensi multiplier[ManureToHTL],interaction,dynamic_discovery,0.0056521072333467,1.0,True
341,OHC.PY sensi multiplier[HEFA]:WW.Mature Industry Rate of Return as PCT[ManureToHTL],interaction,dynamic_discovery,0.005604417107479,1.0,True
342,CHC.FCI  sensi multiplier[Thermochem]:OHC.progress ratios commercial[HEFABrownfield],interaction,dynamic_discovery,0.0051318886924812,0.98,True
343,WW.progress ratios commercial[SludgeToHTL]:SE.Alt Price Sensi multiplier[EtOH],interaction,dynamic_discovery,0.0047138194241082,1.0,True
344,CHC.initial indices of Commercial Maturity[Biochem]_inv,transformation,dynamic_discovery,0.0045665064638771,1.0,True
345,CHC.PY sensi multiplier[Thermochem]:AHC.Mature Industry Rate of Return as PCT[HTL],interaction,dynamic_discovery,0.0042799436100557,0.9,True
346,OHC.progress ratios commercial[HEFA]:AHC.ORNOOC sensi multiplier[HTL],interaction,dynamic_discovery,0.0042347098416834,1.0,True
347,"WW.progress ratios commercial[SludgeToHTL]:CHC.Policy Duration[Price,Thermochem]",interaction,dynamic_discovery,0.0037600067189967,0.98,True
348,"SE.FCI  sensi multiplier[Jet]:OHC.Policy Duration[Price,TransEster]",interaction,dynamic_discovery,0.0036517071501566,1.0,True
349,"WW.PY sensi multiplier[SludgeToHTL]:OHC.Policy Duration[Price,TransEster]",interaction,dynamic_discovery,0.0034754912406251,1.0,True
350,OHC.progress ratios commercial[HEFA]:WW.progress ratios commercial[ManureToHTL],interaction,dynamic_discovery,0.0030377066184339,0.94,True
351,"CHC.FCI  sensi multiplier[Biochem]:OHC.Policy Duration[FCI,HEFABrownfield]",interaction,dynamic_discovery,0.0030103753121485,0.94,True
352,"WW.FCI  sensi multiplier[ManureToHTL]:OHC.Policy Duration[Price,HEFA]",interaction,dynamic_discovery,0.0025034117704056,0.96,True
353,"SE.initial indices of Commercial Maturity[Jet]:CHC.Policy Duration[Price,Thermochem]",interaction,dynamic_discovery,0.0024935636474297,0.98,True
354,OHC.Debt Interest Rate as pct[HEFA],numeric,model_factors,0.0024290627225114,0.96,True
355,SE.Alt Price Sensi multiplier[EtOH],numeric,model_factors,0.0023785802353166,0.94,True
356,CHC.Mature Industry Rate of Return as PCT[Biochem]:OHC.progress ratios commercial[HEFA],interaction,dynamic_discovery,0.0020660396300057,0.94,True
357,WW.progress ratios commercial[SludgeToHTL]:OHC.Mature Industry Rate of Return as PCT[HEFA],interaction,dynamic_discovery,0.0016961101551122,0.82,True
358,WW.PY sensi multiplier[ManureToHTL]:AHC.Debt Interest Rate as pct[HTL],interaction,dynamic_discovery,0.0006885286922686,1.0,True
359,"WW.Policy Duration[Price,ManureToHTL]:OHC.Policy Duration[FCI,HEFABrownfield]",interaction,dynamic_discovery,9.65427084119975e-06,0.92,True
