remove_rank,retained_features,removed_fraction,feature_name,feature_type,origin,delta_nrmse_when_feature_removed,delta_nrmse_nonnegative,cumulative_delta_upper_bound,approx_macro_nrmse_upper_bound,utility_score,selected_by_auto_cutoff,selected_by_effective_cutoff
1,359,0.002777777777777778,CHC.initial indices of Commercial Maturity[Biochem]_inv,transformation,dynamic_discovery,2.6277737274343904e-06,2.6277737274343904e-06,2.6277737274343904e-06,0.0669427526598682,0.0027772685758663362,True,True
2,358,0.005555555555555556,CHC.initial indices of Commercial Maturity[Brownfield]_inv,transformation,dynamic_discovery,9.915907111412992e-06,9.915907111412992e-06,1.2543680838847382e-05,0.06695266856697961,0.005553124879659465,True,True
3,357,0.008333333333333333,CHC.initial indices of Commercial Maturity[Biochem]:WW.initial indices of Commercial Maturity[ManureToHTL],interaction,dynamic_discovery,1.1757135910187011e-05,1.1757135910187011e-05,2.4300816749034393e-05,0.0669644257028898,0.008328624395798486,True,True
4,356,0.011111111111111112,OHC.Retirement Frac[TransEster]:AHC.Mature Industry Rate of Return as PCT[HTL],interaction,dynamic_discovery,5.763455518613403e-05,5.763455518613403e-05,8.193537193516842e-05,0.06702206025807593,0.01109523392672172,True,True
5,355,0.013888888888888888,OHC.Retirement Frac[TransEster]:CHC.Mature Industry Rate of Return as PCT[Brownfield],interaction,dynamic_discovery,7.754351040065166e-05,7.754351040065166e-05,0.00015947888233582008,0.06709960376847658,0.013857985561531526,True,True
6,354,0.016666666666666666,CHC.Mature Industry Rate of Return as PCT[Thermochem]:WW.initial indices of Commercial Maturity[SludgeToHTL],interaction,dynamic_discovery,9.592251105945693e-05,9.592251105945693e-05,0.000255401393395277,0.06719552627953604,0.016617175770116482,True,True
7,353,0.019444444444444445,CHC.initial indices of Commercial Maturity[Biochem]:CHC.Debt Interest Rate as pct[Biochem],interaction,dynamic_discovery,9.819377201131241e-05,9.819377201131241e-05,0.0003535951654065894,0.06729372005154735,0.019375925860739232,True,True
8,352,0.022222222222222223,CHC.Debt Interest Rate as pct[Brownfield],numeric,model_factors,0.00011609519143926383,0.00011609519143926383,0.00046969035684585325,0.06740981524298661,0.022131207069359293,True,True
9,351,0.025,"WW.Mature Industry Rate of Return as PCT[ManureToHTL]:OHC.Policy Duration[FCI,HEFABrownfield]",interaction,dynamic_discovery,0.00012684732877348004,0.00012684732877348004,0.0005965376856193333,0.0675366625717601,0.024884404761873872,True,True
10,350,0.027777777777777776,WW.Mature Industry Rate of Return as PCT[ManureToHTL]:SE.initial indices of Commercial Maturity[Jet],interaction,dynamic_discovery,0.00013025749446272938,0.00013025749446272938,0.0007267951800820627,0.06766692006622282,0.02763694164296882,True,True
11,349,0.030555555555555555,"SE.Mature Industry Rate of Return as PCT[Jet]:OHC.Policy Duration[FCI,HEFABrownfield]",interaction,dynamic_discovery,0.00014134025062963185,0.00014134025062963185,0.0008681354307116945,0.06780826031685246,0.030387330941657673,True,True
12,348,0.03333333333333333,"WW.initial indices of Commercial Maturity[ManureToHTL]:CHC.Policy Duration[Price,Thermochem]",interaction,dynamic_discovery,0.00016516370006504355,0.00016516370006504355,0.001033299130776738,0.0679734240169175,0.03313310380558162,True,True
13,347,0.03611111111111111,CHC.initial indices of Commercial Maturity[Thermochem]:OHC.Mature Industry Rate of Return as PCT[HEFA],interaction,dynamic_discovery,0.00017938698843754375,0.00017938698843754375,0.0012126861192142818,0.06815281100535504,0.03587612052442707,True,True
14,346,0.03888888888888889,"SE.Max Jet Investment Hit Rate:OHC.Policy Duration[FCI,HEFABrownfield]",interaction,dynamic_discovery,0.00018194610028499092,0.00018194610028499092,0.0013946322194992727,0.06833475710564003,0.038618641346449024,True,True
15,345,0.041666666666666664,"OHC.Mature Industry Rate of Return as PCT[HEFA]:OHC.Policy Duration[FCI,HEFABrownfield]",interaction,dynamic_discovery,0.0001842265842065538,0.0001842265842065538,0.0015788588037058265,0.06851898368984659,0.04136072026331006,True,True
16,344,0.044444444444444446,OHC.Retirement Frac[TransEster]:WW.PY sensi multiplier[ManureToHTL],interaction,dynamic_discovery,0.00018642804748023045,0.00018642804748023045,0.001765286851186057,0.06870541173732682,0.044102372587388305,True,True
17,343,0.04722222222222222,OHC.Mature Industry Rate of Return as PCT[HEFA]:CHC.Debt Interest Rate as pct[Biochem],interaction,dynamic_discovery,0.00018825580658803076,0.00018825580658803076,0.0019535426577740878,0.06889366754391485,0.046843670733927735,True,True
18,342,0.05,OHC.Retirement Frac[TransEster]:AHC.FCI  sensi multiplier[HEFA],interaction,dynamic_discovery,0.00019026505195790522,0.00019026505195790522,0.002143807709731993,0.06908393259587275,0.04958457953507863,True,True
19,341,0.05277777777777778,CHC.initial indices of Commercial Maturity[Biochem]:WW.FCI  sensi multiplier[ManureToHTL],interaction,dynamic_discovery,0.00022293623829361398,0.00022293623829361398,0.002366743948025607,0.06930686883416637,0.05231915741421842,True,True
20,340,0.05555555555555555,CHC.Mature Industry Rate of Return as PCT[Biochem]:AHC.Mature Industry Rate of Return as PCT[HTL],interaction,dynamic_discovery,0.00022351360217753857,0.00022351360217753857,0.0025902575502031455,0.06953038243634391,0.05505362341356041,True,True
21,339,0.058333333333333334,"SE.initial indices of Commercial Maturity[Jet]:CHC.Policy Duration[Price,Thermochem]",interaction,dynamic_discovery,0.00024509877822451176,0.00024509877822451176,0.0028353563284276573,0.06977548121456842,0.05778390670387112,True,True
22,338,0.06111111111111111,AHC.Mature Industry Rate of Return as PCT[HTL]:WW.initial indices of Commercial Maturity[SludgeToHTL],interaction,dynamic_discovery,0.0002554043199015643,0.0002554043199015643,0.0030907606483292216,0.07003088553446998,0.06051219301800932,True,True
23,337,0.06388888888888888,"SE.Policy Duration[Price,Jet]:OHC.Policy Duration[FCI,HEFABrownfield]",interaction,dynamic_discovery,0.0002593752541654726,0.0002593752541654726,0.003350135902494694,0.07029026078863546,0.06323970985671809,True,True
24,336,0.06666666666666667,WW.initial indices of Commercial Maturity[ManureToHTL]:AHC.FCI  sensi multiplier[HEFA],interaction,dynamic_discovery,0.0002611001766334442,0.0002611001766334442,0.0036112360791281384,0.0705513609652689,0.06596689244525585,True,True
25,335,0.06944444444444445,WW.PY sensi multiplier[SludgeToHTL]:CHC.initial indices of Commercial Maturity[Biochem],interaction,dynamic_discovery,0.00026182232936489136,0.00026182232936489136,0.0038730584084930297,0.07081318329463379,0.0686939350972582,True,True
26,334,0.07222222222222222,SE.Max Jet Investment Hit Rate:WW.Mature Industry Rate of Return as PCT[ManureToHTL],interaction,dynamic_discovery,0.0002678654512372758,0.0002678654512372758,0.0041409238597303055,0.07108104874587107,0.07141980673168916,True,True
27,333,0.075,CHC.initial indices of Commercial Maturity[Biochem]:CHC.FCI  sensi multiplier[Thermochem],interaction,dynamic_discovery,0.0002753781399494615,0.0002753781399494615,0.004416301999679767,0.07135642688582053,0.07414422258040601,True,True
28,332,0.07777777777777778,"WW.Mature Industry Rate of Return as PCT[ManureToHTL]:SE.Policy Duration[Price,Jet]",interaction,dynamic_discovery,0.00029383512261926814,0.00029383512261926814,0.004710137122299035,0.0716502620084398,0.07686506189178376,True,True
29,331,0.08055555555555556,WW.Mature Industry Rate of Return as PCT[ManureToHTL]:OHC.Debt Interest Rate as pct[HEFA],interaction,dynamic_discovery,0.00029790468540637216,0.00029790468540637216,0.005008041807705407,0.07194816669384617,0.07958511261580015,True,True
30,330,0.08333333333333333,SE.Mature Industry Rate of Return as PCT[Jet]:OHC.Mature Industry Rate of Return as PCT[HEFA],interaction,dynamic_discovery,0.00031884343760504863,0.00031884343760504863,0.005326885245310456,0.07226701013145122,0.08230110589281055,True,True
31,329,0.08611111111111111,OHC.Mature Industry Rate of Return as PCT[HEFABrownfield]:AHC.Debt Interest Rate as pct[HEFA],interaction,dynamic_discovery,0.00032635500630608105,0.00032635500630608105,0.005653240251616537,0.0725933651377573,0.08501564360113918,True,True
32,328,0.08888888888888889,WW.PY sensi multiplier[ManureToHTL]:SE.initial indices of Commercial Maturity[Jet],interaction,dynamic_discovery,0.00033932319213832163,0.00033932319213832163,0.005992563443754859,0.07293268832989562,0.08772766837429961,True,True
33,327,0.09166666666666666,AHC.Mature Industry Rate of Return as PCT[HTL]:AHC.initial indices of Commercial Maturity[HTL],interaction,dynamic_discovery,0.0003537596711941926,0.0003537596711941926,0.006346323114949051,0.07328644800108981,0.09043689569094657,True,True
34,326,0.09444444444444444,WW.Mature Industry Rate of Return as PCT[ManureToHTL]:CHC.Mature Industry Rate of Return as PCT[Thermochem],interaction,dynamic_discovery,0.0003651029602023126,0.0003651029602023126,0.006711426075151364,0.07365155096129213,0.09314392493993472,True,True
35,325,0.09722222222222222,"WW.Policy Duration[Price,ManureToHTL]:OHC.Policy Duration[FCI,HEFABrownfield]",interaction,dynamic_discovery,0.00036878626205712195,0.00036878626205712195,0.007080212337208486,0.07402033722334925,0.09585024045001708,True,True
36,324,0.1,"CHC.Mature Industry Rate of Return as PCT[Brownfield]:OHC.Policy Duration[Price,HEFABrownfield]",interaction,dynamic_discovery,0.0003707105145896866,0.0003707105145896866,0.007450922851798172,0.07439104773793893,0.09855618308436152,True,True
37,323,0.10277777777777777,"AHC.Mature Industry Rate of Return as PCT[HTL]:OHC.Policy Duration[Price,HEFA]",interaction,dynamic_discovery,0.0004015298412681084,0.0004015298412681084,0.00785245269306628,0.07479257757920704,0.10125615364436404,True,True
38,322,0.10555555555555556,SE.Debt Interest Rate as pct[Jet],numeric,model_factors,0.000449575490421808,0.000449575490421808,0.008302028183488089,0.07524215306962885,0.10394681406623323,True,True
39,321,0.10833333333333334,"WW.ORNOOC sensi multiplier[SludgeToHTL]:OHC.Policy Duration[FCI,HEFABrownfield]",interaction,dynamic_discovery,0.00045484214656353605,0.00045484214656353605,0.008756870330051625,0.07569699521619239,0.10663645393167237,True,True
40,320,0.1111111111111111,"CHC.Mature Industry Rate of Return as PCT[Thermochem]:OHC.Policy Duration[Price,HEFA]",interaction,dynamic_discovery,0.0004728897315919023,0.0004728897315919023,0.009229760061643527,0.07616988494778429,0.10932259659158829,True,True
41,319,0.11388888888888889,CHC.initial indices of Commercial Maturity[Biochem]:CHC.progress ratios commercial[Brownfield],interaction,dynamic_discovery,0.0004734794350279292,0.0004734794350279292,0.009703239496671456,0.07664336438281222,0.11200862498058595,True,True
42,318,0.11666666666666667,"CHC.FCI  sensi multiplier[Biochem]:OHC.Policy Duration[FCI,HEFABrownfield]",interaction,dynamic_discovery,0.0004792576970080592,0.0004792576970080592,0.010182497193679516,0.07712262207982028,0.11469353367574758,True,True
43,317,0.11944444444444445,"CHC.Policy Duration[Price,Brownfield]:OHC.Policy Duration[FCI,HEFABrownfield]",interaction,dynamic_discovery,0.0004884835079986688,0.0004884835079986688,0.010670980701678184,0.07761110558781895,0.11737665462162854,True,True
44,316,0.12222222222222222,WW.initial indices of Commercial Maturity[ManureToHTL]:WW.ORNOOC sensi multiplier[ManureToHTL],interaction,dynamic_discovery,0.0004990924570711514,0.0004990924570711514,0.011170073158749336,0.0781101980448901,0.12005771979798499,True,True
45,315,0.125,OHC.Mature Industry Rate of Return as PCT[HEFA]:AHC.ORNOOC sensi multiplier[HTL],interaction,dynamic_discovery,0.000500614931270349,0.000500614931270349,0.011670688090019685,0.07861081297616045,0.12273848995397336,True,True
46,314,0.12777777777777777,WW.PY sensi multiplier[ManureToHTL]:OHC.Mature Industry Rate of Return as PCT[HEFABrownfield],interaction,dynamic_discovery,0.0005044193888431303,0.0005044193888431303,0.012175107478862815,0.07911523236500358,0.1254185228938735,True,True
47,313,0.13055555555555556,AHC.Mature Industry Rate of Return as PCT[HTL]:AHC.Debt Interest Rate as pct[HTL],interaction,dynamic_discovery,0.0005372460738349433,0.0005372460738349433,0.012712353552697758,0.07965247843883852,0.1280921947797112,True,True
48,312,0.13333333333333333,SE.Mature Industry Rate of Return as PCT[Jet]:WW.FCI  sensi multiplier[ManureToHTL],interaction,dynamic_discovery,0.0005757570598406703,0.0005757570598406703,0.013288110612538429,0.08022823549867919,0.13075840412511747,True,True
49,311,0.1361111111111111,"SE.Max Jet Investment Hit Rate:OHC.Policy Duration[Price,HEFABrownfield]",interaction,dynamic_discovery,0.0006061846154252482,0.0006061846154252482,0.013894295227963677,0.08083442011410444,0.1334187173123795,True,True
50,310,0.1388888888888889,WW.PY sensi multiplier[ManureToHTL]:OHC.Mature Industry Rate of Return as PCT[HEFA],interaction,dynamic_discovery,0.0006098376484860446,0.0006098376484860446,0.014504132876449721,0.08144425776259048,0.1360783226261296,True,True
51,309,0.14166666666666666,OHC.PY sensi multiplier[HEFA]:WW.Mature Industry Rate of Return as PCT[ManureToHTL],interaction,dynamic_discovery,0.0006108925826314449,0.0006108925826314449,0.015115025459081166,0.08205515034522193,0.1387377235179853,True,True
52,308,0.14444444444444443,CHC.PY sensi multiplier[Thermochem]:AHC.Mature Industry Rate of Return as PCT[HTL],interaction,dynamic_discovery,0.000614801615217167,0.000614801615217167,0.015729827074298333,0.0826699519604391,0.1413963669295284,True,True
53,307,0.14722222222222223,SE.FCI  sensi multiplier[Jet]:OHC.Mature Industry Rate of Return as PCT[HEFA],interaction,dynamic_discovery,0.0006219951837737048,0.0006219951837737048,0.016351822258072038,0.0832919471442128,0.14405361639347974,True,True
54,306,0.15,"AHC.FCI  sensi multiplier[HEFA]:OHC.Policy Duration[FCI,HEFABrownfield]",interaction,dynamic_discovery,0.0006717478049944048,0.0006717478049944048,0.017023570063066443,0.0839636949492072,0.14670122494750024,True,True
55,305,0.1527777777777778,CHC.Mature Industry Rate of Return as PCT[Biochem]:WW.PY sensi multiplier[SludgeToHTL],interaction,dynamic_discovery,0.0006992139609621195,0.0006992139609621195,0.017722784024028562,0.08466290891016932,0.1493435111942868,True,True
56,304,0.15555555555555556,CHC.initial indices of Commercial Maturity[Biochem]:WW.ORNOOC sensi multiplier[ManureToHTL],interaction,dynamic_discovery,0.0007223802969408277,0.0007223802969408277,0.01844516432096939,0.08538528920711015,0.15198130833973317,True,True
57,303,0.15833333333333333,AHC.Mature Industry Rate of Return as PCT[HTL]:CHC.FCI  sensi multiplier[Biochem],interaction,dynamic_discovery,0.0007485751498511883,0.0007485751498511883,0.01919373947082058,0.08613386435696134,0.1546140295271423,True,True
58,302,0.16111111111111112,OHC.Mature Industry Rate of Return as PCT[HEFA]:AHC.FCI  sensi multiplier[HEFA],interaction,dynamic_discovery,0.0007493394397664888,0.0007493394397664888,0.019943078910587067,0.08688320379672783,0.15724660261280213,True,True
59,301,0.1638888888888889,"CHC.Mature Industry Rate of Return as PCT[Brownfield]:CHC.Policy Duration[Price,Brownfield]",interaction,dynamic_discovery,0.0007512010493416904,0.0007512010493416904,0.020694279959928757,0.08763440484606952,0.15987881496148368,True,True
60,300,0.16666666666666666,OHC.PY sensi multiplier[HEFA]:CHC.Mature Industry Rate of Return as PCT[Biochem],interaction,dynamic_discovery,0.0007533296887900914,0.0007533296887900914,0.02144760964871885,0.08838773453485961,0.16251061482895932,True,True
61,299,0.16944444444444445,WW.PY sensi multiplier[ManureToHTL]:CHC.Mature Industry Rate of Return as PCT[Brownfield],interaction,dynamic_discovery,0.0007535651391135378,0.0007535651391135378,0.022201174787832387,0.08914129967397315,0.1651423690715954,True,True
62,298,0.17222222222222222,WW.PY sensi multiplier[ManureToHTL]:AHC.Debt Interest Rate as pct[HTL],interaction,dynamic_discovery,0.0007586988291685137,0.0007586988291685137,0.0229598736170009,0.08989999850314166,0.1677731285235608,True,True
63,297,0.175,SE.FCI  sensi multiplier[Jet]:WW.Debt Interest Rate as pct[SludgeToHTL],interaction,dynamic_discovery,0.0007751847679264706,0.0007751847679264706,0.02373505838492737,0.09067518327106813,0.17040069338101455,True,True
64,296,0.17777777777777778,CHC.Mature Industry Rate of Return as PCT[Biochem]:WW.ORNOOC sensi multiplier[ManureToHTL],interaction,dynamic_discovery,0.0007907448893435948,0.0007907448893435948,0.024525803274270966,0.09146592816041173,0.17302524304599376,True,True
65,295,0.18055555555555555,CHC.FCI  sensi multiplier[Thermochem]:OHC.Debt Interest Rate as pct[HEFA],interaction,dynamic_discovery,0.0007917381306278282,0.0007917381306278282,0.025317541404898794,0.09225766629103956,0.1756496002437315,True,True
66,294,0.18333333333333332,CHC.Mature Industry Rate of Return as PCT[Thermochem]:AHC.FCI  sensi multiplier[HEFA],interaction,dynamic_discovery,0.000810338271314659,0.000810338271314659,0.026127879676213453,0.09306800456235421,0.17827035316340983,True,True
67,293,0.18611111111111112,OHC.PY sensi multiplier[HEFABrownfield]:WW.Mature Industry Rate of Return as PCT[ManureToHTL],interaction,dynamic_discovery,0.0008278253265546903,0.0008278253265546903,0.026955705002768143,0.0938958298889089,0.18088771749530352,True,True
68,292,0.18888888888888888,CHC.Mature Industry Rate of Return as PCT[Thermochem]:CHC.Debt Interest Rate as pct[Biochem],interaction,dynamic_discovery,0.0008310403635626434,0.0008310403635626434,0.027786745366330787,0.09472687025247155,0.1835044588272133,True,True
69,291,0.19166666666666668,WW.PY sensi multiplier[ManureToHTL]:CHC.Debt Interest Rate as pct[Thermochem],interaction,dynamic_discovery,0.0008603187321578887,0.0008603187321578887,0.028647064098488675,0.09558718898462944,0.18611552668689949,True,True
70,290,0.19444444444444445,WW.ORNOOC sensi multiplier[SludgeToHTL]:OHC.Mature Industry Rate of Return as PCT[HEFA],interaction,dynamic_discovery,0.0009157720196925206,0.0009157720196925206,0.029562836118181196,0.09650296100432196,0.18871584897906832,True,True
71,289,0.19722222222222222,WW.PY sensi multiplier[ManureToHTL]:OHC.Debt Interest Rate as pct[HEFA],interaction,dynamic_discovery,0.0009824736531367367,0.0009824736531367367,0.030545309771317933,0.0974854346574587,0.1913032460338427,True,True
72,288,0.2,"SE.FCI  sensi multiplier[Jet]:OHC.Policy Duration[Price,TransEster]",interaction,dynamic_discovery,0.0009904974256118443,0.0009904974256118443,0.03153580719692978,0.09847593208307054,0.19388908826666318,True,True
73,287,0.20277777777777778,CHC.initial indices of Commercial Maturity[Brownfield]:CHC.initial indices of Commercial Maturity[Thermochem],interaction,dynamic_discovery,0.0010591824147455353,0.0010591824147455353,0.03259498961167531,0.09953511449781607,0.19646162093352326,True,True
74,286,0.20555555555555555,CHC.initial indices of Commercial Maturity[Thermochem]:CHC.Mature Industry Rate of Return as PCT[Brownfield],interaction,dynamic_discovery,0.0010829303700474746,0.0010829303700474746,0.03367791998172279,0.10061804486786355,0.19902955179463944,True,True
75,285,0.20833333333333334,"AHC.ORNOOC sensi multiplier[HTL]:CHC.Policy Duration[Price,Thermochem]",interaction,dynamic_discovery,0.001088012223207549,0.001088012223207549,0.034765932204930336,0.1017060570910711,0.20159649790987905,True,True
76,284,0.2111111111111111,"AHC.FCI  sensi multiplier[HEFA]:CHC.Policy Duration[Price,Thermochem]",interaction,dynamic_discovery,0.001088531714104557,0.001088531714104557,0.03585446391903489,0.10279458880517565,0.2041633433597702,True,True
77,283,0.21388888888888888,AHC.Mature Industry Rate of Return as PCT[HTL]:SE.FCI  sensi multiplier[Jet],interaction,dynamic_discovery,0.0010944729437856043,0.0010944729437856043,0.0369489368628205,0.10388906174896126,0.20672903753644548,True,True
78,282,0.21666666666666667,"SE.FCI  sensi multiplier[Jet]:WW.Policy Duration[Price,ManureToHTL]",interaction,dynamic_discovery,0.001095958649178913,0.001095958649178913,0.03804489551199941,0.10498502039814017,0.2092944438176988,True,True
79,281,0.21944444444444444,"AHC.FCI  sensi multiplier[HEFA]:WW.Policy Duration[Price,SludgeToHTL]",interaction,dynamic_discovery,0.0010969091854743374,0.0010969091854743374,0.03914180469747375,0.10608192958361451,0.21185966590695204,True,True
80,280,0.2222222222222222,WW.PY sensi multiplier[ManureToHTL]:CHC.Debt Interest Rate as pct[Biochem],interaction,dynamic_discovery,0.0011103455176767474,0.0011103455176767474,0.040252150215150495,0.10719227510129126,0.21442228434507324,True,True
81,279,0.225,"WW.PY sensi multiplier[SludgeToHTL]:OHC.Policy Duration[FCI,HEFABrownfield]",interaction,dynamic_discovery,0.0011107322697753996,0.0011107322697753996,0.041362882484925895,0.10830300737106666,0.2169848278395622,True,True
82,278,0.22777777777777777,CHC.initial indices of Commercial Maturity[Thermochem]:CHC.ORNOOC sensi multiplier[Thermochem],interaction,dynamic_discovery,0.0011168821762127662,0.0011168821762127662,0.04247976466113866,0.10941988954727942,0.21954617962409512,True,True
83,277,0.23055555555555557,"WW.FCI  sensi multiplier[ManureToHTL]:OHC.Policy Duration[Price,HEFA]",interaction,dynamic_discovery,0.0011344172425914456,0.0011344172425914456,0.043614181903730107,0.11055430678987087,0.22210413351739258,True,True
84,276,0.23333333333333334,WW.Mature Industry Rate of Return as PCT[ManureToHTL]:WW.ORNOOC sensi multiplier[SludgeToHTL],interaction,dynamic_discovery,0.0011516495043098346,0.0011516495043098346,0.04476583140803994,0.1117059562941807,0.22465874819601037,True,True
85,275,0.2361111111111111,WW.ORNOOC sensi multiplier[ManureToHTL]:CHC.Debt Interest Rate as pct[Biochem],interaction,dynamic_discovery,0.0011517935791171274,0.0011517935791171274,0.04591762498715707,0.11285774987329783,0.22721333495625506,True,True
86,274,0.2388888888888889,WW.Mature Industry Rate of Return as PCT[SludgeToHTL]:CHC.Debt Interest Rate as pct[Biochem],interaction,dynamic_discovery,0.0011649147325304837,0.0011649147325304837,0.04708253971968755,0.11402266460582831,0.2297653791397442,True,True
87,273,0.24166666666666667,"CHC.FCI  sensi multiplier[Thermochem]:OHC.Policy Duration[Price,HEFA]",interaction,dynamic_discovery,0.0011656831599975576,0.0011656831599975576,0.04824822287968511,0.11518834776582587,0.23231727441972194,True,True
88,272,0.24444444444444444,AHC.Debt Interest Rate as pct[HEFA],numeric,model_factors,0.0011726518951745007,0.0011726518951745007,0.04942087477485961,0.11636099966100037,0.23486781931962877,True,True
89,271,0.24722222222222223,SE.initial indices of Commercial Maturity[Jet]:OHC.progress ratios commercial[HEFA],interaction,dynamic_discovery,0.0012119233712245964,0.0012119233712245964,0.05063279814608421,0.11757292303222497,0.23741075431368222,True,True
90,270,0.25,"OHC.PY sensi multiplier[HEFA]:OHC.Policy Duration[FCI,HEFABrownfield]",interaction,dynamic_discovery,0.0012162519891974338,0.0012162519891974338,0.05184905013528164,0.1187891750214224,0.2399528505214571,True,True
91,269,0.25277777777777777,"WW.PY sensi multiplier[SludgeToHTL]:OHC.Policy Duration[Price,TransEster]",interaction,dynamic_discovery,0.001262534802883089,0.001262534802883089,0.05311158493816473,0.12005170982430549,0.24248597818793421,True,True
92,268,0.25555555555555554,WW.Mature Industry Rate of Return as PCT[SludgeToHTL]:AHC.Mature Industry Rate of Return as PCT[HTL],interaction,dynamic_discovery,0.001293934456022744,0.001293934456022744,0.054405519394187474,0.12134564428032824,0.24501302132619251,True,True
93,267,0.25833333333333336,AHC.ORNOOC sensi multiplier[HTL]:CHC.Debt Interest Rate as pct[Biochem],interaction,dynamic_discovery,0.0013014035265226098,0.0013014035265226098,0.055706922920710084,0.12264704780685085,0.24753861713093978,True,True
94,266,0.2611111111111111,CHC.PY sensi multiplier[Thermochem]:WW.Mature Industry Rate of Return as PCT[ManureToHTL],interaction,dynamic_discovery,0.0013543418931577234,0.0013543418931577234,0.05706126481386781,0.12400138970000857,0.2500539547018072,True,True
95,265,0.2638888888888889,"WW.PY sensi multiplier[ManureToHTL]:OHC.Policy Duration[FCI,HEFABrownfield]",interaction,dynamic_discovery,0.0013575068808622248,0.0013575068808622248,0.05841877169473003,0.1253588965808708,0.25256867897109087,True,True
96,264,0.26666666666666666,SE.Max Jet Investment Hit Rate:WW.PY sensi multiplier[ManureToHTL],interaction,dynamic_discovery,0.0013674667721040035,0.0013674667721040035,0.059786238466834035,0.1267263633529748,0.25508147324328034,True,True
97,263,0.26944444444444443,WW.Mature Industry Rate of Return as PCT[SludgeToHTL]:WW.initial indices of Commercial Maturity[SludgeToHTL],interaction,dynamic_discovery,0.0014459625173273566,0.0014459625173273566,0.06123220098416139,0.12817232587030214,0.2575790568513664,True,True
98,262,0.2722222222222222,AHC.PY sensi multiplier[HTL]:AHC.FCI  sensi multiplier[HEFA],interaction,dynamic_discovery,0.001478784053164539,0.001478784053164539,0.06271098503732593,0.12965110992346668,0.26007028040317737,True,True
99,261,0.275,SE.FCI  sensi multiplier[Jet]:CHC.Debt Interest Rate as pct[Biochem],interaction,dynamic_discovery,0.0015137619789289541,0.0015137619789289541,0.06422474701625489,0.13116487190239565,0.26255472604010494,True,True
100,260,0.2777777777777778,WW.PY sensi multiplier[SludgeToHTL]:WW.Mature Industry Rate of Return as PCT[ManureToHTL],interaction,dynamic_discovery,0.0015212827001843121,0.0015212827001843121,0.0657460297164392,0.13268615460257996,0.26503771433479684,True,True
101,259,0.28055555555555556,AHC.FCI  sensi multiplier[HTL]:AHC.Debt Interest Rate as pct[HTL],interaction,dynamic_discovery,0.001527106216761706,0.001527106216761706,0.0672731359332009,0.13421326081934165,0.267519574166356,True,True
102,258,0.2833333333333333,WW.PY sensi multiplier[ManureToHTL]:CHC.Mature Industry Rate of Return as PCT[Thermochem],interaction,dynamic_discovery,0.001553686626248607,0.001553686626248607,0.06882682255944951,0.13576694744559026,0.26999628332791026,True,True
103,257,0.2861111111111111,"WW.PY sensi multiplier[ManureToHTL]:OHC.Policy Duration[Price,HEFABrownfield]",interaction,dynamic_discovery,0.0016796706758377272,0.0016796706758377272,0.07050649323528724,0.137446618121428,0.27244857968778674,True,True
104,256,0.28888888888888886,WW.Mature Industry Rate of Return as PCT[SludgeToHTL]:AHC.FCI  sensi multiplier[HTL],interaction,dynamic_discovery,0.0017516489043241934,0.0017516489043241934,0.07225814213961143,0.1391982670257522,0.2748869283279091,True,True
105,255,0.2916666666666667,"AHC.FCI  sensi multiplier[HEFA]:SE.Policy Duration[Price,Jet]",interaction,dynamic_discovery,0.0017718194528868747,0.0017718194528868747,0.0740299615924983,0.14097008647863907,0.27732136838116356,True,True
106,254,0.29444444444444445,"WW.ORNOOC sensi multiplier[ManureToHTL]:WW.Policy Duration[Price,ManureToHTL]",interaction,dynamic_discovery,0.0018513032591939288,0.0018513032591939288,0.07588126485169223,0.14282138973783298,0.27974040630687647,True,True
107,253,0.2972222222222222,OHC.PY sensi multiplier[HEFA]:OHC.Mature Industry Rate of Return as PCT[HEFABrownfield],interaction,dynamic_discovery,0.0018715113230765301,0.0018715113230765301,0.07775277617476876,0.14469290106090954,0.2821555283761181,True,True
108,252,0.3,OHC.progress ratios commercial[HEFA]:SE.Alt Price Sensi multiplier[EtOH],interaction,dynamic_discovery,0.001873928705272948,0.001873928705272948,0.07962670488004171,0.14656682976618246,0.28457018201247214,True,True
109,251,0.30277777777777776,SE.Max Jet Investment Hit Rate:SE.ORNOOC sensi multiplier[Jet],interaction,dynamic_discovery,0.0018880183523673905,0.0018880183523673905,0.0815147232324091,0.14845484811854986,0.2869821054003436,True,True
110,250,0.3055555555555556,"CHC.Policy Duration[Price,Brownfield]",numeric,model_factors,0.001914612627584758,0.001914612627584758,0.08342933585999386,0.1503694607461346,0.2893888754313515,True,True
111,249,0.30833333333333335,SE.Max Jet Investment Hit Rate:WW.ORNOOC sensi multiplier[SludgeToHTL],interaction,dynamic_discovery,0.0019237999913919723,0.0019237999913919723,0.08535313585138583,0.15229326073752658,0.2917938651632557,True,True
112,248,0.3111111111111111,WW.Mature Industry Rate of Return as PCT[SludgeToHTL]:AHC.initial indices of Commercial Maturity[HTL],interaction,dynamic_discovery,0.0019349462915664861,0.0019349462915664861,0.08728808214295232,0.15422820702909307,0.2941966949993914,True,True
113,247,0.3138888888888889,WW.Mature Industry Rate of Return as PCT[ManureToHTL]:CHC.progress ratios commercial[Thermochem],interaction,dynamic_discovery,0.001980363286209444,0.001980363286209444,0.08926844542916176,0.15620857031530253,0.29659072406998066,True,True
114,246,0.31666666666666665,SE.initial indices of Commercial Maturity[Jet],numeric,model_factors,0.0019876891665586843,0.0019876891665586843,0.09125613459572045,0.15819625948186122,0.2989833335540059,True,True
115,245,0.3194444444444444,CHC.PY sensi multiplier[Thermochem]:AHC.Debt Interest Rate as pct[HTL],interaction,dynamic_discovery,0.00199067340595091,0.00199067340595091,0.09324680800167136,0.1601869328878121,0.30137536476129945,True,True
116,244,0.32222222222222224,"AHC.ORNOOC sensi multiplier[HTL]:OHC.Policy Duration[Price,HEFABrownfield]",interaction,dynamic_discovery,0.0020065072737584094,0.0020065072737584094,0.09525331527542977,0.16219344016157053,0.3037643277303848,True,False
117,243,0.325,WW.progress ratios commercial[SludgeToHTL]:SE.Alt Price Sensi multiplier[EtOH],interaction,dynamic_discovery,0.0020376972378712,0.0020376972378712,0.09729101251330097,0.16423113739944173,0.30614724680414607,True,False
118,242,0.3277777777777778,WW.ORNOOC sensi multiplier[SludgeToHTL]:WW.FCI  sensi multiplier[ManureToHTL],interaction,dynamic_discovery,0.0021021672889285775,0.0021021672889285775,0.09939317980222954,0.16633330468837032,0.3085176730696847,True,False
119,241,0.33055555555555555,WW.PY sensi multiplier[ManureToHTL]:WW.ORNOOC sensi multiplier[SludgeToHTL],interaction,dynamic_discovery,0.002115439582290421,0.002115439582290421,0.10150861938451997,0.16844874427066073,0.3108855274710333,True,False
120,240,0.3333333333333333,SE.Mature Industry Rate of Return as PCT[Jet]:SE.initial indices of Commercial Maturity[Jet],interaction,dynamic_discovery,0.0021157458895314646,0.0021157458895314646,0.10362436527405143,0.1705644901601922,0.3132533225171068,True,False
121,239,0.33611111111111114,WW.PY sensi multiplier[ManureToHTL]:CHC.PY sensi multiplier[Brownfield],interaction,dynamic_discovery,0.002135888479593895,0.002135888479593895,0.10576025375364533,0.1727003786397861,0.3156172143940246,True,False
122,238,0.3388888888888889,WW.PY sensi multiplier[ManureToHTL]:AHC.FCI  sensi multiplier[HEFA],interaction,dynamic_discovery,0.0021505950454044076,0.0021505950454044076,0.10791084879904973,0.17485097368519048,0.3179782564778482,True,False
123,237,0.3416666666666667,CHC.FCI  sensi multiplier[Thermochem]:SE.FCI  sensi multiplier[Jet],interaction,dynamic_discovery,0.002227057130351359,0.002227057130351359,0.11013790592940109,0.17707803081554185,0.32032448197400243,True,False
124,236,0.34444444444444444,WW.PY sensi multiplier[SludgeToHTL]:WW.initial indices of Commercial Maturity[SludgeToHTL],interaction,dynamic_discovery,0.002230497459247291,0.002230497459247291,0.11236840338864838,0.17930852827478916,0.32267004081380357,True,False
125,235,0.3472222222222222,"OHC.PY sensi multiplier[HEFA]:SE.Policy Duration[Price,Jet]",interaction,dynamic_discovery,0.0023072663775118435,0.0023072663775118435,0.11467566976616023,0.181615794652301,0.3250007236087187,True,False
126,234,0.35,WW.initial indices of Commercial Maturity[SludgeToHTL],numeric,model_factors,0.0024088508901300987,0.0024088508901300987,0.11708452065629033,0.1840246455424311,0.32731172166919187,True,False
127,233,0.3527777777777778,WW.Mature Industry Rate of Return as PCT[ManureToHTL]:OHC.progress ratios commercial[HEFA],interaction,dynamic_discovery,0.0024124447785425496,0.0024124447785425496,0.11949696543483287,0.18643709032097364,0.32962202331702123,True,False
128,232,0.35555555555555557,SE.ORNOOC sensi multiplier[Jet]:CHC.FCI  sensi multiplier[Brownfield],interaction,dynamic_discovery,0.0024610700919480005,0.0024610700919480005,0.12195803552678088,0.18889816041292162,0.33192290250116113,True,False
129,231,0.35833333333333334,WW.initial indices of Commercial Maturity[ManureToHTL],numeric,model_factors,0.002461332583059639,0.002461332583059639,0.12441936810984051,0.19135949299598126,0.33422373082058077,True,False
130,230,0.3611111111111111,WW.progress ratios commercial[SludgeToHTL]:OHC.Mature Industry Rate of Return as PCT[HEFA],interaction,dynamic_discovery,0.002506091816722303,0.002506091816722303,0.12692545992656282,0.19386558481270358,0.33651588583335384,True,False
131,229,0.3638888888888889,WW.PY sensi multiplier[SludgeToHTL]:AHC.Mature Industry Rate of Return as PCT[HTL],interaction,dynamic_discovery,0.002624091027640496,0.002624091027640496,0.1295495509542033,0.19648967584034407,0.3387851753219302,True,False
132,228,0.36666666666666664,OHC.PY sensi multiplier[HEFA]:CHC.PY sensi multiplier[Biochem],interaction,dynamic_discovery,0.0027232780406905716,0.0027232780406905716,0.1322728289948939,0.19921295388103466,0.34103524465615764,True,False
133,227,0.36944444444444446,AHC.initial indices of Commercial Maturity[HTL]:WW.initial indices of Commercial Maturity[SludgeToHTL],interaction,dynamic_discovery,0.0027416732903446372,0.0027416732903446372,0.13501450228523854,0.2019546271713793,0.34328174941547995,True,False
134,226,0.37222222222222223,AHC.PY sensi multiplier[HTL]:WW.Mature Industry Rate of Return as PCT[SludgeToHTL],interaction,dynamic_discovery,0.002772812248395276,0.002772812248395276,0.1377873145336338,0.20472743941977456,0.345522220163276,True,False
135,225,0.375,WW.Mature Industry Rate of Return as PCT[ManureToHTL]:WW.initial indices of Commercial Maturity[ManureToHTL],interaction,dynamic_discovery,0.002790566438989159,0.002790566438989159,0.14057788097262297,0.20751800585876373,0.34775925055862006,True,False
136,224,0.37777777777777777,CHC.Mature Industry Rate of Return as PCT[Thermochem]:CHC.Mature Industry Rate of Return as PCT[Brownfield],interaction,dynamic_discovery,0.0028052393494329836,0.0028052393494329836,0.14338312032205597,0.21032324520819673,0.34999343768250335,True,False
137,223,0.38055555555555554,WW.initial indices of Commercial Maturity[SludgeToHTL]_log1p,transformation,dynamic_discovery,0.00280876845664238,0.00280876845664238,0.14619188877869835,0.2131320136648391,0.3522269409468451,True,False
138,222,0.38333333333333336,CHC.Mature Industry Rate of Return as PCT[Biochem]:OHC.progress ratios commercial[HEFA],interaction,dynamic_discovery,0.0028312304781377834,0.0028312304781377834,0.14902311925683615,0.2159632441429769,0.3544560915897412,True,False
139,221,0.3861111111111111,CHC.initial indices of Commercial Maturity[Brownfield]:CHC.Mature Industry Rate of Return as PCT[Thermochem],interaction,dynamic_discovery,0.0028671084333028035,0.0028671084333028035,0.15189022769013893,0.2188303525762797,0.3566782899128245,True,False
140,220,0.3888888888888889,AHC.Debt Interest Rate as pct[HTL],numeric,model_factors,0.0030875634292326093,0.0030875634292326093,0.15497779111937154,0.2219179160055123,0.35885776914478434,True,False
141,219,0.39166666666666666,CHC.initial indices of Commercial Maturity[Biochem],numeric,model_factors,0.003103983348548958,0.003103983348548958,0.1580817744679205,0.22502189935406125,0.3610340665752768,True,False
142,218,0.39444444444444443,"AHC.PY sensi multiplier[HTL]:OHC.Policy Duration[Price,HEFABrownfield]",interaction,dynamic_discovery,0.0031152518309890964,0.0031152518309890964,0.16119702629890958,0.22813715118505035,0.36320818043389724,True,False
143,217,0.3972222222222222,AHC.Mature Industry Rate of Return as PCT[HEFA],numeric,model_factors,0.0031261839035965633,0.0031261839035965633,0.16432321020250615,0.2312633350886469,0.36538017590910826,True,False
144,216,0.4,"WW.PY sensi multiplier[ManureToHTL]:WW.Policy Duration[Price,SludgeToHTL]",interaction,dynamic_discovery,0.0031509759015071193,0.0031509759015071193,0.16747418610401327,0.23441431099015403,0.3675473672672096,True,False
145,215,0.4027777777777778,WW.PY sensi multiplier[ManureToHTL]:WW.initial indices of Commercial Maturity[ManureToHTL],interaction,dynamic_discovery,0.003198513180900281,0.003198513180900281,0.17067269928491355,0.2376128241710543,0.3697053469975063,True,False
146,214,0.40555555555555556,WW.PY sensi multiplier[SludgeToHTL]:WW.ORNOOC sensi multiplier[ManureToHTL],interaction,dynamic_discovery,0.0032851597527927684,0.0032851597527927684,0.17395785903770633,0.2408979839238471,0.37184653662157474,True,False
147,213,0.4083333333333333,AHC.initial indices of Commercial Maturity[HTL]_sqrt,transformation,dynamic_discovery,0.0034955573018787406,0.0034955573018787406,0.17745341633958506,0.24439354122572582,0.3739469560556383,True,False
148,212,0.4111111111111111,CHC.initial indices of Commercial Maturity[Brownfield]:CHC.FCI  sensi multiplier[Thermochem],interaction,dynamic_discovery,0.0035040641443492004,0.0035040641443492004,0.18095748048393426,0.24789760537007502,0.37604572705992995,True,False
149,211,0.41388888888888886,CHC.initial indices of Commercial Maturity[Biochem]:CHC.PY sensi multiplier[Biochem],interaction,dynamic_discovery,0.0035986786507196805,0.0035986786507196805,0.18455615913465395,0.2514962840207947,0.3781261639561547,True,False
150,210,0.4166666666666667,WW.Mature Industry Rate of Return as PCT[ManureToHTL]_sq,transformation,dynamic_discovery,0.0036174958279208413,0.0036174958279208413,0.1881736549625748,0.2551137798487155,0.3802029545176519,True,False
151,209,0.41944444444444445,CHC.Mature Industry Rate of Return as PCT[Biochem]_inv,transformation,dynamic_discovery,0.003696062595466676,0.003696062595466676,0.19186971755804147,0.25880984244418226,0.3822645206525584,True,False
152,208,0.4222222222222222,WW.PY sensi multiplier[SludgeToHTL]:AHC.FCI  sensi multiplier[HTL],interaction,dynamic_discovery,0.0037062937669601337,0.0037062937669601337,0.1955760113250016,0.26251613621114234,0.3843241042225179,True,False
153,207,0.425,CHC.initial indices of Commercial Maturity[Biochem]:CHC.FCI  sensi multiplier[Biochem],interaction,dynamic_discovery,0.0037425511334445993,0.0037425511334445993,0.1993185624584462,0.26625868734458696,0.38637666195150594,True,False
154,206,0.42777777777777776,"CHC.FCI  sensi multiplier[Brownfield]:OHC.Policy Duration[Price,HEFA]",interaction,dynamic_discovery,0.0037441307381043953,0.0037441307381043953,0.2030626931965506,0.27000281808269133,0.388428913589561,True,False
155,205,0.4305555555555556,WW.PY sensi multiplier[SludgeToHTL]:CHC.initial indices of Commercial Maturity[Thermochem],interaction,dynamic_discovery,0.0037868684014384923,0.0037868684014384923,0.2068495615979891,0.2737896864841298,0.39047288365465066,True,False
156,204,0.43333333333333335,WW.PY sensi multiplier[ManureToHTL]:CHC.FCI  sensi multiplier[Thermochem],interaction,dynamic_discovery,0.003868297766649889,0.003868297766649889,0.210717859364639,0.27765798425077975,0.39250107458777767,True,False
157,203,0.4361111111111111,CHC.FCI  sensi multiplier[Thermochem]:CHC.Debt Interest Rate as pct[Thermochem],interaction,dynamic_discovery,0.0038833299169175606,0.0038833299169175606,0.21460118928155655,0.28154131416769734,0.3945263526370557,True,False
158,202,0.4388888888888889,WW.Mature Industry Rate of Return as PCT[ManureToHTL]:OHC.progress ratios commercial[HEFABrownfield],interaction,dynamic_discovery,0.0039509130062458375,0.0039509130062458375,0.2185521022878024,0.2854922271739432,0.3965385346431289,True,False
159,201,0.44166666666666665,OHC.ORNOOC sensi multiplier[HEFA]:AHC.ORNOOC sensi multiplier[HTL],interaction,dynamic_discovery,0.003957536514062762,0.003957536514062762,0.22250963880186514,0.2894497636880059,0.39854943316622726,True,False
160,200,0.4444444444444444,WW.PY sensi multiplier[SludgeToHTL]:AHC.initial indices of Commercial Maturity[HTL],interaction,dynamic_discovery,0.004120231110550848,0.004120231110550848,0.226629869912416,0.2935699947985567,0.4005288052307694,True,False
161,199,0.44722222222222224,OHC.PY sensi multiplier[HEFA]:WW.PY sensi multiplier[ManureToHTL],interaction,dynamic_discovery,0.004125557611254271,0.004125557611254271,0.23075542752367026,0.29769555240981105,0.4025071451423865,True,False
162,198,0.45,SE.Alt Price Sensi multiplier[EtOH],numeric,model_factors,0.004225961265225314,0.004225961265225314,0.23498138878889557,0.30192151367503633,0.40446602914271856,True,False
163,197,0.4527777777777778,OHC.progress ratios commercial[HEFA]:WW.Debt Interest Rate as pct[SludgeToHTL],interaction,dynamic_discovery,0.004499012206828912,0.004499012206828912,0.23948040099572449,0.30642052588186525,0.40637200217132813,True,False
164,196,0.45555555555555555,CHC.Debt Interest Rate as pct[Biochem],numeric,model_factors,0.004501908361970813,0.004501908361970813,0.2439823093576953,0.31092243424383603,0.4082774139919011,True,False
165,195,0.4583333333333333,CHC.PY sensi multiplier[Thermochem]:WW.PY sensi multiplier[ManureToHTL],interaction,dynamic_discovery,0.004599942560285716,0.004599942560285716,0.248582251917981,0.31552237680412176,0.4101638290470192,True,False
166,194,0.46111111111111114,WW.PY sensi multiplier[ManureToHTL]:OHC.ORNOOC sensi multiplier[HEFABrownfield],interaction,dynamic_discovery,0.0046010967365603395,0.0046010967365603395,0.25318334865454134,0.3201234735406821,0.41205002044940847,True,False
167,193,0.4638888888888889,WW.Mature Industry Rate of Return as PCT[ManureToHTL]:WW.ORNOOC sensi multiplier[ManureToHTL],interaction,dynamic_discovery,0.004704916627739725,0.004704916627739725,0.25788826528228104,0.3248283901684218,0.4139160939525728,True,False
168,192,0.4666666666666667,OHC.Mature Industry Rate of Return as PCT[HEFABrownfield],numeric,model_factors,0.004736196127972769,0.004736196127972769,0.2626244614102538,0.32956458629639457,0.41577610621037897,True,False
169,191,0.46944444444444444,"CHC.progress ratios commercial[Thermochem]:SE.Policy Duration[Price,Jet]",interaction,dynamic_discovery,0.004764259500078,0.004764259500078,0.26738872091033183,0.3343288457964726,0.4176306804342448,True,False
170,190,0.4722222222222222,OHC.Retirement Frac[TransEster]:OHC.progress ratios commercial[HEFA],interaction,dynamic_discovery,0.004776055889540942,0.004776055889540942,0.2721647767998728,0.33910490168601354,0.4194829687900391,True,False
171,189,0.475,AHC.Mature Industry Rate of Return as PCT[HTL]:AHC.FCI  sensi multiplier[HTL],interaction,dynamic_discovery,0.004843154241017375,0.004843154241017375,0.27700793104089017,0.3439480559270309,0.4213222550336387,True,False
172,188,0.4777777777777778,WW.PY sensi multiplier[SludgeToHTL]:WW.PY sensi multiplier[ManureToHTL],interaction,dynamic_discovery,0.004847444368185544,0.004847444368185544,0.2818553754090757,0.34879550029521644,0.4231607099495896,True,False
173,187,0.48055555555555557,"WW.Policy Duration[Price,SludgeToHTL]",numeric,model_factors,0.00488677102240917,0.00488677102240917,0.2867421464314849,0.35368227131762564,0.42499154426743024,True,False
174,186,0.48333333333333334,CHC.Mature Industry Rate of Return as PCT[Brownfield]:CHC.progress ratios commercial[Thermochem],interaction,dynamic_discovery,0.004926702919265488,0.004926702919265488,0.2916688493507504,0.35860897423689114,0.4268146407051047,True,False
175,185,0.4861111111111111,CHC.Mature Industry Rate of Return as PCT[Thermochem]:WW.Mature Industry Rate of Return as PCT[SludgeToHTL],interaction,dynamic_discovery,0.004936781470623819,0.004936781470623819,0.2966056308213742,0.36354575570751496,0.4286357841520925,True,False
176,184,0.4888888888888889,"WW.PY sensi multiplier[ManureToHTL]:WW.Policy Duration[Price,ManureToHTL]",interaction,dynamic_discovery,0.004982786827423938,0.004982786827423938,0.3015884176487981,0.3685285425349389,0.43044801282252465,True,False
177,183,0.49166666666666664,WW.ORNOOC sensi multiplier[SludgeToHTL]:AHC.ORNOOC sensi multiplier[HTL],interaction,dynamic_discovery,0.005000181822072042,0.005000181822072042,0.30658859947087014,0.3735287243570109,0.4322568707443904,True,False
178,182,0.49444444444444446,CHC.Mature Industry Rate of Return as PCT[Biochem]:CHC.initial indices of Commercial Maturity[Biochem],interaction,dynamic_discovery,0.005114614603350345,0.005114614603350345,0.31170321407422047,0.37864333896036123,0.43404355423382696,True,False
179,181,0.49722222222222223,WW.progress ratios commercial[SludgeToHTL]:WW.initial indices of Commercial Maturity[SludgeToHTL],interaction,dynamic_discovery,0.0051383071705247835,0.0051383071705247835,0.31684152124474524,0.383781646130886,0.43582564665046053,True,False
180,180,0.5,CHC.Debt Interest Rate as pct[Thermochem],numeric,model_factors,0.005179994870496418,0.005179994870496418,0.32202151611524166,0.3889616410013824,0.4375996609528,True,False
181,179,0.5027777777777778,"OHC.progress ratios commercial[HEFA]:CHC.Policy Duration[Price,Thermochem]",interaction,dynamic_discovery,0.0051952410195630905,0.0051952410195630905,0.32721675713480475,0.3941568820209455,0.4393707209032614,True,False
182,178,0.5055555555555555,"OHC.progress ratios commercial[HEFA]:OHC.Policy Duration[Price,TransEster]",interaction,dynamic_discovery,0.005358908722226691,0.005358908722226691,0.33257566585703147,0.3995157907431722,0.4411100658296446,True,False
183,177,0.5083333333333333,AHC.PY sensi multiplier[HTL]:AHC.Mature Industry Rate of Return as PCT[HTL],interaction,dynamic_discovery,0.005363167057143972,0.005363167057143972,0.3379388329141754,0.4048789578003162,0.4428485855889837,True,False
184,176,0.5111111111111111,OHC.PY sensi multiplier[HEFA]:CHC.initial indices of Commercial Maturity[Thermochem],interaction,dynamic_discovery,0.00546432170735596,0.00546432170735596,0.34340315462153137,0.41034327950767213,0.4445675039112959,True,False
185,175,0.5138888888888888,SE.Mature Industry Rate of Return as PCT[Jet]:SE.FCI  sensi multiplier[Jet],interaction,dynamic_discovery,0.005468905586507575,0.005468905586507575,0.34887206020803896,0.4158121850941797,0.4462855339836033,True,False
186,174,0.5166666666666667,"WW.Policy Duration[Price,ManureToHTL]",numeric,model_factors,0.005509307125840857,0.005509307125840857,0.3543813673338798,0.4213214922200206,0.4479957351698699,True,False
187,173,0.5194444444444445,WW.PY sensi multiplier[ManureToHTL]:OHC.ORNOOC sensi multiplier[HEFA],interaction,dynamic_discovery,0.00577184779831999,0.00577184779831999,0.3601532151321998,0.42709334001834054,0.4496550620320414,True,False
188,172,0.5222222222222223,OHC.PY sensi multiplier[HEFA]:OHC.Debt Interest Rate as pct[HEFA],interaction,dynamic_discovery,0.006029288720318396,0.006029288720318396,0.36618250385251816,0.4331226287386589,0.4512645027840824,True,False
189,171,0.525,CHC.FCI  sensi multiplier[Thermochem]:OHC.progress ratios commercial[HEFABrownfield],interaction,dynamic_discovery,0.006148378063165802,0.006148378063165802,0.372330881915684,0.43927100680182474,0.452850866769514,True,False
190,170,0.5277777777777778,OHC.Mature Industry Rate of Return as PCT[HEFA]:OHC.progress ratios commercial[HEFA],interaction,dynamic_discovery,0.006191812463960236,0.006191812463960236,0.3785226943796442,0.44546281926578496,0.454428814170338,True,False
191,169,0.5305555555555556,WW.PY sensi multiplier[ManureToHTL]:SE.progress ratios commercial[Jet],interaction,dynamic_discovery,0.0062625493191044435,0.0062625493191044435,0.38478524369874867,0.45172536858488943,0.4559930544009163,True,False
192,168,0.5333333333333333,CHC.FCI  sensi multiplier[Thermochem]:CHC.ORNOOC sensi multiplier[Thermochem],interaction,dynamic_discovery,0.0062795816460016335,0.0062795816460016335,0.3910648253447503,0.45800495023089105,0.45755399415956977,True,False
193,167,0.5361111111111111,SE.PY sensi multiplier[Jet]:SE.Mature Industry Rate of Return as PCT[Jet],interaction,dynamic_discovery,0.006298639041444384,0.006298639041444384,0.3973634643861947,0.46430358927233545,0.4591112410347435,True,False
194,166,0.5388888888888889,WW.Mature Industry Rate of Return as PCT[ManureToHTL]:WW.progress ratios commercial[ManureToHTL],interaction,dynamic_discovery,0.006413389175891862,0.006413389175891862,0.40377685356208654,0.4707169784482273,0.4606462519817668,True,False
195,165,0.5416666666666666,"OHC.progress ratios commercial[HEFA]:OHC.Policy Duration[Price,HEFABrownfield]",interaction,dynamic_discovery,0.0064189740981105,0.0064189740981105,0.410195827660197,0.4771359525463378,0.46218018069973843,True,False
196,164,0.5444444444444444,"CHC.PY sensi multiplier[Thermochem]:CHC.Policy Duration[Price,Thermochem]",interaction,dynamic_discovery,0.006513939970053659,0.006513939970053659,0.4167097676302507,0.48364989251639146,0.4636957072231031,True,False
197,163,0.5472222222222223,AHC.PY sensi multiplier[HTL]:AHC.FCI  sensi multiplier[HTL],interaction,dynamic_discovery,0.006646670459512824,0.006646670459512824,0.42335643808976353,0.4902965629759043,0.46518551364042016,True,False
198,162,0.55,WW.Debt Interest Rate as pct[SludgeToHTL],numeric,model_factors,0.007147187196709134,0.007147187196709134,0.4305036252864727,0.49744375017261344,0.4665783314636934,True,False
199,161,0.5527777777777778,SE.PY sensi multiplier[Jet]:WW.progress ratios commercial[ManureToHTL],interaction,dynamic_discovery,0.007253595115573511,0.007253595115573511,0.4377572204020462,0.5046973452881869,0.46795052988769614,True,False
200,160,0.5555555555555556,OHC.Debt Interest Rate as pct[HEFA],numeric,model_factors,0.007264595009072727,0.007264595009072727,0.4450218154111189,0.5119619402972597,0.4693205967861658,True,False
201,159,0.5583333333333333,OHC.PY sensi multiplier[HEFA]:WW.ORNOOC sensi multiplier[SludgeToHTL],interaction,dynamic_discovery,0.007568271125316495,0.007568271125316495,0.4525900865364354,0.5195302114225762,0.4706318182607558,True,False
202,158,0.5611111111111111,OHC.Retirement Frac[TransEster]_sq,transformation,dynamic_discovery,0.007777105560077921,0.007777105560077921,0.46036719209651333,0.5273073169826541,0.47190257244082756,True,False
203,157,0.5638888888888889,WW.FCI  sensi multiplier[ManureToHTL]:OHC.progress ratios commercial[HEFA],interaction,dynamic_discovery,0.008255526928196186,0.008255526928196186,0.46862271902470953,0.5355628439108503,0.4730806195995234,True,False
204,156,0.5666666666666667,SE.Max Jet Investment Hit Rate:SE.progress ratios commercial[Jet],interaction,dynamic_discovery,0.008442327726418439,0.008442327726418439,0.477065046751128,0.5440051716372687,0.4742224690740273,True,False
205,155,0.5694444444444444,"OHC.PY sensi multiplier[HEFABrownfield]:OHC.Policy Duration[Price,HEFABrownfield]",interaction,dynamic_discovery,0.008564773093181988,0.008564773093181988,0.48562981984431,0.5525699447304507,0.4753405914619285,True,False
206,154,0.5722222222222222,"OHC.Policy Duration[Price,TransEster]",numeric,model_factors,0.008828885933257632,0.008828885933257632,0.4944587057775676,0.5613988306637083,0.47640753487593296,True,False
207,153,0.575,CHC.PY sensi multiplier[Thermochem]:CHC.Debt Interest Rate as pct[Thermochem],interaction,dynamic_discovery,0.008966483411497972,0.008966483411497972,0.5034251891890655,0.5703653140752063,0.4774478150737716,True,False
208,152,0.5777777777777777,"SE.Policy Duration[Price,Jet]",numeric,model_factors,0.009012614722946649,0.009012614722946649,0.5124378039120122,0.579377928798153,0.47847915608795,True,False
209,151,0.5805555555555556,CHC.FCI  sensi multiplier[Brownfield]:OHC.progress ratios commercial[HEFA],interaction,dynamic_discovery,0.00919156053959197,0.00919156053959197,0.5216293644516041,0.5885694893377449,0.4794758215321093,True,False
210,150,0.5833333333333334,SE.FCI  sensi multiplier[Jet],numeric,model_factors,0.009297775699101937,0.009297775699101937,0.5309271401507061,0.5978672650368468,0.480451904929313,True,False
211,149,0.5861111111111111,OHC.progress ratios commercial[HEFA]:OHC.ORNOOC sensi multiplier[HEFABrownfield],interaction,dynamic_discovery,0.009304677197403216,0.009304677197403216,0.5402318173481093,0.6071719422342501,0.4814266509754007,True,False
212,148,0.5888888888888889,"WW.progress ratios commercial[SludgeToHTL]:CHC.Policy Duration[Price,Thermochem]",interaction,dynamic_discovery,0.00986315742957182,0.00986315742957182,0.5500949747776811,0.6170350996638219,0.4822931764396501,True,False
213,147,0.5916666666666667,AHC.PY sensi multiplier[HTL]:WW.PY sensi multiplier[SludgeToHTL],interaction,dynamic_discovery,0.009871633666244967,0.009871633666244967,0.5599666084439261,0.6269067333300669,0.4831580594048247,True,False
214,146,0.5944444444444444,SE.Mature Industry Rate of Return as PCT[Jet],numeric,model_factors,0.009907460153580572,0.009907460153580572,0.5698740685975067,0.6368141934836474,0.48401600002346434,True,False
215,145,0.5972222222222222,WW.PY sensi multiplier[ManureToHTL]:OHC.progress ratios commercial[HEFA],interaction,dynamic_discovery,0.010037028916200175,0.010037028916200175,0.5799110975137068,0.6468512223998476,0.48484883320575956,True,False
216,144,0.6,WW.progress ratios commercial[SludgeToHTL]:AHC.initial indices of Commercial Maturity[HTL],interaction,dynamic_discovery,0.010142904153434634,0.010142904153434634,0.5900540016671415,0.6569941265532823,0.48566115021019235,True,False
217,143,0.6027777777777777,WW.Mature Industry Rate of Return as PCT[SludgeToHTL]:WW.ORNOOC sensi multiplier[SludgeToHTL],interaction,dynamic_discovery,0.01026828447305593,0.01026828447305593,0.6003222861401974,0.6672624110263382,0.4864491714018838,True,False
218,142,0.6055555555555555,OHC.PY sensi multiplier[HEFA]:WW.Mature Industry Rate of Return as PCT[SludgeToHTL],interaction,dynamic_discovery,0.010347028542863776,0.010347028542863776,0.6106693146830612,0.6776094395692019,0.48722193380989764,True,False
219,141,0.6083333333333333,SE.PY sensi multiplier[Jet]:SE.ORNOOC sensi multiplier[Jet],interaction,dynamic_discovery,0.010735571877043368,0.010735571877043368,0.6214048865601045,0.6883450114462453,0.4879194054855411,True,False
220,140,0.6111111111111112,CHC.PY sensi multiplier[Brownfield]:OHC.progress ratios commercial[HEFA],interaction,dynamic_discovery,0.010871426479718435,0.010871426479718435,0.6322763130398229,0.6992164379259637,0.4885905516740857,True,False
221,139,0.6138888888888889,CHC.initial indices of Commercial Maturity[Brownfield]:CHC.PY sensi multiplier[Thermochem],interaction,dynamic_discovery,0.010925844423733691,0.010925844423733691,0.6432021574635566,0.7101422823496973,0.4892511529207961,True,False
222,138,0.6166666666666667,WW.Mature Industry Rate of Return as PCT[ManureToHTL]:WW.FCI  sensi multiplier[ManureToHTL],interaction,dynamic_discovery,0.01099992435456748,0.01099992435456748,0.654202081818124,0.7211422067042648,0.489897399186335,True,False
223,137,0.6194444444444445,CHC.FCI  sensi multiplier[Thermochem]:CHC.progress ratios commercial[Brownfield],interaction,dynamic_discovery,0.011005935487270108,0.011005935487270108,0.6652080173053941,0.7321481421915349,0.4905424806330655,True,False
224,136,0.6222222222222222,CHC.PY sensi multiplier[Thermochem]:CHC.Mature Industry Rate of Return as PCT[Brownfield],interaction,dynamic_discovery,0.011016551087112567,0.011016551087112567,0.6762245683925067,0.7431646932786474,0.4911855050215057,True,False
225,135,0.625,AHC.FCI  sensi multiplier[HEFA],numeric,model_factors,0.011118332575123291,0.011118332575123291,0.68734290096763,0.7542830258537707,0.4918088065062183,True,False
226,134,0.6277777777777778,WW.progress ratios commercial[SludgeToHTL]:AHC.Mature Industry Rate of Return as PCT[HTL],interaction,dynamic_discovery,0.011334005211874595,0.011334005211874595,0.6986769061795045,0.7656170310656453,0.49239031561066116,True,False
227,133,0.6305555555555555,AHC.initial indices of Commercial Maturity[HTL],numeric,model_factors,0.011466175883283011,0.011466175883283011,0.7101430820627875,0.7770832069489283,0.49294621308887643,True,False
228,132,0.6333333333333333,AHC.Mature Industry Rate of Return as PCT[HTL],numeric,model_factors,0.011874324153134955,0.011874324153134955,0.7220174062159225,0.7889575311020632,0.4934230208505799,True,False
229,131,0.6361111111111111,CHC.initial indices of Commercial Maturity[Thermochem]:CHC.FCI  sensi multiplier[Thermochem],interaction,dynamic_discovery,0.011894454842488494,0.011894454842488494,0.733911861058411,0.8008519859445518,0.4938959277492103,True,False
230,130,0.6388888888888888,WW.PY sensi multiplier[ManureToHTL]:WW.FCI  sensi multiplier[ManureToHTL],interaction,dynamic_discovery,0.011956629945694297,0.011956629945694297,0.7458684910041053,0.8128086158902461,0.494356786547555,True,False
231,129,0.6416666666666667,CHC.PY sensi multiplier[Biochem]_inv,transformation,dynamic_discovery,0.01197160792948146,0.01197160792948146,0.7578400989335868,0.8247802238197276,0.4948147429582648,True,False
232,128,0.6444444444444445,CHC.PY sensi multiplier[Thermochem]:CHC.ORNOOC sensi multiplier[Thermochem],interaction,dynamic_discovery,0.012304673780718506,0.012304673780718506,0.7701447727143054,0.8370848976004461,0.49520815889263314,True,False
233,127,0.6472222222222223,"OHC.PY sensi multiplier[HEFA]:OHC.Policy Duration[Price,HEFA]",interaction,dynamic_discovery,0.0123128576673803,0.0123128576673803,0.7824576303816857,0.8493977552678265,0.4955999889786129,True,False
234,126,0.65,OHC.PY sensi multiplier[HEFABrownfield]:SE.Max Jet Investment Hit Rate,interaction,dynamic_discovery,0.012344193753674765,0.012344193753674765,0.7948018241353605,0.8617419490215013,0.49598574685416164,True,False
235,125,0.6527777777777778,WW.PY sensi multiplier[ManureToHTL]:WW.ORNOOC sensi multiplier[ManureToHTL],interaction,dynamic_discovery,0.012471778598701536,0.012471778598701536,0.807273602734062,0.8742137276202028,0.4963467817308157,True,False
236,124,0.6555555555555556,CHC.Mature Industry Rate of Return as PCT[Brownfield]:CHC.FCI  sensi multiplier[Brownfield],interaction,dynamic_discovery,0.013287401311745523,0.013287401311745523,0.8205610040458076,0.8875011289319483,0.4965497677465039,True,False
237,123,0.6583333333333333,"OHC.Policy Duration[Price,HEFA]",numeric,model_factors,0.013762748497553184,0.013762748497553184,0.8343237525433608,0.9012638774295015,0.4966606424464099,True,False
238,122,0.6611111111111111,CHC.ORNOOC sensi multiplier[Thermochem],numeric,model_factors,0.013837030470397346,0.013837030470397346,0.8481607830137581,0.9151009078998988,0.49675712301406516,True,False
239,121,0.6638888888888889,CHC.PY sensi multiplier[Biochem]:CHC.FCI  sensi multiplier[Biochem],interaction,dynamic_discovery,0.013928672680361215,0.013928672680361215,0.8620894556941193,0.9290295805802601,0.49683584543611015,True,False
240,120,0.6666666666666666,OHC.Retirement Frac[TransEster]:OHC.PY sensi multiplier[HEFA],interaction,dynamic_discovery,0.013987064959664203,0.013987064959664203,0.8760765206537835,0.9430166455399243,0.49690325278185166,True,False
241,119,0.6694444444444444,SE.progress ratios commercial[Jet],numeric,model_factors,0.014069397591519886,0.014069397591519886,0.8901459182453034,0.9570860431314442,0.496954705963398,True,False
242,118,0.6722222222222223,CHC.initial indices of Commercial Maturity[Thermochem]:CHC.progress ratios commercial[Thermochem],interaction,dynamic_discovery,0.01408550556836366,0.01408550556836366,0.9042314238136671,0.9711715486998078,0.4970030377907303,True,False
243,117,0.675,CHC.Mature Industry Rate of Return as PCT[Brownfield]:CHC.progress ratios commercial[Brownfield],interaction,dynamic_discovery,0.01408752719156657,0.01408752719156657,0.9183189510052336,0.9852590758913744,0.49705097787413544,True,False
244,116,0.6777777777777778,WW.PY sensi multiplier[SludgeToHTL]:CHC.FCI  sensi multiplier[Thermochem],interaction,dynamic_discovery,0.014230448050008004,0.014230448050008004,0.9325493990552416,0.9994895239413824,0.4970712231931309,True,False
245,115,0.6805555555555556,SE.Max Jet Investment Hit Rate:CHC.PY sensi multiplier[Thermochem],interaction,dynamic_discovery,0.014362879578605353,0.014362879578605353,0.946912278633847,1.0138524035199876,0.49706580633779496,False,False
246,114,0.6833333333333333,CHC.Mature Industry Rate of Return as PCT[Biochem]:CHC.FCI  sensi multiplier[Biochem],interaction,dynamic_discovery,0.014378590808650255,0.014378590808650255,0.9612908694424972,1.0282309943286378,0.4970573450086193,False,False
247,113,0.6861111111111111,CHC.Mature Industry Rate of Return as PCT[Biochem]:CHC.PY sensi multiplier[Biochem],interaction,dynamic_discovery,0.01439759131151036,0.01439759131151036,0.9756884607540075,1.0426285856401483,0.49704520182043355,False,False
248,112,0.6888888888888889,CHC.Mature Industry Rate of Return as PCT[Thermochem]:CHC.initial indices of Commercial Maturity[Thermochem],interaction,dynamic_discovery,0.014474593706421165,0.014474593706421165,0.9901630544604286,1.0571031793465693,0.49701813734497535,False,False
249,111,0.6916666666666667,WW.PY sensi multiplier[SludgeToHTL]:CHC.Mature Industry Rate of Return as PCT[Thermochem],interaction,dynamic_discovery,0.014507169683432061,0.014507169683432061,1.0046702241438608,1.0716103490300015,0.4969847603968761,False,False
250,110,0.6944444444444444,OHC.PY sensi multiplier[HEFA]:SE.Max Jet Investment Hit Rate,interaction,dynamic_discovery,0.014553690064515526,0.014553690064515526,1.0192239142083763,1.086164039094517,0.49694236887239945,False,False
251,109,0.6972222222222222,CHC.FCI  sensi multiplier[Biochem],numeric,model_factors,0.01463657225758408,0.01463657225758408,1.0338604864659604,1.1008006113521012,0.49688391669144605,False,False
252,108,0.7,WW.ORNOOC sensi multiplier[ManureToHTL]:WW.progress ratios commercial[ManureToHTL],interaction,dynamic_discovery,0.015158572783299323,0.015158572783299323,1.0490190592492596,1.1159591841354004,0.496724312853981,False,False
253,107,0.7027777777777777,OHC.ORNOOC sensi multiplier[HEFABrownfield],numeric,model_factors,0.015727361350216004,0.015727361350216004,1.0647464205994757,1.1316865454856164,0.4964544909172723,False,False
254,106,0.7055555555555556,CHC.Mature Industry Rate of Return as PCT[Thermochem]:WW.progress ratios commercial[SludgeToHTL],interaction,dynamic_discovery,0.01618230453995348,0.01618230453995348,1.080928725139429,1.1478688500255698,0.4960965114883896,False,False
255,105,0.7083333333333334,OHC.progress ratios commercial[HEFA]:AHC.ORNOOC sensi multiplier[HTL],interaction,dynamic_discovery,0.016335505497424352,0.016335505497424352,1.0972642306368534,1.1642043555229942,0.49570884524912256,False,False
256,104,0.7111111111111111,CHC.PY sensi multiplier[Brownfield]_inv,transformation,dynamic_discovery,0.016366948916459165,0.016366948916459165,1.1136311795533125,1.1805713044394532,0.4953150860008162,False,False
257,103,0.7138888888888889,WW.PY sensi multiplier[ManureToHTL]:WW.Mature Industry Rate of Return as PCT[ManureToHTL],interaction,dynamic_discovery,0.01672850026227514,0.01672850026227514,1.1303596798155877,1.1972998047017285,0.4948512664446333,False,False
258,102,0.7166666666666667,CHC.PY sensi multiplier[Thermochem]:OHC.progress ratios commercial[HEFA],interaction,dynamic_discovery,0.016771941189663173,0.016771941189663173,1.147131621005251,1.2140717458913917,0.49437902903913944,False,False
259,101,0.7194444444444444,"CHC.Policy Duration[Price,Thermochem]",numeric,model_factors,0.01683217316501706,0.01683217316501706,1.163963794170268,1.2309039190564088,0.493895120066699,False,False
260,100,0.7222222222222222,CHC.initial indices of Commercial Maturity[Brownfield]:CHC.FCI  sensi multiplier[Brownfield],interaction,dynamic_discovery,0.017036937555629184,0.017036937555629184,1.1810007317258973,1.247940856612038,0.49337153248037857,False,False
261,99,0.725,CHC.PY sensi multiplier[Thermochem]:WW.Mature Industry Rate of Return as PCT[SludgeToHTL],interaction,dynamic_discovery,0.01719004194744371,0.01719004194744371,1.198190773673341,1.2651308985594818,0.4928182767958699,False,False
262,98,0.7277777777777777,WW.PY sensi multiplier[ManureToHTL]:WW.progress ratios commercial[ManureToHTL],interaction,dynamic_discovery,0.017562931970685702,0.017562931970685702,1.2157537056440266,1.2826938305301674,0.4921927636294442,False,False
263,97,0.7305555555555555,CHC.initial indices of Commercial Maturity[Brownfield]:CHC.progress ratios commercial[Brownfield],interaction,dynamic_discovery,0.018230806778990652,0.018230806778990652,1.2339845124230173,1.300924637309158,0.49143783173664857,False,False
264,96,0.7333333333333333,CHC.PY sensi multiplier[Thermochem]:CHC.PY sensi multiplier[Brownfield],interaction,dynamic_discovery,0.018383900815315574,0.018383900815315574,1.2523684132383328,1.3193085381244736,0.4906532337523197,False,False
265,95,0.7361111111111112,SE.Max Jet Investment Hit Rate:WW.progress ratios commercial[SludgeToHTL],interaction,dynamic_discovery,0.018593313989865953,0.018593313989865953,1.2709617272281988,1.3379018521143395,0.48982805632705617,False,False
266,94,0.7388888888888889,SE.Max Jet Investment Hit Rate:SE.PY sensi multiplier[Jet],interaction,dynamic_discovery,0.01911271596009821,0.01911271596009821,1.290074443188297,1.3570145680744377,0.4889022307853708,False,False
267,93,0.7416666666666667,OHC.PY sensi multiplier[HEFA]:CHC.Mature Industry Rate of Return as PCT[Thermochem],interaction,dynamic_discovery,0.019586074122347336,0.019586074122347336,1.3096605173106441,1.376600642196785,0.4878846793547715,False,False
268,92,0.7444444444444445,WW.PY sensi multiplier[ManureToHTL]:CHC.progress ratios commercial[Thermochem],interaction,dynamic_discovery,0.019588374167980538,0.019588374167980538,1.3292488914786247,1.3961890163647654,0.4868666822284029,False,False
269,91,0.7472222222222222,SE.PY sensi multiplier[Jet]_inv,transformation,dynamic_discovery,0.019802419621297265,0.019802419621297265,1.349051311099922,1.4159914359860628,0.4858072080323664,False,False
270,90,0.75,"OHC.Policy Duration[Price,HEFABrownfield]",numeric,model_factors,0.02043382314896025,0.02043382314896025,1.3694851342488823,1.436425259135023,0.484625382402559,False,False
271,89,0.7527777777777778,OHC.PY sensi multiplier[HEFA]:CHC.FCI  sensi multiplier[Thermochem],interaction,dynamic_discovery,0.02058757251279643,0.02058757251279643,1.3900727067616787,1.4570128316478195,0.48341376369386857,False,False
272,88,0.7555555555555555,OHC.Retirement Frac[TransEster]:OHC.PY sensi multiplier[HEFABrownfield],interaction,dynamic_discovery,0.020639454095551568,0.020639454095551568,1.4107121608572304,1.4776522857433712,0.4821920915316285,False,False
273,87,0.7583333333333333,SE.ORNOOC sensi multiplier[Jet],numeric,model_factors,0.020978517319854492,0.020978517319854492,1.4316906781770848,1.4986308030632256,0.4809047167405388,False,False
274,86,0.7611111111111111,WW.FCI  sensi multiplier[ManureToHTL],numeric,model_factors,0.02178840564586447,0.02178840564586447,1.4534790838229492,1.52041920870909,0.47946040428036707,False,False
275,85,0.7638888888888888,AHC.ORNOOC sensi multiplier[HTL],numeric,model_factors,0.021837468852523453,0.021837468852523453,1.4753165526754726,1.5422566775616133,0.478006584502898,False,False
276,84,0.7666666666666667,CHC.FCI  sensi multiplier[Brownfield]:CHC.progress ratios commercial[Brownfield],interaction,dynamic_discovery,0.022301809945492426,0.022301809945492426,1.497618362620965,1.5645584875071057,0.4764627861364691,False,False
277,83,0.7694444444444445,WW.Mature Industry Rate of Return as PCT[SludgeToHTL]:WW.FCI  sensi multiplier[SludgeToHTL],interaction,dynamic_discovery,0.023321238080878645,0.023321238080878645,1.5209396007018436,1.5878797255879844,0.47472144612111616,False,False
278,82,0.7722222222222223,WW.ORNOOC sensi multiplier[ManureToHTL],numeric,model_factors,0.023610402671179587,0.023610402671179587,1.5445500033730233,1.611490128259164,0.4729240726807521,False,False
279,81,0.775,OHC.PY sensi multiplier[HEFA]:WW.PY sensi multiplier[SludgeToHTL],interaction,dynamic_discovery,0.023772858293360344,0.023772858293360344,1.5683228616663836,1.6352629865525243,0.4710952190895382,False,False
280,80,0.7777777777777778,CHC.PY sensi multiplier[Brownfield]:CHC.FCI  sensi multiplier[Brownfield],interaction,dynamic_discovery,0.02423787486580889,0.02423787486580889,1.5925607365321925,1.6595008614183333,0.46917625601702817,False,False
281,79,0.7805555555555556,CHC.initial indices of Commercial Maturity[Brownfield]:CHC.Mature Industry Rate of Return as PCT[Brownfield],interaction,dynamic_discovery,0.025102561804152004,0.025102561804152004,1.6176632983363446,1.6846034232224854,0.4670897365688659,False,False
282,78,0.7833333333333333,AHC.PY sensi multiplier[HTL]:WW.progress ratios commercial[SludgeToHTL],interaction,dynamic_discovery,0.025620812393901127,0.025620812393901127,1.6432841107302458,1.7102242356163866,0.4649027921152509,False,False
283,77,0.7861111111111111,WW.Mature Industry Rate of Return as PCT[ManureToHTL],numeric,model_factors,0.02596970602655603,0.02596970602655603,1.6692538167568018,1.7361939416429426,0.4626482401264882,False,False
284,76,0.7888888888888889,CHC.Mature Industry Rate of Return as PCT[Biochem],numeric,model_factors,0.02669984963951416,0.02669984963951416,1.695953666396316,1.7628937912824567,0.46025220315389165,False,False
285,75,0.7916666666666666,OHC.PY sensi multiplier[HEFA]:OHC.Mature Industry Rate of Return as PCT[HEFA],interaction,dynamic_discovery,0.02767556477218576,0.02767556477218576,1.7236292311685018,1.7905693560546425,0.45766709510360226,False,False
286,74,0.7944444444444444,WW.progress ratios commercial[SludgeToHTL]:AHC.FCI  sensi multiplier[HTL],interaction,dynamic_discovery,0.028584934732490033,0.028584934732490033,1.7522141659009918,1.8191542907871325,0.45490577213908323,False,False
287,73,0.7972222222222223,CHC.Mature Industry Rate of Return as PCT[Thermochem]:CHC.FCI  sensi multiplier[Thermochem],interaction,dynamic_discovery,0.029066834964287566,0.029066834964287566,1.7812810008652793,1.84822112575142,0.4520510680296836,False,False
288,72,0.8,OHC.PY sensi multiplier[HEFABrownfield]:CHC.progress ratios commercial[Thermochem],interaction,dynamic_discovery,0.02953501208852259,0.02953501208852259,1.8108160129538018,1.8777561378399426,0.44910564199698244,False,False
289,71,0.8027777777777778,OHC.Mature Industry Rate of Return as PCT[HEFA],numeric,model_factors,0.03170948671653295,0.03170948671653295,1.8425254996703346,1.9094656245564754,0.445738852958249,False,False
290,70,0.8055555555555556,CHC.Mature Industry Rate of Return as PCT[Brownfield]:CHC.PY sensi multiplier[Brownfield],interaction,dynamic_discovery,0.032390857256190245,0.032390857256190245,1.8749163569265248,1.9418564818126656,0.44224003003182916,False,False
291,69,0.8083333333333333,WW.PY sensi multiplier[SludgeToHTL]:WW.FCI  sensi multiplier[SludgeToHTL],interaction,dynamic_discovery,0.03300275490173167,0.03300275490173167,1.9079191118282566,1.9748592367143973,0.43862263546148744,False,False
292,68,0.8111111111111111,CHC.PY sensi multiplier[Thermochem]:CHC.initial indices of Commercial Maturity[Thermochem],interaction,dynamic_discovery,0.033415819966455027,0.033415819966455027,1.9413349317947115,2.0082750566808523,0.4349251984132448,False,False
293,67,0.8138888888888889,CHC.PY sensi multiplier[Biochem],numeric,model_factors,0.03354163484138145,0.03354163484138145,1.974876566636093,2.041816691522234,0.4312033813454702,False,False
294,66,0.8166666666666667,OHC.FCI  sensi multiplier[HEFA],numeric,model_factors,0.035106818329738235,0.035106818329738235,2.0099833849658313,2.076923509851972,0.4271782678348902,False,False
295,65,0.8194444444444444,WW.PY sensi multiplier[ManureToHTL]_sq,transformation,dynamic_discovery,0.035198401776670066,0.035198401776670066,2.0451817867425013,2.112121911628642,0.42313540756561974,False,False
296,64,0.8222222222222222,CHC.PY sensi multiplier[Brownfield]:CHC.progress ratios commercial[Brownfield],interaction,dynamic_discovery,0.03564774320609081,0.03564774320609081,2.080829529948592,2.147769654834733,0.41900547529606164,False,False
297,63,0.825,SE.PY sensi multiplier[Jet],numeric,model_factors,0.03629670489265516,0.03629670489265516,2.117126234841247,2.184066359727388,0.4147497892266992,False,False
298,62,0.8277777777777777,WW.PY sensi multiplier[SludgeToHTL]:WW.ORNOOC sensi multiplier[SludgeToHTL],interaction,dynamic_discovery,0.03651512698826391,0.03651512698826391,2.153641361829511,2.220581486715652,0.41045177799538535,False,False
299,61,0.8305555555555556,AHC.PY sensi multiplier[HTL]_sq,transformation,dynamic_discovery,0.036664537880428685,0.036664537880428685,2.19030589970994,2.2572460245960806,0.40612481438088655,False,False
300,60,0.8333333333333334,OHC.Retirement Frac[TransEster],numeric,model_factors,0.036883493915431706,0.036883493915431706,2.2271893936253715,2.2941295185115123,0.40175542213930254,False,False
301,59,0.8361111111111111,SE.Max Jet Investment Hit Rate,numeric,model_factors,0.03711789598814691,0.03711789598814691,2.2643072896135186,2.3312474144996593,0.3973406081849484,False,False
302,58,0.8388888888888889,CHC.FCI  sensi multiplier[Brownfield],numeric,model_factors,0.03721332838246322,0.03721332838246322,2.301520617995982,2.3684607428821227,0.39290730163471654,False,False
303,57,0.8416666666666667,OHC.PY sensi multiplier[HEFA]:OHC.FCI  sensi multiplier[HEFA],interaction,dynamic_discovery,0.03730592228713438,0.03730592228713438,2.3388265402831165,2.4057666651692573,0.38845605252240106,False,False
304,56,0.8444444444444444,CHC.initial indices of Commercial Maturity[Brownfield],numeric,model_factors,0.03779173447532093,0.03779173447532093,2.3766182747584375,2.443558399644578,0.38391066421832654,False,False
305,55,0.8472222222222222,CHC.initial indices of Commercial Maturity[Brownfield]:CHC.PY sensi multiplier[Brownfield],interaction,dynamic_discovery,0.0378143553452337,0.0378143553452337,2.414432630103671,2.481372754989812,0.3793608925116486,False,False
306,54,0.85,SE.Max Jet Investment Hit Rate_log1p,transformation,dynamic_discovery,0.03913361458423065,0.03913361458423065,2.453566244687902,2.5205063695740426,0.37455547880689033,False,False
307,53,0.8527777777777777,CHC.Mature Industry Rate of Return as PCT[Thermochem]:CHC.progress ratios commercial[Thermochem],interaction,dynamic_discovery,0.04021252726032078,0.04021252726032078,2.4937787719482225,2.5607188968343633,0.36954099672184954,False,False
308,52,0.8555555555555555,CHC.progress ratios commercial[Thermochem]_sq,transformation,dynamic_discovery,0.040636460309046926,0.040636460309046926,2.5344152322572695,2.6013553571434103,0.3644443661943911,False,False
309,51,0.8583333333333333,AHC.FCI  sensi multiplier[HTL],numeric,model_factors,0.041715495959066484,0.041715495959066484,2.576130728216336,2.643070853102477,0.3591386434571402,False,False
310,50,0.8611111111111112,CHC.initial indices of Commercial Maturity[Thermochem]_log1p,transformation,dynamic_discovery,0.04223197133644317,0.04223197133644317,2.618362699552779,2.68530282443892,0.3537328397096309,False,False
311,49,0.8638888888888889,OHC.PY sensi multiplier[HEFA]:OHC.ORNOOC sensi multiplier[HEFA],interaction,dynamic_discovery,0.042380306812859175,0.042380306812859175,2.6607430063656383,2.727683131251779,0.34829829196969264,False,False
312,48,0.8666666666666667,OHC.progress ratios commercial[HEFA]:WW.progress ratios commercial[ManureToHTL],interaction,dynamic_discovery,0.04474796816308341,0.04474796816308341,2.705490974528722,2.7724310994148627,0.3424049460948184,False,False
313,47,0.8694444444444445,WW.FCI  sensi multiplier[SludgeToHTL],numeric,model_factors,0.044767176036012296,0.044767176036012296,2.750258150564734,2.817198275450875,0.3365078781774,False,False
314,46,0.8722222222222222,OHC.ORNOOC sensi multiplier[HEFA],numeric,model_factors,0.04525925173090048,0.04525925173090048,2.7955174022956344,2.862457527181775,0.33051545734515686,False,False
315,45,0.875,CHC.PY sensi multiplier[Thermochem]:WW.progress ratios commercial[SludgeToHTL],interaction,dynamic_discovery,0.0453470751925199,0.0453470751925199,2.840864477488154,2.907804602374295,0.3245060183526134,False,False
316,44,0.8777777777777778,WW.PY sensi multiplier[SludgeToHTL]:CHC.PY sensi multiplier[Thermochem],interaction,dynamic_discovery,0.0462703020084248,0.0462703020084248,2.887134779496579,2.9540749043827197,0.3183176793069775,False,False
317,43,0.8805555555555555,WW.progress ratios commercial[SludgeToHTL]:WW.ORNOOC sensi multiplier[SludgeToHTL],interaction,dynamic_discovery,0.04639926742281861,0.04639926742281861,2.9335340469193976,3.0004741718055383,0.3121043497399608,False,False
318,42,0.8833333333333333,AHC.PY sensi multiplier[HEFA]_sq,transformation,dynamic_discovery,0.05148896375837393,0.05148896375837393,2.9850230106777715,3.0519631355639123,0.3049047544699025,False,False
319,41,0.8861111111111111,WW.PY sensi multiplier[SludgeToHTL]:WW.Mature Industry Rate of Return as PCT[SludgeToHTL],interaction,dynamic_discovery,0.05172348620094831,0.05172348620094831,3.03674649687872,3.1036866217648607,0.29765971416217296,False,False
320,40,0.8888888888888888,OHC.PY sensi multiplier[HEFA]:CHC.PY sensi multiplier[Thermochem],interaction,dynamic_discovery,0.052308215616398576,0.052308215616398576,3.0890547124951184,3.155994837381259,0.29030136678659535,False,False
321,39,0.8916666666666667,OHC.progress ratios commercial[HEFA]:CHC.progress ratios commercial[Brownfield],interaction,dynamic_discovery,0.05516927328724083,0.05516927328724083,3.144223985782359,3.2111641106685,0.28238861245446467,False,False
322,38,0.8944444444444445,WW.progress ratios commercial[SludgeToHTL]:WW.FCI  sensi multiplier[SludgeToHTL],interaction,dynamic_discovery,0.05891138872173585,0.05891138872173585,3.203135374504095,3.2700754993902357,0.27375072250194654,False,False
323,37,0.8972222222222223,OHC.PY sensi multiplier[HEFABrownfield]:OHC.progress ratios commercial[HEFA],interaction,dynamic_discovery,0.05970055044335973,0.05970055044335973,3.2628359249474546,3.3297760498335953,0.2649599112180018,False,False
324,36,0.9,WW.progress ratios commercial[ManureToHTL],numeric,model_factors,0.06467561343063147,0.06467561343063147,3.327511538378086,3.3944516632642268,0.255205047528702,False,False
325,35,0.9027777777777778,CHC.initial indices of Commercial Maturity[Thermochem],numeric,model_factors,0.07269055435735491,0.07269055435735491,3.400202092735441,3.4671422176215816,0.24389707323578713,False,False
326,34,0.9055555555555556,WW.Mature Industry Rate of Return as PCT[SludgeToHTL],numeric,model_factors,0.07580335172460786,0.07580335172460786,3.4760054444600486,3.5429455693461893,0.23198591064214913,False,False
327,33,0.9083333333333333,CHC.Mature Industry Rate of Return as PCT[Brownfield],numeric,model_factors,0.08487040205761165,0.08487040205761165,3.56087584651766,3.627815971403801,0.2183177629198063,False,False
328,32,0.9111111111111111,CHC.PY sensi multiplier[Thermochem]:CHC.Mature Industry Rate of Return as PCT[Thermochem],interaction,dynamic_discovery,0.08668835811305692,0.08668835811305692,3.6475642046307173,3.714504329516858,0.2042973372639849,False,False
329,31,0.9138888888888889,WW.progress ratios commercial[SludgeToHTL]:WW.Mature Industry Rate of Return as PCT[SludgeToHTL],interaction,dynamic_discovery,0.08842739341065489,0.08842739341065489,3.7359915980413723,3.802931722927513,0.18993992669642767,False,False
330,30,0.9166666666666666,CHC.PY sensi multiplier[Thermochem]:CHC.FCI  sensi multiplier[Thermochem],interaction,dynamic_discovery,0.09121786494497822,0.09121786494497822,3.8272094629863505,3.894149587872491,0.175041787136771,False,False
331,29,0.9194444444444444,CHC.progress ratios commercial[Brownfield],numeric,model_factors,0.09270838219487718,0.09270838219487718,3.9199178451812275,3.9868579700673683,0.15985481972836857,False,False
332,28,0.9222222222222223,AHC.PY sensi multiplier[HTL],numeric,model_factors,0.09693096208191015,0.09693096208191015,4.016848807263138,4.083788932149279,0.14384961377558758,False,False
333,27,0.925,WW.ORNOOC sensi multiplier[SludgeToHTL],numeric,model_factors,0.09788260266472981,0.09788260266472981,4.114731409927868,4.181671534814008,0.12766000183734505,False,False
334,26,0.9277777777777778,WW.progress ratios commercial[SludgeToHTL]:OHC.progress ratios commercial[HEFA],interaction,dynamic_discovery,0.10084486296930681,0.10084486296930681,4.215576272897175,4.282516397783315,0.11089637220742277,False,False
335,25,0.9305555555555556,CHC.Mature Industry Rate of Return as PCT[Thermochem],numeric,model_factors,0.10320381504508094,0.10320381504508094,4.3187800879422555,4.385720212828396,0.09367563209898289,False,False
336,24,0.9333333333333333,CHC.PY sensi multiplier[Thermochem]_sq,transformation,dynamic_discovery,0.10606980419539894,0.10606980419539894,4.4248498921376545,4.491790017023796,0.07589952942706324,False,False
337,23,0.9361111111111111,OHC.progress ratios commercial[HEFABrownfield],numeric,model_factors,0.1119146385707879,0.1119146385707879,4.536764530708442,4.6037046555945835,0.056990832725095864,False,False
338,22,0.9388888888888889,OHC.progress ratios commercial[HEFA]:OHC.progress ratios commercial[HEFABrownfield],interaction,dynamic_discovery,0.11339985141293765,0.11339985141293765,4.65016438212138,4.717104507007521,0.0377943360462033,False,False
339,21,0.9416666666666667,WW.Mature Industry Rate of Return as PCT[SludgeToHTL]_sqrt,transformation,dynamic_discovery,0.1185786076615821,0.1185786076615821,4.768742989782962,4.835683114669102,0.017594315908205815,False,False
340,20,0.9444444444444444,WW.PY sensi multiplier[ManureToHTL],numeric,model_factors,0.12586761241687952,0.12586761241687952,4.894610602199841,4.9615507270859815,-0.004018145154653596,False,False
341,19,0.9472222222222222,CHC.Mature Industry Rate of Return as PCT[Brownfield]_sqrt,transformation,dynamic_discovery,0.1269379715369458,0.1269379715369458,5.021548573736787,5.088488698622928,-0.025838017116014966,False,False
342,18,0.95,OHC.PY sensi multiplier[HEFA]:OHC.progress ratios commercial[HEFA],interaction,dynamic_discovery,0.1323127943533538,0.1323127943533538,5.153861368090141,5.220801492976282,-0.04869940571299891,False,False
343,17,0.9527777777777777,CHC.PY sensi multiplier[Thermochem]:CHC.progress ratios commercial[Thermochem],interaction,dynamic_discovery,0.1342362399133803,0.1342362399133803,5.288097608003521,5.355037732889661,-0.047222222222222276,False,False
344,16,0.9555555555555556,CHC.Mature Industry Rate of Return as PCT[Thermochem]_sqrt,transformation,dynamic_discovery,0.14454817714944862,0.14454817714944862,5.432645785152969,5.4995859100391105,-0.0444444444444444,False,False
345,15,0.9583333333333334,CHC.PY sensi multiplier[Brownfield],numeric,model_factors,0.14679389635532067,0.14679389635532067,5.57943968150829,5.64637980639443,-0.04166666666666663,False,False
346,14,0.9611111111111111,AHC.PY sensi multiplier[HEFA],numeric,model_factors,0.14791414413817267,0.14791414413817267,5.727353825646462,5.794293950532603,-0.03888888888888886,False,False
347,13,0.9638888888888889,OHC.PY sensi multiplier[HEFABrownfield]:OHC.PY sensi multiplier[HEFA],interaction,dynamic_discovery,0.16800134085393065,0.16800134085393065,5.8953551665003925,5.962295291386534,-0.036111111111111094,False,False
348,12,0.9666666666666667,CHC.FCI  sensi multiplier[Thermochem]_log1p,transformation,dynamic_discovery,0.17204986894551455,0.17204986894551455,6.067405035445907,6.134345160332048,-0.033333333333333326,False,False
349,11,0.9694444444444444,CHC.FCI  sensi multiplier[Thermochem],numeric,model_factors,0.18959759888395467,0.18959759888395467,6.2570026343298615,6.323942759216003,-0.030555555555555558,False,False
350,10,0.9722222222222222,WW.PY sensi multiplier[SludgeToHTL]:WW.progress ratios commercial[SludgeToHTL],interaction,dynamic_discovery,0.2008217537908925,0.2008217537908925,6.457824388120754,6.524764513006895,-0.02777777777777779,False,False
351,9,0.975,WW.progress ratios commercial[SludgeToHTL]_sq,transformation,dynamic_discovery,0.20437354872642055,0.20437354872642055,6.662197936847174,6.729138061733314,-0.025000000000000022,False,False
352,8,0.9777777777777777,WW.progress ratios commercial[SludgeToHTL],numeric,model_factors,0.24041899169059538,0.24041899169059538,6.902616928537769,6.969557053423911,-0.022222222222222254,False,False
353,7,0.9805555555555555,OHC.PY sensi multiplier[HEFA]_inv,transformation,dynamic_discovery,0.25240831817632187,0.25240831817632187,7.155025246714091,7.221965371600232,-0.019444444444444486,False,False
354,6,0.9833333333333333,CHC.PY sensi multiplier[Thermochem],numeric,model_factors,0.34034479855489197,0.34034479855489197,7.495370045268983,7.562310170155124,-0.01666666666666672,False,False
355,5,0.9861111111111112,OHC.progress ratios commercial[HEFA],numeric,model_factors,0.43973909688781276,0.43973909688781276,7.935109142156795,8.002049267042937,-0.01388888888888884,False,False
356,4,0.9888888888888889,WW.PY sensi multiplier[SludgeToHTL]_sqrt,transformation,dynamic_discovery,0.6165227330878508,0.6165227330878508,8.551631875244647,8.618572000130788,-0.011111111111111072,False,False
357,3,0.9916666666666667,OHC.PY sensi multiplier[HEFABrownfield],numeric,model_factors,0.6184018260094064,0.6184018260094064,9.170033701254054,9.236973826140195,-0.008333333333333304,False,False
358,2,0.9944444444444445,WW.PY sensi multiplier[SludgeToHTL],numeric,model_factors,0.6644012137197703,0.6644012137197703,9.834434914973825,9.901375039859966,-0.005555555555555536,False,False
359,1,0.9972222222222222,OHC.PY sensi multiplier[HEFA],numeric,model_factors,0.6760426760439504,0.6760426760439504,10.510477591017775,10.577417715903916,-0.002777777777777768,False,False
360,0,1.0,OHC.PY sensi multiplier[HEFABrownfield]_log1p,transformation,dynamic_discovery,0.8258036770270846,0.8258036770270846,11.336281268044859,11.403221392931,0.0,False,False
