module_a,module_b,count
Algal Hydrocarbons,Algal Hydrocarbons,3
Algal Hydrocarbons,Oil Hydrocarbons,4
Algal Hydrocarbons,Wet Waste Hydrocarbons,12
Cellulosic Hydrocarbons,Cellulosic Hydrocarbons,38
Cellulosic Hydrocarbons,Oil Hydrocarbons,14
Cellulosic Hydrocarbons,Starch Ethanol Hydrocarbons,4
Cellulosic Hydrocarbons,Wet Waste Hydrocarbons,13
Oil Hydrocarbons,Oil Hydrocarbons,17
Oil Hydrocarbons,Starch Ethanol Hydrocarbons,3
Oil Hydrocarbons,Wet Waste Hydrocarbons,14
Starch Ethanol Hydrocarbons,Starch Ethanol Hydrocarbons,6
Starch Ethanol Hydrocarbons,Wet Waste Hydrocarbons,4
Wet Waste Hydrocarbons,Wet Waste Hydrocarbons,27
